cart_value_usd,past_return_rate,size_bracketing_flag,delivery_days_taken,discount_pct_applied,product_category,fit_review_sentiment,newsletter_subscriber,browser_used,checkout_device,packaging_color,loyalty_card_color,return_risk_label
172.17,0.233,1,11,10,Footwear,True-to-Size,1,Safari,Android-App,Kraft-Brown,Platinum,1
213.55,0.235,1,6,40,Accessories,True-to-Size,0,Firefox,Android-App,Branded-Teal,Silver,0
371.7,0.461,1,11,40,Formal-Eveningwear,True-to-Size,0,Firefox,iOS-App,Kraft-Brown,Gold,1
317.18,0.08,0,1,20,Footwear,Inconsistent-Sizing,0,Firefox,iOS-App,Kraft-Brown,Gold,1
152.68,0.133,0,3,40,Accessories,True-to-Size,0,Edge,iOS-App,Branded-Teal,Silver,0
212.06,0.651,0,11,50,Accessories,Inconsistent-Sizing,1,Edge,iOS-App,Minimal-White,Silver,1
264.49,0.08,0,1,30,Casual-Tops,True-to-Size,1,Safari,Desktop-Web,Branded-Teal,Silver,0
380.61,0.043,1,9,40,Formal-Eveningwear,True-to-Size,1,Firefox,iOS-App,Kraft-Brown,Platinum,1
115.27,0.043,0,5,0,Footwear,Runs-Slightly-Small,1,Firefox,Desktop-Web,Branded-Teal,Silver,0
413.66,0.068,0,7,40,Footwear,True-to-Size,0,Edge,Android-App,Minimal-White,Gold,0
159.05,0.063,1,6,10,Accessories,Runs-Slightly-Small,1,Chrome,Android-App,Minimal-White,Silver,1
355.76,0.304,0,6,40,Casual-Tops,True-to-Size,1,Firefox,Desktop-Web,Kraft-Brown,Gold,0
248.02,0.186,0,10,50,Footwear,Runs-Slightly-Small,0,Firefox,iOS-App,Kraft-Brown,Platinum,1
173.29,0.277,1,1,10,Accessories,True-to-Size,0,Firefox,Desktop-Web,Kraft-Brown,Gold,0
261.85,0.385,1,4,50,Casual-Tops,True-to-Size,0,Chrome,iOS-App,Kraft-Brown,Platinum,1
231.49,0.436,1,4,0,Footwear,Runs-Slightly-Small,1,Edge,Desktop-Web,Kraft-Brown,Platinum,1
89.8,0.086,0,6,20,Casual-Tops,Inconsistent-Sizing,0,Firefox,iOS-App,Branded-Teal,Gold,0
215.18,0.473,0,9,30,Casual-Tops,Runs-Slightly-Small,1,Edge,Android-App,Branded-Teal,Platinum,1
419.33,0.027,1,3,50,Casual-Tops,True-to-Size,1,Safari,iOS-App,Minimal-White,Platinum,1
304.73,0.693,0,6,30,Casual-Tops,True-to-Size,0,Edge,Desktop-Web,Minimal-White,Platinum,1
75.98,0.273,0,9,30,Footwear,Runs-Slightly-Small,0,Safari,iOS-App,Kraft-Brown,Platinum,1
323.12,0.107,0,11,40,Casual-Tops,Runs-Slightly-Small,0,Edge,iOS-App,Minimal-White,Gold,1
322.24,0.081,0,4,20,Casual-Tops,Runs-Slightly-Small,1,Edge,iOS-App,Minimal-White,Silver,0
235.35,0.353,0,4,0,Casual-Tops,True-to-Size,1,Safari,iOS-App,Branded-Teal,Platinum,0
37.5,0.257,0,5,20,Footwear,Runs-Slightly-Small,0,Edge,Desktop-Web,Minimal-White,Platinum,0
260.59,0.305,1,4,40,Casual-Tops,True-to-Size,1,Firefox,Android-App,Branded-Teal,Gold,1
145,0.607,1,10,50,Accessories,True-to-Size,0,Safari,Desktop-Web,Kraft-Brown,Gold,1
255.65,0.243,0,10,20,Footwear,True-to-Size,1,Edge,Desktop-Web,Minimal-White,Silver,1
186.63,0.396,0,8,0,Footwear,True-to-Size,0,Edge,iOS-App,Kraft-Brown,Gold,1
196.09,0.389,0,7,20,Casual-Tops,Runs-Slightly-Small,0,Safari,Android-App,Kraft-Brown,Silver,1
423.44,0.751,1,7,20,Accessories,Inconsistent-Sizing,0,Edge,Desktop-Web,Branded-Teal,Silver,1
426.23,0.133,1,11,50,Formal-Eveningwear,True-to-Size,1,Chrome,Desktop-Web,Minimal-White,Gold,1
98.3,0.189,0,8,0,Accessories,Runs-Slightly-Small,0,Edge,iOS-App,Kraft-Brown,Platinum,0
129.92,0.077,0,6,0,Casual-Tops,Runs-Slightly-Small,0,Safari,iOS-App,Kraft-Brown,Gold,0
443.4,0.473,0,11,30,Footwear,Runs-Slightly-Small,1,Chrome,iOS-App,Kraft-Brown,Gold,1
261.29,0.132,1,5,30,Formal-Eveningwear,Runs-Slightly-Small,0,Edge,iOS-App,Minimal-White,Silver,1
317.35,0.399,0,2,20,Footwear,Inconsistent-Sizing,0,Safari,iOS-App,Branded-Teal,Silver,1
274.99,0.321,0,1,40,Formal-Eveningwear,Runs-Slightly-Small,0,Firefox,iOS-App,Kraft-Brown,Gold,1
76.95,0.141,0,4,0,Casual-Tops,True-to-Size,0,Edge,iOS-App,Minimal-White,Gold,0
259.93,0.169,0,2,0,Casual-Tops,True-to-Size,1,Chrome,Desktop-Web,Minimal-White,Gold,0
43.34,0.273,1,3,30,Casual-Tops,Runs-Slightly-Small,0,Chrome,iOS-App,Minimal-White,Gold,0
25.44,0.348,0,2,0,Casual-Tops,True-to-Size,0,Firefox,Desktop-Web,Kraft-Brown,Gold,0
33.38,0.232,0,9,50,Footwear,True-to-Size,1,Safari,Desktop-Web,Minimal-White,Platinum,0
238.93,0.24,1,11,20,Casual-Tops,True-to-Size,0,Firefox,iOS-App,Branded-Teal,Gold,1
62.92,0.156,0,9,0,Formal-Eveningwear,True-to-Size,1,Safari,Android-App,Kraft-Brown,Gold,1
39.92,0.233,0,4,50,Casual-Tops,True-to-Size,1,Firefox,Android-App,Branded-Teal,Gold,0
66.08,0.268,1,8,20,Casual-Tops,True-to-Size,0,Firefox,Desktop-Web,Branded-Teal,Silver,0
247.77,0.327,0,6,40,Accessories,True-to-Size,1,Firefox,Android-App,Branded-Teal,Gold,0
293.81,0.166,0,4,40,Footwear,True-to-Size,1,Chrome,Desktop-Web,Branded-Teal,Platinum,0
116.59,0.238,0,7,50,Formal-Eveningwear,True-to-Size,1,Edge,iOS-App,Kraft-Brown,Gold,0
413.91,0.455,1,2,10,Accessories,Inconsistent-Sizing,1,Firefox,Android-App,Branded-Teal,Gold,1
102.31,0.336,0,11,30,Formal-Eveningwear,True-to-Size,0,Firefox,Android-App,Minimal-White,Platinum,1
209.08,0.098,0,10,30,Casual-Tops,True-to-Size,0,Edge,Android-App,Kraft-Brown,Silver,0
296.97,0.062,1,11,50,Casual-Tops,True-to-Size,0,Edge,Android-App,Minimal-White,Gold,1
290.24,0.311,1,1,50,Casual-Tops,True-to-Size,1,Firefox,iOS-App,Branded-Teal,Platinum,0
112.13,0.358,0,9,30,Accessories,True-to-Size,0,Edge,iOS-App,Branded-Teal,Gold,0
108.66,0.42,0,7,30,Casual-Tops,True-to-Size,1,Chrome,Android-App,Kraft-Brown,Gold,0
134.03,0.073,1,1,10,Formal-Eveningwear,True-to-Size,0,Edge,iOS-App,Minimal-White,Platinum,1
265.78,0.231,0,9,40,Casual-Tops,True-to-Size,0,Chrome,Desktop-Web,Branded-Teal,Silver,0
381.41,0.443,1,1,10,Casual-Tops,True-to-Size,1,Firefox,Desktop-Web,Minimal-White,Silver,1
98.64,0.513,0,9,20,Accessories,Runs-Slightly-Small,0,Firefox,Desktop-Web,Branded-Teal,Gold,0
232.35,0.648,0,4,30,Casual-Tops,True-to-Size,0,Safari,Desktop-Web,Kraft-Brown,Platinum,0
118.77,0.282,0,9,0,Accessories,True-to-Size,1,Edge,Android-App,Branded-Teal,Gold,0
356.44,0.052,1,1,10,Casual-Tops,True-to-Size,1,Edge,Desktop-Web,Kraft-Brown,Gold,1
193.02,0.114,0,4,40,Formal-Eveningwear,True-to-Size,1,Chrome,iOS-App,Kraft-Brown,Gold,0
90.64,0.101,0,5,50,Accessories,True-to-Size,0,Safari,Desktop-Web,Branded-Teal,Gold,0
310.85,0.154,0,6,30,Accessories,True-to-Size,1,Firefox,Android-App,Kraft-Brown,Silver,0
254.37,0.621,0,5,0,Accessories,True-to-Size,1,Chrome,Desktop-Web,Branded-Teal,Platinum,0
307.26,0.181,1,10,0,Casual-Tops,True-to-Size,1,Chrome,Desktop-Web,Branded-Teal,Gold,1
117.68,0.395,1,5,10,Footwear,True-to-Size,1,Safari,iOS-App,Branded-Teal,Gold,1
137.56,0.512,1,11,10,Footwear,Inconsistent-Sizing,1,Safari,iOS-App,Branded-Teal,Gold,1
161.69,0.661,0,3,10,Footwear,Inconsistent-Sizing,0,Safari,Android-App,Branded-Teal,Gold,1
383.65,0.338,0,6,20,Footwear,True-to-Size,0,Safari,Desktop-Web,Kraft-Brown,Silver,1
148.33,0.419,1,11,40,Formal-Eveningwear,True-to-Size,0,Firefox,Desktop-Web,Kraft-Brown,Silver,1
317.77,0.341,0,4,40,Accessories,True-to-Size,0,Safari,iOS-App,Branded-Teal,Silver,0
292.15,0.212,0,9,30,Footwear,True-to-Size,0,Chrome,iOS-App,Minimal-White,Silver,1
310.17,0.054,1,8,0,Formal-Eveningwear,Inconsistent-Sizing,1,Edge,iOS-App,Minimal-White,Silver,1
213.12,0.388,0,7,0,Accessories,True-to-Size,0,Edge,iOS-App,Minimal-White,Platinum,0
345.96,0.262,0,1,10,Accessories,Runs-Slightly-Small,0,Chrome,Android-App,Minimal-White,Silver,0
229.62,0.463,0,10,0,Footwear,Runs-Slightly-Small,1,Firefox,iOS-App,Kraft-Brown,Platinum,1
135.19,0.11,0,1,50,Formal-Eveningwear,True-to-Size,1,Safari,Android-App,Branded-Teal,Gold,0
237.09,0.102,1,10,20,Formal-Eveningwear,True-to-Size,0,Safari,Desktop-Web,Branded-Teal,Platinum,1
316.73,0.303,1,3,50,Formal-Eveningwear,Runs-Slightly-Small,0,Firefox,Android-App,Branded-Teal,Silver,1
75.65,0.303,0,4,0,Casual-Tops,True-to-Size,1,Edge,Android-App,Branded-Teal,Gold,0
335.35,0.105,0,11,40,Casual-Tops,Runs-Slightly-Small,0,Firefox,iOS-App,Branded-Teal,Silver,1
241.54,0.273,1,4,10,Formal-Eveningwear,True-to-Size,0,Chrome,Android-App,Kraft-Brown,Platinum,1
409.24,0.23,0,3,10,Casual-Tops,True-to-Size,1,Chrome,iOS-App,Minimal-White,Platinum,0
247.73,0.182,0,6,0,Casual-Tops,True-to-Size,1,Firefox,Desktop-Web,Minimal-White,Silver,0
399.76,0.086,1,11,0,Formal-Eveningwear,True-to-Size,1,Edge,iOS-App,Branded-Teal,Platinum,1
100.77,0.243,0,8,40,Casual-Tops,Runs-Slightly-Small,1,Safari,Desktop-Web,Minimal-White,Gold,0
81.97,0.085,0,2,50,Footwear,Runs-Slightly-Small,0,Edge,Desktop-Web,Minimal-White,Gold,0
234.65,0.21,0,11,0,Casual-Tops,True-to-Size,1,Edge,Desktop-Web,Kraft-Brown,Gold,1
26.54,0.273,0,2,30,Casual-Tops,True-to-Size,0,Firefox,Android-App,Branded-Teal,Silver,0
235.67,0.364,0,7,0,Casual-Tops,Runs-Slightly-Small,0,Firefox,Android-App,Minimal-White,Platinum,1
69.81,0.56,1,4,30,Footwear,True-to-Size,1,Firefox,Android-App,Kraft-Brown,Platinum,1
378.9,0.191,0,1,20,Footwear,Runs-Slightly-Small,0,Firefox,iOS-App,Kraft-Brown,Silver,1
348.68,0.373,0,4,0,Footwear,True-to-Size,1,Firefox,iOS-App,Minimal-White,Platinum,1
217.32,0.074,0,10,20,Casual-Tops,Inconsistent-Sizing,0,Firefox,Android-App,Branded-Teal,Silver,1
79.58,0.326,0,4,0,Casual-Tops,True-to-Size,0,Edge,iOS-App,Kraft-Brown,Silver,0
370.15,0.092,1,2,20,Footwear,Inconsistent-Sizing,0,Safari,iOS-App,Branded-Teal,Platinum,1
448.84,0.144,0,9,30,Casual-Tops,Runs-Slightly-Small,1,Edge,Android-App,Minimal-White,Gold,1
243.37,0.386,0,1,20,Casual-Tops,True-to-Size,1,Firefox,iOS-App,Kraft-Brown,Platinum,0
167.84,0.258,0,4,0,Accessories,Inconsistent-Sizing,1,Firefox,iOS-App,Minimal-White,Gold,0
199.52,0.478,1,6,40,Formal-Eveningwear,Runs-Slightly-Small,0,Edge,Desktop-Web,Branded-Teal,Platinum,1
361.2,0.368,1,2,50,Casual-Tops,Inconsistent-Sizing,0,Edge,iOS-App,Branded-Teal,Gold,1
109.98,0.646,0,11,30,Formal-Eveningwear,Runs-Slightly-Small,1,Edge,Desktop-Web,Branded-Teal,Gold,1
97.65,0.287,1,6,50,Footwear,True-to-Size,0,Safari,iOS-App,Minimal-White,Silver,1
113.03,0.493,1,3,0,Formal-Eveningwear,Inconsistent-Sizing,0,Firefox,Desktop-Web,Branded-Teal,Platinum,1
387.37,0.671,0,8,10,Casual-Tops,Inconsistent-Sizing,0,Firefox,Android-App,Branded-Teal,Gold,1
337.47,0.629,0,4,20,Accessories,True-to-Size,1,Chrome,Desktop-Web,Branded-Teal,Silver,0
428.74,0.245,0,5,30,Casual-Tops,Runs-Slightly-Small,0,Safari,Desktop-Web,Branded-Teal,Platinum,1
418.54,0.215,1,3,40,Accessories,True-to-Size,0,Safari,Android-App,Minimal-White,Platinum,1
261.28,0.529,0,10,10,Casual-Tops,Runs-Slightly-Small,1,Edge,Desktop-Web,Minimal-White,Platinum,1
132.76,0.159,1,3,0,Casual-Tops,Inconsistent-Sizing,1,Chrome,Android-App,Branded-Teal,Silver,1
296.76,0.537,0,11,10,Footwear,True-to-Size,1,Chrome,iOS-App,Kraft-Brown,Platinum,1
387.98,0.23,1,7,50,Casual-Tops,True-to-Size,0,Edge,Android-App,Branded-Teal,Platinum,1
380.4,0.299,1,4,20,Accessories,Inconsistent-Sizing,0,Safari,iOS-App,Branded-Teal,Platinum,1
36.56,0.395,1,8,40,Formal-Eveningwear,True-to-Size,0,Firefox,iOS-App,Branded-Teal,Gold,1
444.33,0.217,0,10,0,Casual-Tops,True-to-Size,1,Chrome,Desktop-Web,Kraft-Brown,Platinum,1
214.88,0.204,0,11,20,Accessories,Inconsistent-Sizing,0,Firefox,Desktop-Web,Branded-Teal,Gold,1
124.4,0.342,0,6,10,Casual-Tops,True-to-Size,1,Edge,Android-App,Kraft-Brown,Silver,0
144.71,0.118,0,7,0,Accessories,True-to-Size,0,Safari,Desktop-Web,Branded-Teal,Gold,0
423.5,0.289,1,6,50,Casual-Tops,Runs-Slightly-Small,1,Safari,iOS-App,Branded-Teal,Gold,1
153.83,0.5,0,9,40,Formal-Eveningwear,Inconsistent-Sizing,1,Firefox,Android-App,Kraft-Brown,Platinum,1
197.73,0.432,0,7,0,Accessories,Inconsistent-Sizing,0,Chrome,Android-App,Branded-Teal,Platinum,1
80.64,0.397,0,5,20,Footwear,Inconsistent-Sizing,1,Firefox,Android-App,Minimal-White,Platinum,1
223.3,0.256,0,4,10,Formal-Eveningwear,True-to-Size,1,Firefox,Desktop-Web,Kraft-Brown,Silver,1
299.39,0.172,0,8,30,Accessories,True-to-Size,1,Firefox,Desktop-Web,Minimal-White,Gold,0
224.56,0.444,0,10,40,Footwear,True-to-Size,1,Edge,Android-App,Branded-Teal,Platinum,1
162.3,0.174,1,10,10,Footwear,Inconsistent-Sizing,1,Safari,Desktop-Web,Kraft-Brown,Platinum,1
278.33,0.277,0,3,30,Formal-Eveningwear,Runs-Slightly-Small,1,Chrome,Android-App,Branded-Teal,Silver,1
188.94,0.304,0,5,20,Formal-Eveningwear,Runs-Slightly-Small,0,Chrome,Desktop-Web,Minimal-White,Platinum,1
176.73,0.432,0,9,50,Footwear,True-to-Size,1,Firefox,Android-App,Kraft-Brown,Silver,0
163.59,0.151,0,8,40,Formal-Eveningwear,Inconsistent-Sizing,0,Chrome,Android-App,Branded-Teal,Platinum,1
217.77,0.386,0,5,20,Casual-Tops,True-to-Size,0,Firefox,Desktop-Web,Minimal-White,Gold,0
218.16,0.216,1,10,20,Accessories,True-to-Size,0,Edge,iOS-App,Kraft-Brown,Gold,0
435.58,0.331,1,2,40,Casual-Tops,True-to-Size,1,Firefox,Android-App,Branded-Teal,Platinum,1
106.2,0.486,0,1,10,Casual-Tops,Runs-Slightly-Small,1,Safari,Android-App,Minimal-White,Gold,0
385.74,0.12,0,4,10,Formal-Eveningwear,True-to-Size,0,Firefox,Android-App,Branded-Teal,Platinum,1
354.94,0.257,0,3,50,Casual-Tops,Inconsistent-Sizing,1,Firefox,iOS-App,Branded-Teal,Platinum,1
366.42,0.368,1,11,50,Formal-Eveningwear,Runs-Slightly-Small,0,Firefox,iOS-App,Branded-Teal,Platinum,1
421.01,0.11,0,8,0,Casual-Tops,Runs-Slightly-Small,1,Safari,iOS-App,Kraft-Brown,Silver,1
113.03,0.441,0,4,50,Formal-Eveningwear,True-to-Size,1,Chrome,Desktop-Web,Minimal-White,Silver,0
442.58,0.357,0,9,40,Footwear,Runs-Slightly-Small,1,Firefox,Android-App,Branded-Teal,Silver,1
175.79,0.202,1,5,20,Accessories,Runs-Slightly-Small,1,Firefox,Desktop-Web,Kraft-Brown,Platinum,1
449.86,0.166,0,11,50,Footwear,True-to-Size,1,Safari,Desktop-Web,Branded-Teal,Silver,1
148.17,0.373,0,3,30,Footwear,True-to-Size,0,Chrome,iOS-App,Minimal-White,Silver,0
140.97,0.27,0,9,30,Footwear,Runs-Slightly-Small,0,Edge,iOS-App,Minimal-White,Platinum,1
228.01,0.189,1,6,0,Casual-Tops,True-to-Size,0,Chrome,Android-App,Kraft-Brown,Platinum,1
275.46,0.23,0,3,30,Casual-Tops,Runs-Slightly-Small,1,Firefox,Android-App,Branded-Teal,Gold,0
59.08,0.168,0,7,20,Casual-Tops,True-to-Size,1,Edge,Android-App,Kraft-Brown,Silver,0
120.76,0.033,0,10,20,Accessories,Inconsistent-Sizing,1,Safari,iOS-App,Minimal-White,Silver,0
305.6,0.463,1,3,20,Footwear,True-to-Size,1,Firefox,Desktop-Web,Minimal-White,Gold,1
302.98,0.537,0,2,0,Formal-Eveningwear,Inconsistent-Sizing,1,Chrome,iOS-App,Kraft-Brown,Silver,1
268.51,0.232,0,4,0,Footwear,True-to-Size,1,Firefox,Desktop-Web,Minimal-White,Silver,1
260.99,0.401,0,1,30,Accessories,Inconsistent-Sizing,1,Chrome,Desktop-Web,Kraft-Brown,Silver,0
337.6,0.446,0,2,50,Accessories,Inconsistent-Sizing,0,Chrome,Desktop-Web,Kraft-Brown,Silver,1
409.11,0.208,1,7,50,Casual-Tops,True-to-Size,1,Edge,Desktop-Web,Minimal-White,Silver,1
130.73,0.158,1,1,30,Accessories,Inconsistent-Sizing,0,Firefox,iOS-App,Minimal-White,Platinum,0
251.65,0.191,0,4,10,Casual-Tops,Runs-Slightly-Small,1,Chrome,Desktop-Web,Minimal-White,Platinum,0
217.17,0.418,0,3,40,Casual-Tops,Runs-Slightly-Small,1,Chrome,Desktop-Web,Kraft-Brown,Silver,0
406.22,0.079,0,8,10,Casual-Tops,Inconsistent-Sizing,1,Firefox,Android-App,Branded-Teal,Silver,1
192.84,0.032,0,6,20,Formal-Eveningwear,True-to-Size,0,Safari,iOS-App,Branded-Teal,Gold,0
375.48,0.42,1,3,50,Formal-Eveningwear,Runs-Slightly-Small,1,Edge,Desktop-Web,Kraft-Brown,Gold,1
410.56,0.412,1,11,30,Casual-Tops,Runs-Slightly-Small,0,Edge,iOS-App,Kraft-Brown,Silver,1
311.07,0.432,0,7,50,Footwear,Inconsistent-Sizing,1,Safari,Desktop-Web,Branded-Teal,Gold,1
405.55,0.149,0,4,50,Footwear,True-to-Size,0,Firefox,Android-App,Kraft-Brown,Platinum,0
359.2,0.293,0,11,20,Accessories,True-to-Size,1,Edge,iOS-App,Branded-Teal,Platinum,0
350.35,0.135,0,11,0,Casual-Tops,True-to-Size,1,Chrome,Android-App,Branded-Teal,Gold,1
92.53,0.193,1,4,40,Accessories,True-to-Size,1,Chrome,Android-App,Minimal-White,Silver,0
69.49,0.136,1,2,50,Accessories,True-to-Size,1,Edge,Android-App,Kraft-Brown,Platinum,0
122.3,0.374,1,9,0,Footwear,Runs-Slightly-Small,1,Firefox,iOS-App,Branded-Teal,Gold,1
217.1,0.315,0,11,10,Casual-Tops,Inconsistent-Sizing,0,Safari,iOS-App,Kraft-Brown,Silver,1
196.58,0.368,1,2,40,Casual-Tops,True-to-Size,1,Safari,Desktop-Web,Minimal-White,Platinum,0
85.79,0.145,0,4,50,Casual-Tops,Runs-Slightly-Small,0,Chrome,Desktop-Web,Minimal-White,Gold,0
265.48,0.241,1,4,50,Footwear,Runs-Slightly-Small,1,Edge,iOS-App,Branded-Teal,Platinum,1
263.81,0.153,0,3,0,Casual-Tops,True-to-Size,1,Chrome,Android-App,Kraft-Brown,Silver,0
74.36,0.537,0,6,50,Formal-Eveningwear,Runs-Slightly-Small,1,Chrome,Android-App,Kraft-Brown,Silver,1
106.61,0.138,0,5,30,Footwear,Runs-Slightly-Small,0,Chrome,Android-App,Minimal-White,Gold,0
368.8,0.346,1,5,30,Footwear,Runs-Slightly-Small,1,Edge,Desktop-Web,Branded-Teal,Silver,1
114.62,0.536,0,4,10,Casual-Tops,True-to-Size,1,Firefox,Desktop-Web,Minimal-White,Gold,0
307.48,0.269,0,11,0,Casual-Tops,True-to-Size,1,Safari,Desktop-Web,Branded-Teal,Platinum,1
361.29,0.407,0,11,40,Casual-Tops,Runs-Slightly-Small,0,Firefox,iOS-App,Kraft-Brown,Gold,1
114.14,0.25,0,4,30,Accessories,Runs-Slightly-Small,1,Edge,Desktop-Web,Kraft-Brown,Platinum,0
52.08,0.514,0,6,0,Casual-Tops,Runs-Slightly-Small,0,Edge,Desktop-Web,Kraft-Brown,Gold,1
393.83,0.15,0,3,0,Formal-Eveningwear,True-to-Size,1,Safari,Android-App,Minimal-White,Platinum,1
382,0.102,1,10,50,Footwear,Inconsistent-Sizing,0,Firefox,Desktop-Web,Kraft-Brown,Platinum,1
92.2,0.433,1,8,50,Accessories,True-to-Size,0,Chrome,Android-App,Minimal-White,Silver,0
439.22,0.106,0,2,10,Casual-Tops,Runs-Slightly-Small,0,Edge,iOS-App,Kraft-Brown,Silver,1
372.8,0.341,0,6,10,Formal-Eveningwear,True-to-Size,0,Edge,iOS-App,Branded-Teal,Platinum,1
336.26,0.439,0,10,20,Footwear,True-to-Size,1,Safari,iOS-App,Branded-Teal,Gold,1
154.95,0.149,0,4,10,Footwear,Inconsistent-Sizing,1,Edge,iOS-App,Minimal-White,Platinum,1
167.3,0.574,0,4,0,Accessories,Inconsistent-Sizing,1,Edge,Desktop-Web,Minimal-White,Platinum,1
161.96,0.182,0,10,50,Casual-Tops,True-to-Size,0,Firefox,Android-App,Branded-Teal,Platinum,0
121.75,0.222,0,5,50,Footwear,True-to-Size,0,Chrome,Desktop-Web,Minimal-White,Platinum,0
264.68,0.385,0,8,10,Casual-Tops,Inconsistent-Sizing,1,Chrome,Android-App,Branded-Teal,Gold,1
366.17,0.109,0,7,30,Formal-Eveningwear,Inconsistent-Sizing,0,Safari,Desktop-Web,Branded-Teal,Gold,1
228.1,0.233,1,3,50,Casual-Tops,True-to-Size,0,Chrome,iOS-App,Kraft-Brown,Gold,0
167.02,0.251,0,11,0,Footwear,Runs-Slightly-Small,1,Firefox,iOS-App,Kraft-Brown,Platinum,1
348.09,0.167,0,4,30,Casual-Tops,Runs-Slightly-Small,0,Firefox,Android-App,Branded-Teal,Gold,0
232.34,0.369,1,3,10,Accessories,True-to-Size,0,Safari,iOS-App,Branded-Teal,Platinum,1
148.04,0.321,1,1,0,Accessories,Inconsistent-Sizing,1,Chrome,iOS-App,Kraft-Brown,Gold,1
414.98,0.281,0,9,50,Formal-Eveningwear,Inconsistent-Sizing,0,Firefox,Desktop-Web,Kraft-Brown,Platinum,1
417.77,0.278,1,5,20,Casual-Tops,Runs-Slightly-Small,0,Edge,Android-App,Minimal-White,Gold,1
239.63,0.121,0,11,30,Formal-Eveningwear,Runs-Slightly-Small,1,Edge,Android-App,Kraft-Brown,Silver,1
202.94,0.062,0,10,30,Casual-Tops,True-to-Size,0,Chrome,iOS-App,Minimal-White,Gold,0
109.73,0.343,0,11,30,Casual-Tops,True-to-Size,0,Chrome,iOS-App,Branded-Teal,Platinum,0
297.53,0.381,1,7,30,Accessories,Inconsistent-Sizing,0,Safari,iOS-App,Minimal-White,Platinum,1
260.62,0.322,0,10,0,Footwear,True-to-Size,1,Safari,iOS-App,Minimal-White,Silver,1
39.28,0.344,1,10,50,Formal-Eveningwear,True-to-Size,1,Firefox,Desktop-Web,Kraft-Brown,Platinum,1
431.42,0.281,1,1,10,Casual-Tops,True-to-Size,0,Chrome,Desktop-Web,Branded-Teal,Silver,1
63.31,0.485,0,4,30,Footwear,True-to-Size,1,Safari,iOS-App,Branded-Teal,Platinum,0
149.22,0.219,1,10,0,Casual-Tops,Inconsistent-Sizing,1,Edge,Desktop-Web,Minimal-White,Gold,1
246.54,0.23,0,4,0,Casual-Tops,Runs-Slightly-Small,0,Safari,Desktop-Web,Kraft-Brown,Gold,0
53.8,0.179,0,9,50,Footwear,Runs-Slightly-Small,0,Firefox,Desktop-Web,Minimal-White,Gold,1
422.78,0.153,1,5,30,Formal-Eveningwear,Inconsistent-Sizing,0,Firefox,Desktop-Web,Minimal-White,Gold,1
334.14,0.337,0,3,20,Footwear,Runs-Slightly-Small,0,Edge,Desktop-Web,Branded-Teal,Silver,1
304.48,0.243,0,6,10,Accessories,True-to-Size,1,Safari,Desktop-Web,Kraft-Brown,Platinum,0
314.52,0.167,0,11,0,Footwear,True-to-Size,1,Firefox,Desktop-Web,Branded-Teal,Gold,1
421.32,0.169,0,5,40,Footwear,Runs-Slightly-Small,1,Edge,Android-App,Branded-Teal,Platinum,1
407.37,0.217,0,11,10,Footwear,Inconsistent-Sizing,1,Firefox,iOS-App,Kraft-Brown,Gold,1
58.11,0.463,0,6,30,Formal-Eveningwear,True-to-Size,0,Firefox,Android-App,Kraft-Brown,Gold,0
105.33,0.178,0,5,20,Accessories,True-to-Size,1,Chrome,Desktop-Web,Branded-Teal,Platinum,0
80.34,0.385,0,10,50,Casual-Tops,True-to-Size,0,Edge,Desktop-Web,Minimal-White,Platinum,0
148.56,0.302,0,5,10,Casual-Tops,True-to-Size,1,Firefox,Desktop-Web,Minimal-White,Platinum,0
319.34,0.222,1,10,0,Footwear,Runs-Slightly-Small,0,Safari,iOS-App,Branded-Teal,Silver,1
178.02,0.206,0,9,40,Casual-Tops,True-to-Size,1,Chrome,Android-App,Branded-Teal,Gold,0
273.65,0.112,0,6,30,Casual-Tops,Runs-Slightly-Small,1,Edge,Desktop-Web,Kraft-Brown,Platinum,0
284.52,0.32,0,11,40,Formal-Eveningwear,True-to-Size,0,Firefox,Desktop-Web,Minimal-White,Silver,1
228.62,0.095,1,11,10,Footwear,Runs-Slightly-Small,0,Safari,Desktop-Web,Minimal-White,Platinum,1
209.24,0.692,0,2,50,Accessories,Inconsistent-Sizing,1,Edge,Desktop-Web,Branded-Teal,Silver,0
370.15,0.07,0,3,10,Formal-Eveningwear,True-to-Size,1,Edge,Android-App,Branded-Teal,Silver,0
411.19,0.13,0,8,20,Accessories,True-to-Size,1,Firefox,Desktop-Web,Branded-Teal,Platinum,0
342.97,0.274,0,9,20,Casual-Tops,True-to-Size,0,Firefox,Android-App,Kraft-Brown,Silver,0
243.17,0.238,1,1,30,Footwear,True-to-Size,0,Safari,iOS-App,Kraft-Brown,Gold,1
82.93,0.367,1,9,50,Formal-Eveningwear,Runs-Slightly-Small,0,Firefox,Desktop-Web,Minimal-White,Gold,1
76.93,0.197,0,11,50,Accessories,Inconsistent-Sizing,1,Edge,Desktop-Web,Branded-Teal,Gold,0
286.62,0.493,0,7,10,Casual-Tops,Inconsistent-Sizing,1,Safari,Android-App,Branded-Teal,Silver,1
291.53,0.322,0,5,10,Casual-Tops,True-to-Size,1,Firefox,Desktop-Web,Minimal-White,Platinum,0
72.74,0.122,0,9,0,Accessories,Inconsistent-Sizing,1,Edge,iOS-App,Branded-Teal,Gold,0
411.83,0.228,1,5,10,Footwear,True-to-Size,1,Edge,iOS-App,Branded-Teal,Platinum,1
296.18,0.138,1,8,20,Footwear,Inconsistent-Sizing,0,Firefox,iOS-App,Minimal-White,Gold,1
76.26,0.164,0,3,30,Formal-Eveningwear,Runs-Slightly-Small,1,Firefox,iOS-App,Minimal-White,Silver,0
402.22,0.313,0,4,20,Casual-Tops,True-to-Size,1,Safari,iOS-App,Minimal-White,Gold,0
403.5,0.305,0,6,50,Footwear,True-to-Size,1,Firefox,iOS-App,Minimal-White,Silver,0
299.01,0.679,0,9,30,Footwear,True-to-Size,1,Chrome,iOS-App,Minimal-White,Silver,1
366.42,0.291,0,3,0,Casual-Tops,Runs-Slightly-Small,0,Chrome,iOS-App,Branded-Teal,Platinum,1
261.93,0.389,0,8,30,Accessories,Runs-Slightly-Small,0,Firefox,Android-App,Branded-Teal,Platinum,0
226.93,0.323,0,2,50,Formal-Eveningwear,Runs-Slightly-Small,1,Chrome,Desktop-Web,Minimal-White,Silver,1
379.54,0.187,0,2,10,Casual-Tops,True-to-Size,0,Edge,iOS-App,Branded-Teal,Platinum,0
157.43,0.272,1,11,10,Footwear,True-to-Size,0,Chrome,Android-App,Kraft-Brown,Platinum,1
148.95,0.212,0,4,50,Formal-Eveningwear,True-to-Size,0,Safari,Desktop-Web,Minimal-White,Gold,0
410.24,0.246,0,9,30,Casual-Tops,True-to-Size,1,Edge,Desktop-Web,Minimal-White,Gold,1
340.38,0.378,0,11,10,Formal-Eveningwear,Runs-Slightly-Small,0,Edge,iOS-App,Branded-Teal,Silver,1
63,0.101,1,6,20,Formal-Eveningwear,True-to-Size,0,Chrome,Desktop-Web,Branded-Teal,Silver,1
73.28,0.266,0,5,0,Accessories,Runs-Slightly-Small,0,Firefox,Android-App,Minimal-White,Gold,0
132.17,0.05,0,11,20,Casual-Tops,True-to-Size,1,Chrome,Desktop-Web,Branded-Teal,Gold,0
395.05,0.145,1,7,40,Casual-Tops,True-to-Size,1,Edge,Desktop-Web,Kraft-Brown,Gold,1
323.72,0.295,0,1,40,Formal-Eveningwear,True-to-Size,0,Firefox,Android-App,Kraft-Brown,Gold,0
336.35,0.475,0,1,10,Casual-Tops,True-to-Size,1,Chrome,Android-App,Kraft-Brown,Silver,0
230.37,0.233,0,11,10,Formal-Eveningwear,True-to-Size,1,Safari,Desktop-Web,Kraft-Brown,Platinum,1
191.77,0.229,0,5,10,Formal-Eveningwear,Runs-Slightly-Small,1,Safari,Android-App,Kraft-Brown,Silver,1
214.08,0.488,0,1,20,Formal-Eveningwear,Runs-Slightly-Small,1,Safari,iOS-App,Kraft-Brown,Silver,1
243.79,0.081,1,8,40,Footwear,Inconsistent-Sizing,0,Firefox,Android-App,Kraft-Brown,Gold,1
97.5,0.226,1,2,10,Casual-Tops,Runs-Slightly-Small,1,Firefox,Android-App,Kraft-Brown,Silver,1
48.73,0.21,0,8,10,Accessories,Runs-Slightly-Small,0,Chrome,Android-App,Branded-Teal,Gold,0
446.02,0.219,0,4,30,Formal-Eveningwear,Runs-Slightly-Small,0,Safari,Android-App,Minimal-White,Silver,1
96.02,0.116,0,1,30,Casual-Tops,True-to-Size,1,Chrome,Desktop-Web,Branded-Teal,Gold,0
172.82,0.162,1,10,20,Formal-Eveningwear,Runs-Slightly-Small,0,Firefox,Desktop-Web,Branded-Teal,Platinum,1
348.48,0.137,1,3,30,Formal-Eveningwear,Runs-Slightly-Small,0,Safari,Android-App,Minimal-White,Silver,1
154.61,0.142,0,7,10,Accessories,True-to-Size,1,Chrome,iOS-App,Branded-Teal,Gold,0
281.09,0.309,0,11,0,Footwear,True-to-Size,1,Safari,iOS-App,Minimal-White,Gold,1
351.23,0.296,1,1,30,Footwear,True-to-Size,1,Safari,Desktop-Web,Kraft-Brown,Silver,1
51.51,0.522,1,8,50,Casual-Tops,Inconsistent-Sizing,0,Edge,iOS-App,Kraft-Brown,Silver,1
105.39,0.307,1,9,10,Footwear,Runs-Slightly-Small,1,Safari,iOS-App,Branded-Teal,Gold,1
314.57,0.156,0,1,40,Footwear,True-to-Size,0,Safari,Android-App,Minimal-White,Gold,0
330.62,0.501,0,1,40,Formal-Eveningwear,True-to-Size,0,Safari,Android-App,Branded-Teal,Gold,0
304.06,0.358,0,3,40,Formal-Eveningwear,True-to-Size,1,Safari,Desktop-Web,Branded-Teal,Gold,1
364.77,0.36,0,3,40,Accessories,True-to-Size,1,Firefox,iOS-App,Minimal-White,Platinum,0
182.38,0.088,1,11,40,Casual-Tops,Inconsistent-Sizing,1,Edge,Desktop-Web,Kraft-Brown,Platinum,1
254.05,0.315,0,4,0,Casual-Tops,Runs-Slightly-Small,1,Safari,iOS-App,Minimal-White,Silver,1
154.47,0.35,1,10,50,Formal-Eveningwear,Inconsistent-Sizing,0,Chrome,Desktop-Web,Kraft-Brown,Gold,1
227.26,0.461,1,10,10,Formal-Eveningwear,True-to-Size,1,Safari,Android-App,Minimal-White,Silver,1
288.27,0.537,0,3,10,Formal-Eveningwear,True-to-Size,1,Edge,Android-App,Kraft-Brown,Gold,1
375.08,0.489,1,5,40,Casual-Tops,Runs-Slightly-Small,1,Chrome,Desktop-Web,Minimal-White,Silver,1
219.97,0.274,0,9,0,Footwear,Runs-Slightly-Small,1,Safari,Android-App,Branded-Teal,Gold,1
417.9,0.177,0,4,0,Footwear,True-to-Size,1,Chrome,iOS-App,Minimal-White,Platinum,1
406.55,0.03,0,4,10,Footwear,Inconsistent-Sizing,0,Firefox,Android-App,Kraft-Brown,Platinum,1
79.95,0.086,1,10,0,Formal-Eveningwear,Runs-Slightly-Small,0,Firefox,Desktop-Web,Minimal-White,Gold,1
233.71,0.044,0,6,0,Casual-Tops,True-to-Size,1,Chrome,iOS-App,Minimal-White,Gold,0
260.76,0.104,1,5,30,Casual-Tops,Inconsistent-Sizing,0,Safari,iOS-App,Kraft-Brown,Silver,1
353.53,0.285,0,9,40,Footwear,Runs-Slightly-Small,1,Safari,iOS-App,Branded-Teal,Gold,1
109.47,0.083,0,7,0,Formal-Eveningwear,True-to-Size,0,Safari,Desktop-Web,Branded-Teal,Silver,1
401.28,0.112,0,4,20,Footwear,True-to-Size,0,Firefox,Desktop-Web,Kraft-Brown,Silver,1
288.18,0.349,1,1,40,Footwear,True-to-Size,0,Chrome,iOS-App,Branded-Teal,Silver,1
194.7,0.475,1,4,30,Footwear,True-to-Size,0,Firefox,Android-App,Minimal-White,Platinum,1
79.05,0.341,1,1,0,Casual-Tops,Inconsistent-Sizing,0,Chrome,iOS-App,Branded-Teal,Gold,1
403.47,0.253,1,5,0,Accessories,Runs-Slightly-Small,1,Firefox,Android-App,Branded-Teal,Gold,1
245.99,0.827,0,1,30,Formal-Eveningwear,Runs-Slightly-Small,1,Edge,Android-App,Branded-Teal,Gold,1
382.26,0.16,0,11,50,Footwear,Runs-Slightly-Small,1,Chrome,Android-App,Minimal-White,Platinum,1
112.14,0.558,0,3,50,Casual-Tops,True-to-Size,0,Firefox,Desktop-Web,Kraft-Brown,Silver,0
291.48,0.341,0,3,50,Casual-Tops,Runs-Slightly-Small,1,Firefox,Desktop-Web,Minimal-White,Silver,0
360.17,0.253,1,10,30,Casual-Tops,Runs-Slightly-Small,1,Chrome,Desktop-Web,Branded-Teal,Silver,1
171.04,0.153,0,6,30,Formal-Eveningwear,True-to-Size,1,Firefox,Android-App,Minimal-White,Platinum,0
30.51,0.143,0,10,40,Footwear,Runs-Slightly-Small,1,Chrome,Android-App,Branded-Teal,Silver,0
75.32,0.551,0,5,0,Footwear,True-to-Size,0,Safari,iOS-App,Branded-Teal,Platinum,0
117.55,0.093,0,7,50,Accessories,Runs-Slightly-Small,0,Chrome,Desktop-Web,Minimal-White,Platinum,0
231.16,0.133,0,2,50,Casual-Tops,Inconsistent-Sizing,0,Safari,iOS-App,Branded-Teal,Platinum,0
165.43,0.057,1,3,10,Footwear,True-to-Size,0,Safari,iOS-App,Minimal-White,Platinum,1
322.62,0.348,0,6,50,Accessories,True-to-Size,1,Firefox,Desktop-Web,Minimal-White,Silver,0
246.33,0.271,1,1,40,Formal-Eveningwear,True-to-Size,1,Chrome,iOS-App,Minimal-White,Platinum,1
365.72,0.154,0,4,20,Footwear,True-to-Size,0,Chrome,iOS-App,Minimal-White,Platinum,0
433.7,0.224,0,10,40,Footwear,Inconsistent-Sizing,0,Chrome,Desktop-Web,Minimal-White,Silver,1
412.05,0.195,0,10,30,Formal-Eveningwear,True-to-Size,1,Chrome,Desktop-Web,Kraft-Brown,Gold,1
79.54,0.332,0,11,40,Casual-Tops,True-to-Size,1,Chrome,Desktop-Web,Minimal-White,Platinum,1
67.72,0.288,1,4,30,Footwear,True-to-Size,1,Firefox,Android-App,Branded-Teal,Platinum,1
376.67,0.318,0,2,0,Footwear,Runs-Slightly-Small,1,Chrome,Android-App,Minimal-White,Silver,1
95.46,0.17,1,3,50,Accessories,True-to-Size,0,Edge,Android-App,Minimal-White,Gold,0
437.19,0.518,0,7,0,Casual-Tops,Runs-Slightly-Small,0,Chrome,Desktop-Web,Kraft-Brown,Platinum,1
403.38,0.162,0,5,0,Casual-Tops,True-to-Size,1,Safari,iOS-App,Minimal-White,Gold,0
263.22,0.434,0,5,0,Casual-Tops,True-to-Size,1,Firefox,Android-App,Kraft-Brown,Platinum,0
202.23,0.364,0,6,30,Casual-Tops,Inconsistent-Sizing,0,Firefox,Android-App,Kraft-Brown,Silver,1
438.12,0.289,0,4,20,Casual-Tops,Runs-Slightly-Small,0,Firefox,Desktop-Web,Kraft-Brown,Silver,1
115.72,0.029,0,10,0,Footwear,True-to-Size,1,Firefox,Desktop-Web,Kraft-Brown,Gold,0
299.91,0.369,0,10,10,Footwear,Inconsistent-Sizing,1,Safari,Desktop-Web,Branded-Teal,Gold,1
74.67,0.319,0,8,20,Casual-Tops,Inconsistent-Sizing,1,Edge,Desktop-Web,Minimal-White,Platinum,1
36.83,0.271,1,8,0,Casual-Tops,True-to-Size,1,Safari,iOS-App,Minimal-White,Gold,0
203.87,0.254,0,5,40,Footwear,Runs-Slightly-Small,0,Safari,Android-App,Branded-Teal,Platinum,0
85.19,0.24,0,2,20,Footwear,Inconsistent-Sizing,0,Edge,Android-App,Kraft-Brown,Gold,1
206.87,0.71,1,10,30,Footwear,Runs-Slightly-Small,0,Firefox,Android-App,Branded-Teal,Silver,1
288.7,0.352,0,1,20,Casual-Tops,True-to-Size,0,Edge,Android-App,Minimal-White,Silver,0
289.03,0.416,0,3,0,Accessories,Inconsistent-Sizing,0,Chrome,Desktop-Web,Minimal-White,Silver,1
343.09,0.24,0,2,10,Formal-Eveningwear,Runs-Slightly-Small,1,Edge,Android-App,Minimal-White,Silver,1
190.11,0.761,1,4,30,Formal-Eveningwear,Inconsistent-Sizing,1,Chrome,Android-App,Kraft-Brown,Silver,1
328.63,0.042,0,7,10,Casual-Tops,Runs-Slightly-Small,0,Chrome,iOS-App,Branded-Teal,Platinum,1
259.12,0.232,1,3,0,Footwear,Runs-Slightly-Small,1,Safari,iOS-App,Branded-Teal,Platinum,1
228.51,0.363,0,4,50,Formal-Eveningwear,True-to-Size,0,Edge,Android-App,Branded-Teal,Gold,1
84.43,0.392,0,10,0,Casual-Tops,Inconsistent-Sizing,0,Safari,Android-App,Minimal-White,Silver,1
164.03,0.211,0,11,50,Casual-Tops,Runs-Slightly-Small,1,Chrome,Desktop-Web,Minimal-White,Platinum,0
234.45,0.205,0,4,10,Casual-Tops,True-to-Size,1,Edge,iOS-App,Minimal-White,Silver,0
261.54,0.242,0,2,0,Casual-Tops,Runs-Slightly-Small,1,Firefox,Desktop-Web,Minimal-White,Platinum,0
110.67,0.244,1,5,50,Footwear,True-to-Size,1,Firefox,Desktop-Web,Branded-Teal,Gold,1
44.87,0.423,0,1,10,Footwear,Inconsistent-Sizing,1,Edge,Desktop-Web,Kraft-Brown,Silver,1
348.6,0.069,0,9,40,Casual-Tops,Inconsistent-Sizing,1,Edge,Desktop-Web,Minimal-White,Gold,1
390.62,0.157,1,2,10,Accessories,Inconsistent-Sizing,0,Chrome,iOS-App,Kraft-Brown,Platinum,1
134.04,0.539,0,9,30,Formal-Eveningwear,True-to-Size,0,Safari,Android-App,Minimal-White,Silver,1
100.67,0.251,1,3,0,Casual-Tops,Runs-Slightly-Small,0,Edge,iOS-App,Branded-Teal,Silver,1
303.21,0.508,0,5,30,Casual-Tops,Inconsistent-Sizing,0,Edge,Android-App,Branded-Teal,Gold,1
270.45,0.327,0,6,40,Formal-Eveningwear,True-to-Size,1,Safari,Android-App,Minimal-White,Platinum,1
163.16,0.404,0,4,40,Footwear,Inconsistent-Sizing,0,Firefox,Android-App,Kraft-Brown,Gold,1
310.47,0.349,1,2,50,Formal-Eveningwear,Runs-Slightly-Small,0,Edge,Android-App,Kraft-Brown,Platinum,1
51.34,0.37,0,3,30,Footwear,Inconsistent-Sizing,1,Edge,Desktop-Web,Branded-Teal,Silver,1
347.8,0.194,0,4,10,Accessories,True-to-Size,1,Safari,Desktop-Web,Branded-Teal,Silver,0
201.96,0.174,1,11,30,Formal-Eveningwear,True-to-Size,0,Chrome,Desktop-Web,Minimal-White,Gold,1
262.89,0.447,0,1,50,Footwear,Runs-Slightly-Small,1,Edge,Android-App,Kraft-Brown,Silver,1
385.21,0.26,0,4,40,Formal-Eveningwear,Inconsistent-Sizing,1,Safari,Android-App,Branded-Teal,Silver,1
445.08,0.437,0,2,0,Casual-Tops,Inconsistent-Sizing,0,Edge,Android-App,Minimal-White,Silver,1
144.69,0.294,0,9,10,Casual-Tops,Runs-Slightly-Small,0,Safari,Android-App,Minimal-White,Silver,1
129.01,0.329,1,5,0,Footwear,True-to-Size,0,Chrome,Android-App,Branded-Teal,Gold,1
118.13,0.654,1,2,10,Footwear,True-to-Size,0,Chrome,Android-App,Minimal-White,Gold,1
212.93,0.332,1,5,40,Casual-Tops,True-to-Size,0,Chrome,iOS-App,Minimal-White,Silver,1
425.7,0.368,1,9,40,Casual-Tops,True-to-Size,1,Edge,Desktop-Web,Minimal-White,Gold,1
212.35,0.447,1,7,50,Accessories,Inconsistent-Sizing,0,Chrome,Desktop-Web,Kraft-Brown,Platinum,1
214.24,0.391,0,7,30,Accessories,True-to-Size,0,Chrome,iOS-App,Kraft-Brown,Silver,0
106.81,0.25,0,11,40,Footwear,True-to-Size,1,Edge,Android-App,Branded-Teal,Silver,0
171.72,0.335,0,6,10,Formal-Eveningwear,True-to-Size,0,Edge,Android-App,Branded-Teal,Gold,1
311.88,0.489,1,11,0,Footwear,True-to-Size,1,Chrome,iOS-App,Branded-Teal,Gold,1
67.42,0.188,0,2,20,Casual-Tops,True-to-Size,0,Safari,Android-App,Minimal-White,Silver,0
222.74,0.696,1,8,20,Footwear,True-to-Size,1,Edge,Android-App,Kraft-Brown,Silver,1
285.93,0.157,0,9,10,Accessories,Inconsistent-Sizing,0,Firefox,Android-App,Minimal-White,Platinum,1
38.9,0.39,0,7,30,Accessories,Runs-Slightly-Small,1,Chrome,Android-App,Branded-Teal,Silver,0
298.48,0.423,1,6,10,Accessories,Runs-Slightly-Small,0,Edge,Desktop-Web,Minimal-White,Gold,1
377.04,0.107,0,6,30,Footwear,True-to-Size,0,Safari,Desktop-Web,Branded-Teal,Gold,1
199.42,0.33,0,9,30,Accessories,Runs-Slightly-Small,1,Chrome,Android-App,Kraft-Brown,Platinum,0
393.33,0.071,0,3,30,Accessories,Runs-Slightly-Small,0,Safari,Desktop-Web,Minimal-White,Silver,0
436.87,0.482,0,1,0,Accessories,Inconsistent-Sizing,0,Safari,iOS-App,Minimal-White,Platinum,1
295.39,0.378,0,11,40,Accessories,True-to-Size,1,Firefox,Desktop-Web,Minimal-White,Gold,0
155.76,0.564,1,1,10,Accessories,Runs-Slightly-Small,1,Firefox,Android-App,Kraft-Brown,Platinum,1
229.71,0.156,0,3,40,Casual-Tops,Inconsistent-Sizing,0,Firefox,Desktop-Web,Kraft-Brown,Silver,0
230.31,0.383,1,8,40,Formal-Eveningwear,True-to-Size,1,Safari,Desktop-Web,Minimal-White,Silver,1
431.58,0.135,0,7,30,Footwear,Runs-Slightly-Small,0,Chrome,iOS-App,Branded-Teal,Platinum,1
25.16,0.336,1,1,30,Accessories,Runs-Slightly-Small,1,Edge,Android-App,Kraft-Brown,Gold,0
311.64,0.189,1,2,0,Casual-Tops,Runs-Slightly-Small,0,Edge,Desktop-Web,Minimal-White,Platinum,1
153.8,0.347,0,8,10,Formal-Eveningwear,True-to-Size,1,Safari,Desktop-Web,Minimal-White,Gold,1
140.05,0.309,1,7,50,Casual-Tops,Runs-Slightly-Small,0,Edge,Android-App,Minimal-White,Gold,1
165.79,0.272,1,11,0,Casual-Tops,True-to-Size,1,Safari,Desktop-Web,Minimal-White,Platinum,1
427.06,0.118,0,1,40,Casual-Tops,True-to-Size,0,Safari,iOS-App,Minimal-White,Gold,0
43.59,0.241,1,11,20,Casual-Tops,Runs-Slightly-Small,1,Edge,iOS-App,Minimal-White,Silver,1
183.61,0.368,1,9,50,Footwear,True-to-Size,1,Chrome,iOS-App,Branded-Teal,Platinum,1
394.44,0.47,0,2,20,Accessories,True-to-Size,0,Safari,Desktop-Web,Branded-Teal,Platinum,0
244.91,0.641,0,7,50,Formal-Eveningwear,Runs-Slightly-Small,0,Safari,iOS-App,Branded-Teal,Silver,1
264.64,0.537,0,4,30,Casual-Tops,Runs-Slightly-Small,1,Chrome,iOS-App,Branded-Teal,Platinum,1
355.51,0.255,0,9,30,Footwear,True-to-Size,1,Firefox,Desktop-Web,Branded-Teal,Gold,0
182.32,0.443,0,2,30,Formal-Eveningwear,True-to-Size,1,Firefox,Desktop-Web,Branded-Teal,Gold,1
264.54,0.372,1,4,10,Casual-Tops,True-to-Size,0,Safari,Android-App,Kraft-Brown,Platinum,1
89.98,0.483,1,4,10,Formal-Eveningwear,True-to-Size,0,Firefox,Android-App,Minimal-White,Gold,1
170.07,0.16,0,10,0,Accessories,Runs-Slightly-Small,1,Chrome,Desktop-Web,Minimal-White,Gold,0
305.56,0.039,0,4,0,Footwear,True-to-Size,0,Edge,iOS-App,Kraft-Brown,Platinum,0
222.81,0.147,0,7,30,Casual-Tops,Runs-Slightly-Small,0,Edge,Desktop-Web,Minimal-White,Silver,0
212.72,0.277,0,10,10,Footwear,Runs-Slightly-Small,0,Safari,Android-App,Branded-Teal,Silver,1
93.33,0.185,1,9,0,Casual-Tops,True-to-Size,1,Edge,Android-App,Kraft-Brown,Platinum,1
186.96,0.311,0,2,30,Casual-Tops,True-to-Size,0,Firefox,iOS-App,Branded-Teal,Gold,0
258.03,0.095,0,2,30,Formal-Eveningwear,Runs-Slightly-Small,1,Edge,Desktop-Web,Minimal-White,Platinum,1
323.59,0.222,0,8,40,Casual-Tops,True-to-Size,0,Chrome,Desktop-Web,Kraft-Brown,Silver,0
134.03,0.111,0,7,20,Footwear,True-to-Size,1,Chrome,iOS-App,Branded-Teal,Gold,0
214.34,0.543,1,9,30,Footwear,Inconsistent-Sizing,1,Edge,Android-App,Kraft-Brown,Silver,1
223.61,0.136,0,5,0,Footwear,Runs-Slightly-Small,1,Firefox,Desktop-Web,Branded-Teal,Platinum,1
180.3,0.29,0,4,30,Footwear,Runs-Slightly-Small,0,Chrome,Desktop-Web,Minimal-White,Silver,1
127.19,0.545,1,1,0,Casual-Tops,True-to-Size,0,Safari,iOS-App,Branded-Teal,Platinum,1
283.66,0.262,0,5,20,Casual-Tops,Inconsistent-Sizing,0,Firefox,Desktop-Web,Minimal-White,Gold,1
382.23,0.471,0,7,10,Accessories,True-to-Size,0,Firefox,Desktop-Web,Branded-Teal,Silver,0
278.25,0.255,0,2,10,Casual-Tops,True-to-Size,1,Chrome,Desktop-Web,Branded-Teal,Silver,0
225.27,0.447,0,1,40,Formal-Eveningwear,Inconsistent-Sizing,0,Chrome,Android-App,Minimal-White,Platinum,1
56.72,0.327,1,4,50,Footwear,Inconsistent-Sizing,0,Safari,iOS-App,Branded-Teal,Silver,1
390.13,0.142,1,7,30,Footwear,True-to-Size,0,Edge,Android-App,Minimal-White,Platinum,1
420.66,0.249,0,1,10,Casual-Tops,Inconsistent-Sizing,0,Firefox,Desktop-Web,Branded-Teal,Silver,1
429.38,0.461,0,1,20,Accessories,True-to-Size,0,Chrome,iOS-App,Kraft-Brown,Silver,0
257.02,0.405,1,6,0,Formal-Eveningwear,True-to-Size,0,Edge,Desktop-Web,Kraft-Brown,Gold,1
170.53,0.242,1,5,40,Casual-Tops,True-to-Size,1,Edge,iOS-App,Branded-Teal,Platinum,0
74.41,0.484,0,10,30,Casual-Tops,Inconsistent-Sizing,0,Edge,Desktop-Web,Kraft-Brown,Silver,1
347.48,0.212,1,1,30,Footwear,True-to-Size,0,Firefox,iOS-App,Minimal-White,Silver,1
256.68,0.114,0,9,50,Footwear,True-to-Size,0,Edge,Android-App,Branded-Teal,Platinum,0
87.11,0.324,1,7,50,Casual-Tops,Inconsistent-Sizing,1,Chrome,iOS-App,Minimal-White,Silver,1
98.7,0.25,1,7,10,Casual-Tops,True-to-Size,1,Firefox,Android-App,Branded-Teal,Gold,1
445.1,0.176,0,5,50,Formal-Eveningwear,True-to-Size,0,Chrome,Desktop-Web,Minimal-White,Gold,1
365.46,0.367,0,4,10,Accessories,True-to-Size,0,Firefox,Desktop-Web,Kraft-Brown,Silver,0
434.64,0.383,1,10,30,Formal-Eveningwear,Runs-Slightly-Small,0,Firefox,iOS-App,Branded-Teal,Gold,1
146.25,0.097,0,4,40,Accessories,True-to-Size,1,Firefox,iOS-App,Branded-Teal,Silver,0
337.96,0.502,1,2,30,Footwear,True-to-Size,1,Firefox,Desktop-Web,Kraft-Brown,Silver,1
389.47,0.244,0,1,20,Footwear,Runs-Slightly-Small,1,Safari,Android-App,Branded-Teal,Gold,1
314.53,0.377,0,3,0,Formal-Eveningwear,Inconsistent-Sizing,1,Edge,Desktop-Web,Kraft-Brown,Platinum,1
46.4,0.497,1,1,40,Accessories,Inconsistent-Sizing,1,Safari,iOS-App,Kraft-Brown,Gold,0
133.34,0.499,1,7,40,Accessories,Runs-Slightly-Small,1,Edge,Desktop-Web,Kraft-Brown,Silver,1
375.09,0.284,1,4,30,Accessories,Runs-Slightly-Small,1,Safari,Desktop-Web,Kraft-Brown,Platinum,1
116.85,0.332,1,11,30,Footwear,Inconsistent-Sizing,1,Chrome,iOS-App,Minimal-White,Silver,1
406.89,0.189,1,11,0,Casual-Tops,Runs-Slightly-Small,0,Safari,iOS-App,Branded-Teal,Gold,1
263.62,0.453,1,6,20,Casual-Tops,True-to-Size,0,Edge,Desktop-Web,Branded-Teal,Gold,1
368.76,0.076,1,10,20,Casual-Tops,True-to-Size,0,Firefox,Desktop-Web,Branded-Teal,Platinum,1
95.85,0.146,0,1,40,Footwear,Runs-Slightly-Small,0,Safari,Android-App,Kraft-Brown,Gold,0
39.95,0.236,0,6,20,Casual-Tops,Runs-Slightly-Small,0,Safari,iOS-App,Branded-Teal,Platinum,0
166.06,0.33,0,8,40,Accessories,Inconsistent-Sizing,0,Chrome,Desktop-Web,Kraft-Brown,Platinum,0
180.69,0.556,1,8,20,Casual-Tops,Inconsistent-Sizing,1,Safari,Android-App,Branded-Teal,Platinum,1
279.96,0.463,0,10,0,Formal-Eveningwear,True-to-Size,0,Edge,Android-App,Minimal-White,Platinum,1
31.32,0.495,0,10,30,Casual-Tops,Inconsistent-Sizing,0,Firefox,iOS-App,Kraft-Brown,Platinum,1
427.2,0.236,1,3,20,Footwear,True-to-Size,1,Firefox,Desktop-Web,Branded-Teal,Silver,1
361.87,0.253,0,4,30,Formal-Eveningwear,Inconsistent-Sizing,0,Edge,Desktop-Web,Minimal-White,Gold,1
280.74,0.021,0,1,0,Footwear,True-to-Size,1,Firefox,Desktop-Web,Branded-Teal,Gold,0
296.89,0.613,1,8,20,Footwear,Runs-Slightly-Small,1,Firefox,Desktop-Web,Kraft-Brown,Gold,1
78.47,0.166,0,2,30,Casual-Tops,True-to-Size,0,Edge,Android-App,Branded-Teal,Platinum,0
368.75,0.267,1,9,50,Footwear,True-to-Size,1,Chrome,Desktop-Web,Branded-Teal,Gold,1
344.89,0.295,0,3,10,Accessories,True-to-Size,0,Safari,iOS-App,Minimal-White,Gold,0
209.84,0.201,0,8,0,Accessories,True-to-Size,1,Chrome,iOS-App,Minimal-White,Gold,0
31.47,0.494,1,2,0,Casual-Tops,True-to-Size,1,Chrome,iOS-App,Kraft-Brown,Gold,1
215.69,0.23,0,7,40,Footwear,Runs-Slightly-Small,1,Safari,Desktop-Web,Kraft-Brown,Gold,1
418.94,0.324,0,9,10,Casual-Tops,True-to-Size,1,Edge,Android-App,Branded-Teal,Gold,1
259.22,0.556,1,11,0,Footwear,Runs-Slightly-Small,1,Edge,Android-App,Minimal-White,Gold,1
27.23,0.262,1,2,30,Casual-Tops,True-to-Size,0,Firefox,iOS-App,Kraft-Brown,Silver,0
411.4,0.163,1,2,0,Footwear,True-to-Size,0,Firefox,Desktop-Web,Minimal-White,Gold,1
35.17,0.022,0,3,0,Footwear,True-to-Size,0,Safari,Android-App,Minimal-White,Silver,0
287.88,0.272,0,4,40,Casual-Tops,True-to-Size,1,Safari,Desktop-Web,Kraft-Brown,Gold,0
153.59,0.377,0,8,30,Formal-Eveningwear,True-to-Size,0,Edge,Android-App,Minimal-White,Platinum,1
424.19,0.463,1,4,20,Footwear,Runs-Slightly-Small,0,Chrome,Desktop-Web,Kraft-Brown,Gold,1
307.94,0.223,0,4,10,Casual-Tops,True-to-Size,1,Chrome,Android-App,Minimal-White,Gold,0
381.71,0.152,0,9,10,Casual-Tops,Runs-Slightly-Small,1,Chrome,Android-App,Branded-Teal,Gold,1
55,0.01,1,2,50,Casual-Tops,Inconsistent-Sizing,0,Firefox,Android-App,Branded-Teal,Platinum,0
182.83,0.251,0,7,40,Footwear,True-to-Size,0,Edge,Android-App,Kraft-Brown,Platinum,0
148.83,0.327,0,9,50,Accessories,True-to-Size,0,Firefox,iOS-App,Branded-Teal,Gold,0
34.71,0.325,0,9,0,Casual-Tops,Runs-Slightly-Small,0,Safari,Desktop-Web,Minimal-White,Platinum,1
350.82,0.053,0,6,0,Footwear,Inconsistent-Sizing,0,Safari,Desktop-Web,Minimal-White,Platinum,1
143.75,0.13,0,5,10,Footwear,True-to-Size,0,Firefox,Android-App,Minimal-White,Silver,0
40.11,0.586,0,4,40,Casual-Tops,True-to-Size,0,Edge,Android-App,Minimal-White,Platinum,0
53.86,0.085,0,3,40,Casual-Tops,True-to-Size,1,Chrome,Android-App,Branded-Teal,Gold,0
284.75,0.491,0,2,20,Formal-Eveningwear,True-to-Size,1,Edge,iOS-App,Branded-Teal,Silver,1
32.67,0.286,0,10,30,Accessories,Inconsistent-Sizing,1,Safari,Android-App,Branded-Teal,Gold,0
111.53,0.442,1,10,50,Formal-Eveningwear,Runs-Slightly-Small,1,Safari,Android-App,Minimal-White,Gold,1
372.04,0.173,0,1,50,Formal-Eveningwear,Inconsistent-Sizing,1,Safari,Android-App,Branded-Teal,Gold,1
364.77,0.181,0,4,50,Casual-Tops,True-to-Size,1,Firefox,Desktop-Web,Branded-Teal,Gold,0
317.97,0.089,0,6,30,Formal-Eveningwear,Runs-Slightly-Small,1,Safari,Desktop-Web,Branded-Teal,Gold,1
240.35,0.075,1,8,10,Accessories,Inconsistent-Sizing,0,Firefox,iOS-App,Kraft-Brown,Silver,1
178.86,0.119,1,4,20,Footwear,True-to-Size,1,Chrome,iOS-App,Kraft-Brown,Gold,1
357.77,0.222,0,7,30,Casual-Tops,Runs-Slightly-Small,1,Firefox,Android-App,Branded-Teal,Silver,1
36.61,0.316,0,6,30,Footwear,True-to-Size,1,Safari,iOS-App,Minimal-White,Platinum,0
415.92,0.328,1,10,10,Footwear,Inconsistent-Sizing,1,Firefox,Android-App,Kraft-Brown,Gold,1
433.24,0.087,0,1,30,Casual-Tops,True-to-Size,1,Firefox,Desktop-Web,Minimal-White,Silver,0
118.54,0.146,1,1,10,Accessories,True-to-Size,1,Firefox,Android-App,Branded-Teal,Silver,0
332.87,0.101,0,5,0,Accessories,Runs-Slightly-Small,0,Edge,iOS-App,Kraft-Brown,Platinum,0
407.3,0.272,0,6,0,Formal-Eveningwear,Inconsistent-Sizing,1,Firefox,Android-App,Branded-Teal,Silver,1
444.17,0.511,1,8,30,Accessories,True-to-Size,0,Chrome,iOS-App,Kraft-Brown,Gold,1
26.44,0.207,0,6,40,Formal-Eveningwear,Runs-Slightly-Small,0,Chrome,iOS-App,Branded-Teal,Silver,1
254.85,0.135,1,2,10,Footwear,True-to-Size,1,Safari,iOS-App,Minimal-White,Silver,1
424.36,0.242,0,5,40,Casual-Tops,Runs-Slightly-Small,0,Chrome,Desktop-Web,Branded-Teal,Platinum,1
166.19,0.24,0,2,40,Casual-Tops,Inconsistent-Sizing,1,Edge,Android-App,Branded-Teal,Silver,0
229.87,0.168,0,11,10,Formal-Eveningwear,True-to-Size,0,Edge,Desktop-Web,Kraft-Brown,Platinum,1
325.73,0.392,1,1,50,Accessories,Inconsistent-Sizing,0,Edge,iOS-App,Minimal-White,Silver,1
149.34,0.159,1,7,50,Accessories,Runs-Slightly-Small,1,Chrome,Android-App,Kraft-Brown,Gold,0
431.37,0.211,1,1,20,Casual-Tops,True-to-Size,0,Chrome,Android-App,Branded-Teal,Platinum,1
106.93,0.219,0,7,30,Casual-Tops,True-to-Size,0,Chrome,Desktop-Web,Branded-Teal,Silver,0
274.4,0.256,0,8,50,Casual-Tops,Inconsistent-Sizing,0,Safari,iOS-App,Minimal-White,Silver,1
286.65,0.039,0,11,40,Casual-Tops,True-to-Size,1,Edge,Android-App,Branded-Teal,Silver,0
343.4,0.546,0,2,0,Footwear,Runs-Slightly-Small,1,Edge,Desktop-Web,Branded-Teal,Gold,1
338.24,0.29,1,3,50,Formal-Eveningwear,True-to-Size,0,Chrome,Android-App,Branded-Teal,Platinum,1
252.22,0.432,1,6,40,Casual-Tops,Runs-Slightly-Small,0,Chrome,Android-App,Minimal-White,Platinum,1
167.77,0.106,0,1,20,Casual-Tops,Runs-Slightly-Small,0,Edge,Desktop-Web,Kraft-Brown,Gold,0
355.44,0.102,0,5,50,Casual-Tops,True-to-Size,1,Chrome,iOS-App,Branded-Teal,Gold,0
382.62,0.138,0,3,10,Formal-Eveningwear,True-to-Size,1,Chrome,Android-App,Minimal-White,Platinum,1
339.34,0.06,0,10,10,Accessories,Inconsistent-Sizing,1,Edge,Desktop-Web,Branded-Teal,Gold,1
314.33,0.292,0,11,20,Accessories,True-to-Size,1,Firefox,Desktop-Web,Minimal-White,Silver,0
320.31,0.667,0,5,10,Footwear,True-to-Size,1,Edge,Desktop-Web,Branded-Teal,Silver,1
343.05,0.232,1,3,40,Accessories,True-to-Size,0,Chrome,Android-App,Branded-Teal,Gold,1
99.44,0.359,0,10,50,Accessories,True-to-Size,1,Chrome,Android-App,Branded-Teal,Platinum,0
127.93,0.263,0,9,0,Accessories,True-to-Size,1,Firefox,Android-App,Kraft-Brown,Silver,0
298.5,0.316,0,6,50,Footwear,Runs-Slightly-Small,1,Firefox,Desktop-Web,Kraft-Brown,Platinum,1
85.61,0.293,0,10,40,Accessories,Inconsistent-Sizing,0,Chrome,iOS-App,Minimal-White,Platinum,0
445.32,0.206,1,11,30,Footwear,Runs-Slightly-Small,0,Safari,Desktop-Web,Kraft-Brown,Gold,1
325.81,0.126,0,9,10,Casual-Tops,Inconsistent-Sizing,1,Safari,iOS-App,Branded-Teal,Silver,1
412.69,0.056,0,9,20,Footwear,Runs-Slightly-Small,0,Firefox,Android-App,Kraft-Brown,Platinum,1
234.73,0.324,1,3,0,Casual-Tops,Inconsistent-Sizing,1,Edge,Android-App,Minimal-White,Platinum,1
123.23,0.692,0,6,20,Casual-Tops,True-to-Size,0,Chrome,iOS-App,Branded-Teal,Gold,0
234.61,0.458,1,2,30,Footwear,True-to-Size,0,Chrome,Desktop-Web,Minimal-White,Gold,1
370.63,0.649,0,11,30,Footwear,Runs-Slightly-Small,1,Firefox,iOS-App,Kraft-Brown,Platinum,1
104.82,0.272,0,7,40,Accessories,Runs-Slightly-Small,0,Firefox,iOS-App,Minimal-White,Platinum,0
357.22,0.561,0,1,20,Casual-Tops,Runs-Slightly-Small,0,Safari,Android-App,Minimal-White,Gold,1
140.9,0.286,0,5,40,Accessories,Inconsistent-Sizing,0,Safari,iOS-App,Minimal-White,Silver,0
398.48,0.399,0,6,0,Casual-Tops,Inconsistent-Sizing,1,Chrome,Android-App,Branded-Teal,Platinum,1
113.26,0.532,0,3,0,Casual-Tops,True-to-Size,1,Chrome,iOS-App,Kraft-Brown,Gold,0
159.42,0.317,1,2,10,Casual-Tops,True-to-Size,1,Edge,Android-App,Minimal-White,Silver,1
65.63,0.092,0,6,40,Accessories,True-to-Size,0,Firefox,iOS-App,Minimal-White,Gold,0
38.78,0.183,0,3,50,Casual-Tops,True-to-Size,0,Chrome,Android-App,Branded-Teal,Silver,0
178.12,0.232,0,4,10,Footwear,Inconsistent-Sizing,1,Firefox,Android-App,Minimal-White,Platinum,1
214.73,0.225,0,10,30,Footwear,Inconsistent-Sizing,0,Edge,Android-App,Minimal-White,Platinum,1
50.74,0.17,0,5,10,Footwear,True-to-Size,1,Safari,Desktop-Web,Kraft-Brown,Silver,0
60.82,0.408,0,8,40,Formal-Eveningwear,Runs-Slightly-Small,1,Firefox,iOS-App,Kraft-Brown,Silver,1
396.72,0.248,0,7,10,Footwear,True-to-Size,1,Chrome,Desktop-Web,Branded-Teal,Silver,1
279.54,0.317,0,6,0,Formal-Eveningwear,Inconsistent-Sizing,1,Firefox,Android-App,Minimal-White,Silver,1
193.89,0.091,1,8,40,Accessories,Runs-Slightly-Small,1,Firefox,Android-App,Kraft-Brown,Gold,1
56.74,0.258,1,1,40,Casual-Tops,True-to-Size,1,Safari,iOS-App,Kraft-Brown,Silver,0
254.39,0.277,0,9,50,Footwear,True-to-Size,1,Chrome,iOS-App,Kraft-Brown,Gold,0
273.07,0.437,1,7,20,Casual-Tops,True-to-Size,1,Chrome,Desktop-Web,Minimal-White,Silver,1
147.08,0.755,0,4,10,Casual-Tops,Inconsistent-Sizing,1,Edge,Android-App,Minimal-White,Gold,1
377.99,0.506,0,10,50,Accessories,True-to-Size,0,Firefox,Android-App,Branded-Teal,Silver,0
227.84,0.177,0,8,20,Formal-Eveningwear,Inconsistent-Sizing,1,Chrome,Desktop-Web,Branded-Teal,Platinum,1
124.4,0.293,0,11,10,Footwear,True-to-Size,1,Firefox,Desktop-Web,Branded-Teal,Platinum,1
383.43,0.441,0,2,20,Footwear,True-to-Size,1,Safari,Android-App,Minimal-White,Platinum,0
344.77,0.135,0,6,0,Footwear,True-to-Size,1,Safari,iOS-App,Minimal-White,Silver,1
266.38,0.115,0,3,0,Casual-Tops,True-to-Size,0,Chrome,Desktop-Web,Kraft-Brown,Platinum,0
375.55,0.436,0,2,30,Accessories,Inconsistent-Sizing,1,Chrome,Android-App,Kraft-Brown,Silver,1
124.13,0.02,1,5,10,Formal-Eveningwear,True-to-Size,1,Chrome,iOS-App,Minimal-White,Gold,1
222.75,0.59,1,2,40,Casual-Tops,True-to-Size,1,Edge,Android-App,Minimal-White,Gold,1
177.82,0.275,0,5,10,Casual-Tops,Inconsistent-Sizing,1,Safari,Android-App,Kraft-Brown,Gold,1
167.38,0.248,1,8,40,Casual-Tops,Inconsistent-Sizing,0,Firefox,iOS-App,Minimal-White,Platinum,1
266.13,0.109,0,1,20,Footwear,True-to-Size,0,Edge,Desktop-Web,Kraft-Brown,Silver,0
37.57,0.088,0,11,50,Casual-Tops,Runs-Slightly-Small,1,Edge,Desktop-Web,Kraft-Brown,Gold,0
99.64,0.659,0,8,50,Formal-Eveningwear,Inconsistent-Sizing,1,Chrome,Android-App,Kraft-Brown,Gold,1
306.29,0.333,0,8,0,Footwear,True-to-Size,1,Chrome,Desktop-Web,Minimal-White,Gold,1
94.37,0.079,0,9,40,Casual-Tops,Inconsistent-Sizing,0,Edge,Desktop-Web,Branded-Teal,Platinum,0
384.23,0.101,0,8,30,Casual-Tops,True-to-Size,0,Chrome,Desktop-Web,Minimal-White,Silver,0
122.15,0.534,0,10,20,Formal-Eveningwear,Runs-Slightly-Small,1,Chrome,iOS-App,Minimal-White,Gold,1
249.36,0.136,1,1,20,Formal-Eveningwear,True-to-Size,0,Chrome,Android-App,Branded-Teal,Platinum,1
148.76,0.732,0,6,0,Footwear,Runs-Slightly-Small,1,Firefox,Desktop-Web,Minimal-White,Gold,1
222.71,0.442,0,11,20,Formal-Eveningwear,True-to-Size,0,Chrome,iOS-App,Minimal-White,Gold,1
76.51,0.36,0,6,0,Footwear,Inconsistent-Sizing,1,Edge,Android-App,Kraft-Brown,Silver,1
83.83,0.303,0,6,40,Accessories,True-to-Size,0,Edge,Desktop-Web,Branded-Teal,Silver,0
222.54,0.523,0,2,20,Accessories,Runs-Slightly-Small,0,Safari,Desktop-Web,Branded-Teal,Platinum,0
290.07,0.101,0,10,40,Formal-Eveningwear,True-to-Size,1,Chrome,Android-App,Branded-Teal,Silver,1
282.64,0.058,0,4,30,Footwear,True-to-Size,0,Edge,iOS-App,Branded-Teal,Silver,0
339.82,0.269,0,6,20,Casual-Tops,Inconsistent-Sizing,0,Firefox,Desktop-Web,Branded-Teal,Platinum,1
349.26,0.195,1,8,50,Footwear,Inconsistent-Sizing,1,Chrome,Android-App,Minimal-White,Gold,1
271.16,0.196,0,6,10,Accessories,Runs-Slightly-Small,0,Firefox,Android-App,Branded-Teal,Gold,0
186.23,0.324,1,3,20,Casual-Tops,True-to-Size,0,Edge,Android-App,Branded-Teal,Gold,0
442.81,0.33,0,1,10,Casual-Tops,Runs-Slightly-Small,0,Firefox,iOS-App,Minimal-White,Gold,1
265.6,0.112,1,1,10,Footwear,True-to-Size,0,Chrome,iOS-App,Kraft-Brown,Gold,1
151.42,0.184,1,3,30,Accessories,Inconsistent-Sizing,1,Safari,Android-App,Kraft-Brown,Gold,1
273.3,0.395,1,2,30,Formal-Eveningwear,Inconsistent-Sizing,0,Firefox,Android-App,Kraft-Brown,Silver,1
322.55,0.133,0,7,50,Casual-Tops,Inconsistent-Sizing,0,Edge,Desktop-Web,Kraft-Brown,Silver,1
119.44,0.151,1,7,30,Accessories,Runs-Slightly-Small,0,Firefox,Desktop-Web,Kraft-Brown,Gold,1
420.35,0.238,0,6,0,Casual-Tops,True-to-Size,0,Edge,Desktop-Web,Branded-Teal,Platinum,0
401.63,0.087,0,2,20,Footwear,True-to-Size,1,Chrome,iOS-App,Minimal-White,Platinum,0
270.4,0.167,1,10,0,Footwear,True-to-Size,0,Edge,iOS-App,Branded-Teal,Silver,1
311.14,0.323,0,7,0,Casual-Tops,Runs-Slightly-Small,1,Chrome,iOS-App,Minimal-White,Gold,1
145.55,0.016,0,7,10,Formal-Eveningwear,True-to-Size,0,Chrome,iOS-App,Minimal-White,Platinum,0
266.9,0.419,0,6,0,Accessories,Inconsistent-Sizing,0,Chrome,Desktop-Web,Kraft-Brown,Silver,1
163.43,0.111,0,7,10,Casual-Tops,True-to-Size,0,Safari,Android-App,Branded-Teal,Silver,0
178.25,0.254,0,5,50,Accessories,True-to-Size,0,Safari,iOS-App,Minimal-White,Silver,0
177.9,0.283,1,1,40,Casual-Tops,True-to-Size,0,Edge,Android-App,Kraft-Brown,Gold,0
126.12,0.522,1,7,20,Accessories,Inconsistent-Sizing,1,Edge,Desktop-Web,Branded-Teal,Silver,1
110.96,0.551,0,2,50,Formal-Eveningwear,True-to-Size,0,Edge,Desktop-Web,Minimal-White,Silver,0
242.12,0.645,1,3,40,Accessories,True-to-Size,1,Chrome,Desktop-Web,Kraft-Brown,Platinum,1
78.81,0.206,0,11,30,Casual-Tops,True-to-Size,0,Edge,iOS-App,Branded-Teal,Silver,0
88.39,0.342,1,5,30,Casual-Tops,True-to-Size,0,Edge,Android-App,Kraft-Brown,Silver,1
367.4,0.457,1,9,40,Casual-Tops,Runs-Slightly-Small,1,Chrome,Desktop-Web,Minimal-White,Gold,1
273.05,0.054,0,2,20,Formal-Eveningwear,Runs-Slightly-Small,0,Safari,Android-App,Branded-Teal,Silver,1
352.67,0.547,0,11,0,Formal-Eveningwear,True-to-Size,1,Firefox,Android-App,Branded-Teal,Silver,1
135.92,0.77,1,11,30,Casual-Tops,Inconsistent-Sizing,1,Edge,Desktop-Web,Branded-Teal,Platinum,1
376.43,0.472,1,1,20,Footwear,Runs-Slightly-Small,1,Firefox,iOS-App,Kraft-Brown,Gold,1
321.48,0.129,1,4,40,Casual-Tops,Runs-Slightly-Small,1,Edge,iOS-App,Branded-Teal,Silver,1
385.03,0.119,1,3,20,Casual-Tops,True-to-Size,0,Safari,Android-App,Minimal-White,Platinum,1
414.65,0.33,0,9,40,Formal-Eveningwear,Inconsistent-Sizing,0,Firefox,iOS-App,Kraft-Brown,Gold,1
344.57,0.697,1,4,0,Casual-Tops,Runs-Slightly-Small,0,Safari,iOS-App,Minimal-White,Silver,1
113.15,0.29,1,1,10,Accessories,Runs-Slightly-Small,1,Edge,Android-App,Minimal-White,Platinum,0
36.09,0.109,0,6,20,Casual-Tops,Runs-Slightly-Small,1,Edge,Android-App,Branded-Teal,Silver,0
30.98,0.521,1,7,40,Accessories,Runs-Slightly-Small,0,Edge,Desktop-Web,Minimal-White,Silver,1
88.29,0.29,1,2,50,Formal-Eveningwear,True-to-Size,0,Edge,Android-App,Kraft-Brown,Gold,1
124.33,0.245,0,5,0,Formal-Eveningwear,True-to-Size,0,Firefox,iOS-App,Minimal-White,Gold,0
359.36,0.051,0,8,0,Casual-Tops,Inconsistent-Sizing,1,Firefox,iOS-App,Branded-Teal,Gold,1
58.01,0.329,1,3,30,Accessories,True-to-Size,1,Edge,Android-App,Branded-Teal,Gold,0
287,0.18,1,4,30,Formal-Eveningwear,True-to-Size,1,Chrome,Android-App,Kraft-Brown,Silver,1
400.14,0.376,1,6,10,Accessories,True-to-Size,0,Firefox,iOS-App,Branded-Teal,Silver,1
90.13,0.156,0,3,20,Footwear,Runs-Slightly-Small,1,Safari,Desktop-Web,Kraft-Brown,Platinum,0
306.21,0.3,0,6,30,Footwear,Runs-Slightly-Small,0,Firefox,Android-App,Minimal-White,Silver,1
121.83,0.481,0,7,30,Formal-Eveningwear,Inconsistent-Sizing,0,Chrome,Android-App,Branded-Teal,Platinum,1
256,0.108,0,3,20,Accessories,Runs-Slightly-Small,1,Chrome,Android-App,Branded-Teal,Gold,0
33.05,0.125,0,9,30,Casual-Tops,True-to-Size,0,Safari,Android-App,Branded-Teal,Platinum,0
72.99,0.18,0,10,40,Footwear,True-to-Size,0,Edge,iOS-App,Kraft-Brown,Platinum,0
314.76,0.572,1,2,10,Accessories,Runs-Slightly-Small,1,Chrome,Android-App,Branded-Teal,Platinum,1
144.88,0.33,1,10,30,Formal-Eveningwear,Runs-Slightly-Small,1,Chrome,iOS-App,Minimal-White,Gold,1
271.96,0.314,0,11,40,Casual-Tops,Runs-Slightly-Small,1,Chrome,Android-App,Minimal-White,Silver,1
447.99,0.462,1,8,30,Casual-Tops,True-to-Size,0,Edge,Desktop-Web,Minimal-White,Silver,1
182.05,0.318,1,1,30,Casual-Tops,True-to-Size,0,Safari,Desktop-Web,Kraft-Brown,Silver,1
262.24,0.412,1,5,0,Casual-Tops,True-to-Size,0,Edge,iOS-App,Kraft-Brown,Silver,1
113.72,0.152,0,10,10,Accessories,True-to-Size,0,Firefox,iOS-App,Kraft-Brown,Platinum,0
225.32,0.171,0,7,50,Accessories,True-to-Size,1,Edge,Desktop-Web,Branded-Teal,Platinum,0
271.71,0.206,1,10,40,Footwear,True-to-Size,1,Firefox,Desktop-Web,Kraft-Brown,Gold,1
390.42,0.209,1,11,30,Footwear,True-to-Size,1,Chrome,iOS-App,Kraft-Brown,Gold,1
327.46,0.313,0,3,20,Casual-Tops,Runs-Slightly-Small,1,Edge,Desktop-Web,Branded-Teal,Silver,1
137.8,0.343,1,5,20,Casual-Tops,Runs-Slightly-Small,1,Firefox,Android-App,Kraft-Brown,Platinum,1
28.43,0.128,1,8,20,Accessories,Runs-Slightly-Small,0,Safari,Desktop-Web,Kraft-Brown,Gold,1
413.61,0.027,1,11,30,Accessories,Runs-Slightly-Small,1,Chrome,Desktop-Web,Branded-Teal,Platinum,1
290.35,0.327,0,9,50,Casual-Tops,Runs-Slightly-Small,1,Safari,Android-App,Branded-Teal,Platinum,1
84.52,0.292,0,7,10,Footwear,Inconsistent-Sizing,0,Edge,iOS-App,Minimal-White,Silver,1
180.02,0.205,0,7,10,Accessories,Inconsistent-Sizing,1,Chrome,iOS-App,Minimal-White,Gold,1
134.24,0.338,1,4,40,Formal-Eveningwear,True-to-Size,0,Firefox,Android-App,Minimal-White,Gold,1
167.04,0.113,1,10,40,Footwear,True-to-Size,0,Edge,Desktop-Web,Kraft-Brown,Gold,1
88.06,0.327,0,2,20,Casual-Tops,Runs-Slightly-Small,1,Edge,Android-App,Minimal-White,Silver,0
145.08,0.256,0,11,10,Casual-Tops,Inconsistent-Sizing,0,Chrome,Desktop-Web,Minimal-White,Gold,1
69.19,0.12,0,9,50,Footwear,Runs-Slightly-Small,1,Edge,Android-App,Branded-Teal,Silver,1
28.78,0.37,0,1,40,Accessories,True-to-Size,0,Safari,Desktop-Web,Branded-Teal,Gold,0
400.18,0.579,0,4,10,Formal-Eveningwear,True-to-Size,0,Firefox,Desktop-Web,Kraft-Brown,Platinum,1
43.05,0.402,0,4,40,Casual-Tops,True-to-Size,0,Safari,Desktop-Web,Branded-Teal,Gold,0
99.64,0.122,0,3,20,Footwear,True-to-Size,1,Firefox,Android-App,Minimal-White,Platinum,0
386.97,0.363,0,8,10,Accessories,True-to-Size,0,Chrome,iOS-App,Branded-Teal,Gold,0
126.35,0.413,0,5,20,Casual-Tops,True-to-Size,0,Chrome,Desktop-Web,Kraft-Brown,Platinum,0
367.44,0.306,1,7,50,Casual-Tops,Runs-Slightly-Small,0,Chrome,iOS-App,Minimal-White,Silver,1
422.16,0.379,1,6,0,Casual-Tops,True-to-Size,0,Chrome,Desktop-Web,Kraft-Brown,Silver,1
212.86,0.374,0,4,30,Footwear,True-to-Size,1,Firefox,Android-App,Kraft-Brown,Platinum,1
344.88,0.493,0,7,0,Formal-Eveningwear,True-to-Size,1,Firefox,iOS-App,Branded-Teal,Gold,1
284.58,0.373,0,5,30,Casual-Tops,Runs-Slightly-Small,0,Firefox,Android-App,Branded-Teal,Platinum,1
402.97,0.296,0,8,40,Casual-Tops,Inconsistent-Sizing,1,Edge,Android-App,Kraft-Brown,Platinum,1
285.76,0.688,0,8,40,Accessories,Runs-Slightly-Small,1,Safari,iOS-App,Minimal-White,Silver,1
72.14,0.277,1,9,20,Formal-Eveningwear,True-to-Size,1,Firefox,Desktop-Web,Minimal-White,Silver,1
199.88,0.252,1,11,50,Casual-Tops,True-to-Size,0,Firefox,iOS-App,Kraft-Brown,Platinum,1
173.56,0.128,0,7,0,Formal-Eveningwear,True-to-Size,0,Chrome,Android-App,Branded-Teal,Gold,1
225.08,0.333,0,6,10,Formal-Eveningwear,Inconsistent-Sizing,1,Firefox,Desktop-Web,Branded-Teal,Gold,1
215.95,0.528,0,6,40,Footwear,Runs-Slightly-Small,1,Edge,iOS-App,Kraft-Brown,Platinum,1
198.68,0.482,0,2,10,Casual-Tops,Runs-Slightly-Small,1,Firefox,Desktop-Web,Minimal-White,Platinum,1
418.84,0.665,0,5,10,Casual-Tops,True-to-Size,0,Firefox,Android-App,Minimal-White,Platinum,1
389.29,0.249,0,11,10,Casual-Tops,Runs-Slightly-Small,0,Edge,Desktop-Web,Branded-Teal,Platinum,1
228.82,0.053,1,10,0,Casual-Tops,True-to-Size,1,Safari,iOS-App,Kraft-Brown,Platinum,1
419.77,0.367,0,6,0,Formal-Eveningwear,True-to-Size,0,Firefox,iOS-App,Branded-Teal,Platinum,1
277.86,0.435,1,2,50,Formal-Eveningwear,Runs-Slightly-Small,0,Safari,Android-App,Minimal-White,Gold,1
349.97,0.075,0,11,20,Casual-Tops,Runs-Slightly-Small,1,Safari,Desktop-Web,Minimal-White,Platinum,1
33.33,0.012,0,3,50,Footwear,Inconsistent-Sizing,1,Safari,Android-App,Kraft-Brown,Gold,0
354.28,0.677,0,6,0,Footwear,True-to-Size,0,Chrome,iOS-App,Branded-Teal,Platinum,1
240.2,0.378,0,2,20,Accessories,True-to-Size,0,Edge,iOS-App,Kraft-Brown,Gold,0
334.8,0.068,1,1,10,Footwear,Inconsistent-Sizing,1,Chrome,iOS-App,Kraft-Brown,Gold,1
177.25,0.123,0,10,30,Footwear,Inconsistent-Sizing,1,Edge,iOS-App,Minimal-White,Silver,1
141.55,0.462,1,2,10,Casual-Tops,Inconsistent-Sizing,1,Safari,Desktop-Web,Kraft-Brown,Platinum,1
208.92,0.42,1,2,40,Footwear,Runs-Slightly-Small,1,Firefox,Desktop-Web,Branded-Teal,Gold,1
151.68,0.42,0,5,10,Footwear,Runs-Slightly-Small,0,Chrome,Desktop-Web,Minimal-White,Platinum,1
66.05,0.884,0,7,0,Casual-Tops,Inconsistent-Sizing,0,Safari,iOS-App,Kraft-Brown,Silver,1
332.87,0.107,1,11,40,Formal-Eveningwear,True-to-Size,0,Edge,Android-App,Minimal-White,Silver,1
146.93,0.141,1,6,10,Casual-Tops,True-to-Size,0,Chrome,Android-App,Branded-Teal,Silver,0
315.48,0.181,1,4,20,Casual-Tops,Runs-Slightly-Small,1,Chrome,Android-App,Branded-Teal,Silver,1
28.17,0.258,1,2,40,Formal-Eveningwear,True-to-Size,1,Safari,Android-App,Branded-Teal,Gold,0
110.61,0.056,0,1,30,Footwear,True-to-Size,1,Edge,Android-App,Branded-Teal,Silver,0
320.99,0.457,0,4,50,Footwear,Runs-Slightly-Small,0,Edge,Android-App,Branded-Teal,Platinum,1
103.77,0.311,1,3,10,Casual-Tops,True-to-Size,1,Firefox,Desktop-Web,Branded-Teal,Platinum,0
180.8,0.3,0,2,20,Accessories,Runs-Slightly-Small,0,Edge,iOS-App,Branded-Teal,Gold,0
237.67,0.438,1,7,10,Footwear,True-to-Size,0,Firefox,Desktop-Web,Kraft-Brown,Platinum,1
410.37,0.395,1,5,30,Formal-Eveningwear,Runs-Slightly-Small,1,Safari,Desktop-Web,Minimal-White,Platinum,1
41.29,0.015,0,4,30,Formal-Eveningwear,True-to-Size,0,Firefox,iOS-App,Minimal-White,Gold,0
298.15,0.435,0,4,40,Footwear,Runs-Slightly-Small,1,Chrome,iOS-App,Branded-Teal,Gold,1
207.27,0.047,1,2,0,Accessories,True-to-Size,0,Firefox,Android-App,Branded-Teal,Gold,0
280.82,0.154,1,10,30,Casual-Tops,True-to-Size,1,Safari,Desktop-Web,Minimal-White,Silver,1
40.69,0.18,0,7,10,Footwear,Runs-Slightly-Small,0,Edge,Android-App,Kraft-Brown,Gold,1
247.75,0.553,0,5,40,Formal-Eveningwear,Runs-Slightly-Small,1,Edge,Desktop-Web,Branded-Teal,Gold,1
155.26,0.278,0,11,30,Footwear,Inconsistent-Sizing,0,Firefox,iOS-App,Minimal-White,Platinum,1
177.62,0.3,0,10,30,Accessories,True-to-Size,0,Firefox,Android-App,Minimal-White,Platinum,0
144.49,0.723,0,5,40,Accessories,True-to-Size,0,Firefox,iOS-App,Kraft-Brown,Gold,0
39.93,0.617,0,3,40,Casual-Tops,Inconsistent-Sizing,1,Chrome,Android-App,Minimal-White,Silver,1
279.39,0.176,0,9,10,Footwear,Inconsistent-Sizing,1,Edge,Android-App,Kraft-Brown,Gold,1
253.15,0.097,0,4,20,Footwear,Inconsistent-Sizing,1,Edge,Desktop-Web,Minimal-White,Platinum,1
224.86,0.342,0,10,30,Casual-Tops,True-to-Size,1,Edge,Desktop-Web,Kraft-Brown,Gold,0
303.78,0.255,1,9,10,Casual-Tops,True-to-Size,0,Safari,Desktop-Web,Kraft-Brown,Gold,1
213.22,0.065,1,10,20,Casual-Tops,True-to-Size,1,Edge,iOS-App,Kraft-Brown,Gold,1
213.35,0.563,1,3,40,Casual-Tops,Runs-Slightly-Small,1,Chrome,Desktop-Web,Minimal-White,Silver,1
396.25,0.065,0,3,0,Accessories,True-to-Size,1,Chrome,Desktop-Web,Minimal-White,Silver,0
231.63,0.337,1,11,20,Casual-Tops,Runs-Slightly-Small,1,Firefox,iOS-App,Kraft-Brown,Silver,1
106.17,0.046,0,4,10,Casual-Tops,True-to-Size,1,Safari,Android-App,Branded-Teal,Platinum,0
313.2,0.536,1,10,20,Casual-Tops,Inconsistent-Sizing,0,Chrome,iOS-App,Branded-Teal,Gold,1
408.6,0.311,1,9,40,Footwear,Runs-Slightly-Small,0,Edge,Desktop-Web,Minimal-White,Gold,1
77.78,0.103,0,5,30,Casual-Tops,Inconsistent-Sizing,1,Edge,Android-App,Minimal-White,Gold,0
310.22,0.126,0,6,20,Footwear,Runs-Slightly-Small,0,Chrome,iOS-App,Kraft-Brown,Platinum,1
33.49,0.322,0,11,20,Formal-Eveningwear,True-to-Size,0,Edge,iOS-App,Branded-Teal,Gold,0
320.04,0.212,0,3,0,Casual-Tops,True-to-Size,1,Firefox,Android-App,Branded-Teal,Platinum,0
102,0.472,1,7,0,Accessories,True-to-Size,0,Firefox,Android-App,Minimal-White,Gold,1
115.97,0.17,1,10,20,Footwear,True-to-Size,1,Firefox,Android-App,Minimal-White,Platinum,1
71.97,0.064,0,5,0,Footwear,Runs-Slightly-Small,1,Edge,iOS-App,Minimal-White,Platinum,1
242.99,0.172,0,7,40,Casual-Tops,Runs-Slightly-Small,1,Safari,Android-App,Branded-Teal,Silver,0
272.76,0.414,1,9,10,Footwear,Runs-Slightly-Small,1,Safari,iOS-App,Minimal-White,Gold,1
310.62,0.186,1,3,30,Accessories,True-to-Size,1,Edge,iOS-App,Minimal-White,Platinum,0
247.75,0.328,0,10,20,Footwear,True-to-Size,0,Chrome,Android-App,Minimal-White,Silver,1
66.95,0.374,1,2,0,Accessories,True-to-Size,1,Firefox,iOS-App,Minimal-White,Gold,0
329.37,0.349,0,4,10,Formal-Eveningwear,True-to-Size,0,Firefox,Desktop-Web,Kraft-Brown,Platinum,1
301.95,0.257,0,5,10,Accessories,Runs-Slightly-Small,0,Chrome,Desktop-Web,Minimal-White,Silver,0
320.15,0.077,1,5,40,Footwear,Inconsistent-Sizing,1,Firefox,Android-App,Kraft-Brown,Gold,1
425.55,0.242,0,4,20,Footwear,True-to-Size,1,Safari,iOS-App,Kraft-Brown,Silver,1
298.17,0.024,1,2,40,Footwear,True-to-Size,0,Safari,iOS-App,Kraft-Brown,Gold,1
179.08,0.136,1,11,50,Accessories,Runs-Slightly-Small,1,Firefox,Android-App,Minimal-White,Gold,1
322.93,0.344,0,4,10,Footwear,Inconsistent-Sizing,1,Firefox,Android-App,Minimal-White,Platinum,1
315.87,0.171,0,3,10,Footwear,True-to-Size,1,Chrome,Android-App,Kraft-Brown,Silver,0
322.99,0.206,0,7,30,Casual-Tops,Runs-Slightly-Small,0,Safari,Android-App,Kraft-Brown,Platinum,1
97.53,0.279,1,2,40,Casual-Tops,True-to-Size,0,Chrome,iOS-App,Minimal-White,Gold,0
416.82,0.156,0,4,0,Footwear,Runs-Slightly-Small,0,Safari,iOS-App,Kraft-Brown,Platinum,1
418.28,0.328,0,8,50,Casual-Tops,True-to-Size,1,Safari,Android-App,Branded-Teal,Silver,0
186.82,0.286,0,4,40,Formal-Eveningwear,True-to-Size,1,Firefox,Android-App,Branded-Teal,Platinum,1
252.99,0.042,0,7,10,Casual-Tops,Runs-Slightly-Small,0,Safari,Desktop-Web,Branded-Teal,Silver,1
254.84,0.425,1,4,30,Casual-Tops,Runs-Slightly-Small,1,Safari,Android-App,Kraft-Brown,Silver,1
117.62,0.458,1,7,20,Accessories,True-to-Size,1,Safari,Android-App,Kraft-Brown,Platinum,1
283.67,0.33,0,1,30,Casual-Tops,Runs-Slightly-Small,0,Chrome,Desktop-Web,Minimal-White,Gold,0
195.49,0.512,0,9,0,Casual-Tops,True-to-Size,1,Safari,Desktop-Web,Kraft-Brown,Silver,1
308.26,0.147,0,2,50,Footwear,True-to-Size,0,Safari,Desktop-Web,Minimal-White,Platinum,0
297.93,0.34,0,2,20,Casual-Tops,Inconsistent-Sizing,1,Firefox,Desktop-Web,Kraft-Brown,Gold,0
231.01,0.27,1,2,50,Formal-Eveningwear,Inconsistent-Sizing,0,Edge,Android-App,Branded-Teal,Gold,1
116.52,0.075,1,7,30,Footwear,Runs-Slightly-Small,0,Safari,iOS-App,Branded-Teal,Platinum,1
89.12,0.123,0,8,20,Formal-Eveningwear,Runs-Slightly-Small,1,Firefox,Android-App,Minimal-White,Platinum,1
291.47,0.196,0,4,50,Casual-Tops,True-to-Size,1,Edge,Desktop-Web,Branded-Teal,Silver,0
221.24,0.14,1,6,40,Footwear,True-to-Size,0,Safari,iOS-App,Branded-Teal,Gold,1
286.13,0.434,0,11,0,Accessories,Runs-Slightly-Small,0,Safari,iOS-App,Kraft-Brown,Silver,1
262.61,0.089,0,1,20,Accessories,True-to-Size,0,Chrome,Desktop-Web,Branded-Teal,Silver,0
168.9,0.097,0,9,30,Formal-Eveningwear,Runs-Slightly-Small,0,Firefox,Android-App,Branded-Teal,Silver,1
405.64,0.641,1,1,20,Footwear,True-to-Size,1,Safari,iOS-App,Branded-Teal,Gold,1
216.81,0.367,1,4,10,Footwear,True-to-Size,0,Firefox,Desktop-Web,Minimal-White,Platinum,1
196.53,0.513,0,9,50,Footwear,Runs-Slightly-Small,0,Edge,Android-App,Branded-Teal,Gold,1
150.29,0.174,1,8,50,Footwear,Inconsistent-Sizing,0,Chrome,Android-App,Branded-Teal,Platinum,1
345.03,0.088,0,4,40,Footwear,True-to-Size,0,Edge,Android-App,Minimal-White,Silver,0
385.91,0.036,1,7,0,Accessories,True-to-Size,0,Chrome,Desktop-Web,Minimal-White,Gold,1
436.8,0.459,1,9,40,Accessories,Inconsistent-Sizing,0,Edge,Desktop-Web,Branded-Teal,Platinum,1
253.58,0.382,0,3,40,Casual-Tops,Runs-Slightly-Small,0,Firefox,Android-App,Minimal-White,Platinum,0
78.33,0.793,0,5,40,Accessories,True-to-Size,1,Edge,Desktop-Web,Minimal-White,Gold,0
29.97,0.168,0,6,0,Casual-Tops,True-to-Size,0,Safari,iOS-App,Minimal-White,Gold,0
428,0.148,0,7,10,Accessories,Runs-Slightly-Small,0,Safari,Android-App,Minimal-White,Platinum,1
197.79,0.281,0,8,0,Footwear,True-to-Size,0,Edge,Desktop-Web,Branded-Teal,Silver,1
29.38,0.18,0,6,0,Footwear,Runs-Slightly-Small,1,Chrome,Desktop-Web,Branded-Teal,Platinum,1
155.97,0.297,0,6,20,Accessories,Runs-Slightly-Small,0,Firefox,Desktop-Web,Minimal-White,Platinum,0
288.7,0.452,0,5,30,Casual-Tops,True-to-Size,1,Edge,Android-App,Branded-Teal,Silver,0
62.2,0.358,0,8,20,Footwear,Runs-Slightly-Small,1,Chrome,Android-App,Kraft-Brown,Silver,1
323.1,0.472,1,4,50,Footwear,True-to-Size,1,Chrome,iOS-App,Minimal-White,Gold,1
189.99,0.092,1,11,30,Footwear,True-to-Size,0,Safari,Desktop-Web,Branded-Teal,Gold,1
366.06,0.125,0,10,10,Footwear,True-to-Size,1,Safari,Desktop-Web,Minimal-White,Platinum,1
269.23,0.153,0,6,20,Casual-Tops,True-to-Size,1,Firefox,iOS-App,Branded-Teal,Gold,0
120.83,0.118,0,8,0,Casual-Tops,True-to-Size,0,Edge,Android-App,Branded-Teal,Silver,0
37.35,0.341,1,7,10,Casual-Tops,True-to-Size,1,Safari,iOS-App,Branded-Teal,Silver,1
337.75,0.077,0,3,10,Casual-Tops,True-to-Size,1,Edge,Android-App,Branded-Teal,Platinum,0
133.81,0.484,0,6,50,Casual-Tops,True-to-Size,1,Firefox,Android-App,Branded-Teal,Gold,0
350.71,0.18,0,11,20,Footwear,Runs-Slightly-Small,1,Chrome,Desktop-Web,Branded-Teal,Platinum,1
371.71,0.153,0,3,0,Formal-Eveningwear,True-to-Size,0,Safari,Android-App,Branded-Teal,Platinum,1
85.42,0.213,0,3,10,Casual-Tops,True-to-Size,1,Firefox,Android-App,Minimal-White,Platinum,0
308.39,0.36,0,7,50,Footwear,True-to-Size,0,Firefox,Desktop-Web,Kraft-Brown,Silver,0
157.95,0.47,0,3,50,Formal-Eveningwear,True-to-Size,1,Firefox,Desktop-Web,Branded-Teal,Platinum,0
278.66,0.158,0,9,20,Formal-Eveningwear,Inconsistent-Sizing,0,Chrome,iOS-App,Minimal-White,Silver,1
220.88,0.188,0,3,30,Formal-Eveningwear,True-to-Size,1,Edge,Android-App,Minimal-White,Silver,0
153.56,0.69,0,6,20,Formal-Eveningwear,Runs-Slightly-Small,1,Chrome,Android-App,Minimal-White,Silver,1
299.14,0.469,0,4,30,Footwear,Runs-Slightly-Small,0,Firefox,Desktop-Web,Branded-Teal,Silver,1
371.87,0.375,1,1,30,Footwear,True-to-Size,0,Safari,iOS-App,Branded-Teal,Gold,1
383.1,0.105,1,7,10,Casual-Tops,Inconsistent-Sizing,1,Edge,iOS-App,Kraft-Brown,Platinum,1
66.26,0.308,0,9,30,Footwear,True-to-Size,0,Safari,Desktop-Web,Kraft-Brown,Silver,0
294.54,0.511,1,11,40,Casual-Tops,Inconsistent-Sizing,1,Chrome,Android-App,Minimal-White,Gold,1
299.92,0.263,0,11,40,Footwear,True-to-Size,1,Chrome,iOS-App,Minimal-White,Platinum,0
263.66,0.438,0,5,50,Accessories,Runs-Slightly-Small,0,Edge,Desktop-Web,Branded-Teal,Gold,0
426.64,0.084,0,5,40,Formal-Eveningwear,True-to-Size,0,Chrome,iOS-App,Kraft-Brown,Silver,1
229.64,0.323,0,9,50,Formal-Eveningwear,True-to-Size,0,Safari,iOS-App,Branded-Teal,Platinum,1
180.04,0.16,0,1,50,Footwear,Inconsistent-Sizing,0,Firefox,iOS-App,Kraft-Brown,Gold,0
98.88,0.011,1,4,50,Casual-Tops,Runs-Slightly-Small,1,Chrome,Android-App,Minimal-White,Platinum,0
381.5,0.167,0,1,50,Formal-Eveningwear,Inconsistent-Sizing,1,Edge,Desktop-Web,Kraft-Brown,Silver,1
80.94,0.208,0,10,40,Accessories,True-to-Size,1,Chrome,Android-App,Minimal-White,Platinum,0
255.04,0.444,0,1,50,Footwear,True-to-Size,0,Firefox,iOS-App,Kraft-Brown,Silver,0
63.27,0.209,1,5,20,Formal-Eveningwear,Runs-Slightly-Small,0,Firefox,iOS-App,Branded-Teal,Silver,1
220.59,0.084,0,1,20,Accessories,Inconsistent-Sizing,0,Edge,Desktop-Web,Kraft-Brown,Platinum,0
69.44,0.11,1,9,50,Casual-Tops,Runs-Slightly-Small,1,Firefox,Desktop-Web,Minimal-White,Platinum,1
136.83,0.198,0,6,0,Casual-Tops,True-to-Size,1,Firefox,Desktop-Web,Kraft-Brown,Platinum,0
179.09,0.367,1,5,40,Accessories,True-to-Size,1,Chrome,iOS-App,Kraft-Brown,Gold,0
52.35,0.276,0,2,10,Casual-Tops,True-to-Size,0,Chrome,iOS-App,Kraft-Brown,Gold,0
129.06,0.418,1,11,0,Casual-Tops,True-to-Size,1,Safari,iOS-App,Kraft-Brown,Gold,1
280.06,0.264,1,7,10,Casual-Tops,True-to-Size,0,Safari,Android-App,Branded-Teal,Gold,1
326.23,0.077,1,4,30,Casual-Tops,Inconsistent-Sizing,1,Firefox,iOS-App,Branded-Teal,Gold,1
310.65,0.106,0,10,50,Casual-Tops,Runs-Slightly-Small,0,Safari,Desktop-Web,Minimal-White,Gold,1
137.02,0.192,0,3,40,Casual-Tops,True-to-Size,1,Edge,iOS-App,Kraft-Brown,Silver,0
446.88,0.187,0,1,20,Footwear,True-to-Size,1,Chrome,Desktop-Web,Minimal-White,Silver,1
198.73,0.364,0,1,10,Formal-Eveningwear,Inconsistent-Sizing,0,Chrome,Android-App,Kraft-Brown,Silver,1
354.49,0.041,0,4,0,Casual-Tops,True-to-Size,0,Firefox,Android-App,Branded-Teal,Platinum,0
118.09,0.104,1,2,20,Casual-Tops,True-to-Size,0,Edge,Desktop-Web,Minimal-White,Gold,0
439.46,0.33,0,10,0,Accessories,Runs-Slightly-Small,0,Chrome,Android-App,Kraft-Brown,Gold,1
180.15,0.533,0,4,0,Formal-Eveningwear,Inconsistent-Sizing,0,Firefox,iOS-App,Branded-Teal,Platinum,1
25.01,0.224,1,2,20,Accessories,True-to-Size,0,Firefox,Android-App,Kraft-Brown,Gold,0
288.29,0.082,1,5,0,Accessories,Runs-Slightly-Small,1,Chrome,Android-App,Kraft-Brown,Silver,1
376.75,0.089,1,11,10,Formal-Eveningwear,Runs-Slightly-Small,0,Firefox,Android-App,Minimal-White,Gold,1
421.37,0.1,0,11,40,Footwear,Inconsistent-Sizing,1,Firefox,Desktop-Web,Minimal-White,Gold,1
72.76,0.391,0,10,20,Formal-Eveningwear,True-to-Size,0,Edge,Android-App,Minimal-White,Silver,1
374.77,0.229,0,7,0,Casual-Tops,True-to-Size,1,Edge,iOS-App,Minimal-White,Platinum,0
205.89,0.177,1,6,30,Accessories,Inconsistent-Sizing,0,Firefox,Android-App,Minimal-White,Silver,1
52.95,0.374,1,4,30,Formal-Eveningwear,True-to-Size,1,Edge,Android-App,Branded-Teal,Silver,1
250.2,0.314,0,8,30,Accessories,True-to-Size,1,Chrome,Desktop-Web,Kraft-Brown,Silver,0
317.87,0.046,0,9,0,Accessories,True-to-Size,0,Chrome,Android-App,Kraft-Brown,Silver,0
147.01,0.108,0,3,0,Formal-Eveningwear,True-to-Size,1,Safari,iOS-App,Minimal-White,Gold,0
275.12,0.282,0,4,20,Casual-Tops,True-to-Size,1,Firefox,iOS-App,Kraft-Brown,Gold,0
151.3,0.296,1,9,20,Casual-Tops,Runs-Slightly-Small,1,Edge,Desktop-Web,Minimal-White,Platinum,1
151.58,0.108,0,7,50,Casual-Tops,True-to-Size,0,Safari,Android-App,Branded-Teal,Gold,0
400.21,0.519,0,2,30,Casual-Tops,Runs-Slightly-Small,0,Firefox,Android-App,Kraft-Brown,Silver,1
217.86,0.205,0,4,0,Footwear,True-to-Size,1,Firefox,Android-App,Branded-Teal,Silver,1
130.92,0.569,0,7,30,Casual-Tops,True-to-Size,0,Safari,iOS-App,Minimal-White,Platinum,0
397.63,0.309,0,7,10,Formal-Eveningwear,Runs-Slightly-Small,0,Safari,Desktop-Web,Minimal-White,Silver,1
170.03,0.505,0,1,10,Footwear,True-to-Size,1,Edge,Desktop-Web,Branded-Teal,Silver,0
355.57,0.318,0,4,40,Casual-Tops,Runs-Slightly-Small,1,Safari,Android-App,Kraft-Brown,Platinum,1
289.28,0.416,1,10,30,Formal-Eveningwear,True-to-Size,1,Safari,Android-App,Kraft-Brown,Platinum,1
310,0.225,1,10,40,Formal-Eveningwear,Runs-Slightly-Small,1,Safari,Android-App,Kraft-Brown,Silver,1
200,0.219,0,11,0,Formal-Eveningwear,Inconsistent-Sizing,0,Firefox,iOS-App,Branded-Teal,Silver,1
385.88,0.265,1,5,30,Formal-Eveningwear,Inconsistent-Sizing,0,Firefox,Android-App,Kraft-Brown,Platinum,1
47.58,0.329,1,3,0,Footwear,True-to-Size,0,Chrome,iOS-App,Minimal-White,Gold,1
410.59,0.179,0,4,50,Formal-Eveningwear,True-to-Size,0,Edge,Desktop-Web,Kraft-Brown,Silver,0
100.17,0.292,1,5,40,Footwear,True-to-Size,1,Chrome,Android-App,Minimal-White,Gold,1
346.09,0.295,0,9,50,Accessories,True-to-Size,0,Firefox,iOS-App,Kraft-Brown,Platinum,0
189.24,0.54,0,2,20,Footwear,Inconsistent-Sizing,0,Firefox,iOS-App,Kraft-Brown,Gold,1
94.83,0.176,0,11,30,Formal-Eveningwear,Runs-Slightly-Small,1,Firefox,iOS-App,Kraft-Brown,Gold,1
50.4,0.191,1,4,50,Casual-Tops,Inconsistent-Sizing,1,Edge,iOS-App,Branded-Teal,Platinum,1
272.95,0.419,1,4,10,Casual-Tops,Inconsistent-Sizing,1,Chrome,iOS-App,Minimal-White,Gold,1
442.89,0.162,0,1,20,Accessories,Runs-Slightly-Small,1,Safari,Android-App,Minimal-White,Platinum,0
392.41,0.318,0,3,50,Footwear,Runs-Slightly-Small,0,Safari,Android-App,Branded-Teal,Gold,1
220.08,0.465,1,2,10,Casual-Tops,Runs-Slightly-Small,1,Firefox,Desktop-Web,Branded-Teal,Gold,1
153.07,0.453,0,8,0,Formal-Eveningwear,Inconsistent-Sizing,1,Edge,Android-App,Kraft-Brown,Silver,1
57.11,0.253,0,9,30,Casual-Tops,Runs-Slightly-Small,1,Firefox,Android-App,Kraft-Brown,Platinum,0
82.83,0.323,0,5,40,Formal-Eveningwear,Runs-Slightly-Small,0,Edge,Android-App,Branded-Teal,Silver,1
346.05,0.762,0,1,20,Casual-Tops,True-to-Size,0,Firefox,Desktop-Web,Kraft-Brown,Platinum,0
82.39,0.174,0,7,0,Accessories,Runs-Slightly-Small,1,Chrome,iOS-App,Kraft-Brown,Silver,0
389.12,0.432,0,8,50,Formal-Eveningwear,True-to-Size,1,Chrome,Android-App,Kraft-Brown,Silver,1
163.71,0.241,0,4,50,Casual-Tops,Inconsistent-Sizing,0,Edge,iOS-App,Minimal-White,Platinum,0
296.86,0.528,1,7,50,Footwear,True-to-Size,0,Safari,iOS-App,Kraft-Brown,Silver,1
126.21,0.184,0,1,40,Accessories,Runs-Slightly-Small,1,Chrome,Android-App,Kraft-Brown,Platinum,0
327.29,0.295,1,1,0,Casual-Tops,Inconsistent-Sizing,0,Chrome,Android-App,Minimal-White,Gold,1
61.03,0.558,0,1,40,Formal-Eveningwear,Runs-Slightly-Small,1,Chrome,iOS-App,Minimal-White,Silver,1
67.99,0.16,0,6,50,Accessories,Inconsistent-Sizing,0,Safari,Desktop-Web,Minimal-White,Gold,0
86.9,0.167,1,1,30,Footwear,Inconsistent-Sizing,0,Edge,Android-App,Branded-Teal,Gold,1
194.56,0.268,0,9,0,Casual-Tops,Runs-Slightly-Small,1,Chrome,Android-App,Branded-Teal,Gold,1
223.67,0.23,1,11,10,Casual-Tops,True-to-Size,0,Firefox,Desktop-Web,Branded-Teal,Platinum,1
150.45,0.148,0,1,20,Casual-Tops,True-to-Size,1,Safari,Android-App,Branded-Teal,Gold,0
406.68,0.269,0,11,20,Footwear,Runs-Slightly-Small,1,Edge,Desktop-Web,Kraft-Brown,Platinum,1
241.3,0.177,0,1,10,Formal-Eveningwear,Runs-Slightly-Small,1,Safari,Android-App,Kraft-Brown,Platinum,1
413.87,0.118,0,2,40,Footwear,True-to-Size,0,Chrome,iOS-App,Minimal-White,Silver,0
446.22,0.142,0,11,50,Formal-Eveningwear,True-to-Size,1,Firefox,Android-App,Kraft-Brown,Silver,1
251.34,0.091,1,6,40,Casual-Tops,True-to-Size,1,Chrome,Desktop-Web,Minimal-White,Gold,1
202.36,0.541,1,2,30,Casual-Tops,True-to-Size,0,Chrome,Android-App,Kraft-Brown,Silver,1
145.33,0.259,0,5,10,Footwear,Runs-Slightly-Small,0,Edge,Desktop-Web,Kraft-Brown,Platinum,1
65.5,0.243,0,2,10,Footwear,True-to-Size,1,Edge,Desktop-Web,Minimal-White,Silver,0
206.66,0.195,1,4,30,Casual-Tops,Inconsistent-Sizing,1,Safari,Android-App,Minimal-White,Gold,1
180.94,0.271,1,1,50,Footwear,Runs-Slightly-Small,1,Edge,iOS-App,Branded-Teal,Gold,1
209.3,0.527,1,4,40,Accessories,Runs-Slightly-Small,1,Safari,Android-App,Minimal-White,Gold,1
225.68,0.062,0,7,30,Footwear,Runs-Slightly-Small,0,Edge,iOS-App,Branded-Teal,Platinum,1
385.8,0.22,0,11,10,Footwear,Runs-Slightly-Small,0,Chrome,Android-App,Kraft-Brown,Silver,1
433.74,0.122,0,11,30,Formal-Eveningwear,Runs-Slightly-Small,0,Edge,Desktop-Web,Kraft-Brown,Silver,1
177.07,0.263,0,9,0,Footwear,Inconsistent-Sizing,1,Edge,Desktop-Web,Minimal-White,Platinum,1
442.12,0.543,1,6,20,Footwear,True-to-Size,1,Chrome,iOS-App,Branded-Teal,Gold,1
190.31,0.278,0,7,0,Casual-Tops,Runs-Slightly-Small,0,Chrome,Android-App,Kraft-Brown,Silver,1
289.88,0.161,1,2,20,Footwear,Runs-Slightly-Small,1,Safari,Desktop-Web,Kraft-Brown,Platinum,1
377.47,0.353,0,6,0,Formal-Eveningwear,Runs-Slightly-Small,1,Edge,Android-App,Branded-Teal,Platinum,1
315.22,0.133,1,4,30,Footwear,True-to-Size,1,Chrome,iOS-App,Branded-Teal,Platinum,1
416.38,0.132,0,10,10,Casual-Tops,Inconsistent-Sizing,1,Edge,Desktop-Web,Branded-Teal,Silver,1
69.07,0.285,0,6,10,Footwear,True-to-Size,0,Edge,Android-App,Kraft-Brown,Silver,0
436.77,0.092,0,4,30,Footwear,Runs-Slightly-Small,1,Chrome,iOS-App,Minimal-White,Silver,1
152.34,0.374,0,8,10,Casual-Tops,True-to-Size,0,Edge,iOS-App,Branded-Teal,Gold,0
150.06,0.509,0,1,20,Formal-Eveningwear,True-to-Size,1,Safari,Android-App,Branded-Teal,Gold,0
36.28,0.113,1,11,0,Casual-Tops,Runs-Slightly-Small,1,Edge,Desktop-Web,Minimal-White,Silver,1
298.65,0.178,0,6,30,Formal-Eveningwear,True-to-Size,0,Safari,iOS-App,Branded-Teal,Silver,0
58.47,0.46,1,2,10,Casual-Tops,Runs-Slightly-Small,0,Chrome,Desktop-Web,Minimal-White,Gold,1
201.26,0.094,1,9,10,Casual-Tops,True-to-Size,0,Safari,Android-App,Minimal-White,Gold,1
69.79,0.365,0,8,50,Footwear,Runs-Slightly-Small,0,Chrome,Android-App,Kraft-Brown,Silver,1
74.73,0.615,1,1,30,Casual-Tops,Inconsistent-Sizing,0,Safari,Android-App,Minimal-White,Platinum,1
132.66,0.363,0,10,30,Footwear,Runs-Slightly-Small,0,Edge,Android-App,Branded-Teal,Platinum,1
436.87,0.12,0,9,0,Footwear,Runs-Slightly-Small,0,Firefox,iOS-App,Branded-Teal,Gold,1
219.21,0.401,0,3,20,Footwear,True-to-Size,1,Edge,Desktop-Web,Branded-Teal,Platinum,0
225.55,0.496,0,2,0,Casual-Tops,Inconsistent-Sizing,1,Edge,iOS-App,Branded-Teal,Gold,1
332.5,0.215,1,1,10,Formal-Eveningwear,Inconsistent-Sizing,1,Safari,iOS-App,Branded-Teal,Gold,1
255.38,0.27,0,2,30,Footwear,True-to-Size,1,Chrome,Desktop-Web,Kraft-Brown,Silver,0
213.3,0.593,0,1,40,Accessories,Runs-Slightly-Small,0,Firefox,Android-App,Minimal-White,Silver,0
142.81,0.32,0,1,50,Formal-Eveningwear,Runs-Slightly-Small,1,Safari,Desktop-Web,Kraft-Brown,Platinum,0
189.61,0.087,0,9,50,Footwear,Runs-Slightly-Small,0,Edge,Android-App,Branded-Teal,Silver,1
62.84,0.12,1,8,20,Formal-Eveningwear,Runs-Slightly-Small,0,Safari,Desktop-Web,Branded-Teal,Silver,1
329.92,0.082,0,5,50,Casual-Tops,True-to-Size,1,Chrome,iOS-App,Branded-Teal,Silver,0
107.48,0.28,1,8,30,Casual-Tops,True-to-Size,0,Safari,iOS-App,Minimal-White,Silver,0
193.75,0.185,1,2,50,Casual-Tops,Runs-Slightly-Small,0,Firefox,iOS-App,Minimal-White,Silver,1
253.99,0.1,1,3,20,Formal-Eveningwear,Runs-Slightly-Small,0,Chrome,Android-App,Minimal-White,Silver,1
318.86,0.339,0,9,40,Casual-Tops,True-to-Size,0,Chrome,iOS-App,Minimal-White,Platinum,0
446.33,0.183,0,2,10,Casual-Tops,True-to-Size,0,Chrome,Desktop-Web,Kraft-Brown,Platinum,0
299.37,0.303,0,3,0,Casual-Tops,Runs-Slightly-Small,1,Firefox,Desktop-Web,Minimal-White,Gold,1
130.62,0.581,1,3,20,Formal-Eveningwear,Inconsistent-Sizing,1,Chrome,Android-App,Minimal-White,Platinum,1
270.84,0.302,0,11,40,Formal-Eveningwear,Runs-Slightly-Small,1,Firefox,Android-App,Kraft-Brown,Silver,1
106.74,0.088,0,1,0,Formal-Eveningwear,Runs-Slightly-Small,1,Firefox,Android-App,Kraft-Brown,Gold,0
101.96,0.268,1,4,10,Casual-Tops,True-to-Size,1,Safari,iOS-App,Branded-Teal,Gold,0
375.91,0.295,1,11,40,Footwear,Runs-Slightly-Small,0,Chrome,Android-App,Kraft-Brown,Silver,1
228.47,0.103,0,3,10,Accessories,Runs-Slightly-Small,0,Edge,iOS-App,Minimal-White,Platinum,0
417.78,0.141,0,1,20,Footwear,Runs-Slightly-Small,0,Edge,Desktop-Web,Branded-Teal,Platinum,1
263.74,0.808,0,2,10,Casual-Tops,True-to-Size,0,Chrome,Desktop-Web,Branded-Teal,Silver,1
83.93,0.641,1,2,30,Casual-Tops,Runs-Slightly-Small,0,Edge,iOS-App,Branded-Teal,Gold,1
84.9,0.532,0,4,30,Casual-Tops,True-to-Size,1,Firefox,Desktop-Web,Minimal-White,Silver,0
425.91,0.443,0,8,50,Casual-Tops,Runs-Slightly-Small,0,Chrome,iOS-App,Kraft-Brown,Silver,1
138.72,0.533,0,7,40,Footwear,Runs-Slightly-Small,1,Edge,Android-App,Branded-Teal,Platinum,0
139.8,0.209,0,6,20,Casual-Tops,Runs-Slightly-Small,1,Chrome,Android-App,Branded-Teal,Gold,0
92.36,0.226,0,6,10,Footwear,True-to-Size,0,Chrome,iOS-App,Branded-Teal,Silver,0
257.94,0.311,0,10,50,Casual-Tops,True-to-Size,0,Chrome,iOS-App,Minimal-White,Gold,0
328.46,0.064,0,3,10,Casual-Tops,True-to-Size,1,Firefox,Desktop-Web,Kraft-Brown,Gold,0
326.5,0.219,0,8,50,Footwear,True-to-Size,1,Firefox,Android-App,Kraft-Brown,Platinum,0
325.96,0.105,1,11,10,Formal-Eveningwear,Runs-Slightly-Small,1,Firefox,Android-App,Minimal-White,Platinum,1
78.27,0.091,0,7,10,Footwear,Runs-Slightly-Small,0,Chrome,iOS-App,Branded-Teal,Platinum,1
323.42,0.257,0,6,50,Casual-Tops,Inconsistent-Sizing,0,Safari,Android-App,Branded-Teal,Gold,1
217.17,0.388,0,8,0,Casual-Tops,Runs-Slightly-Small,1,Firefox,Android-App,Minimal-White,Silver,1
249.1,0.496,0,4,10,Casual-Tops,Runs-Slightly-Small,0,Safari,Android-App,Kraft-Brown,Platinum,1
325.52,0.255,0,10,50,Casual-Tops,True-to-Size,1,Edge,Android-App,Kraft-Brown,Gold,0
205.33,0.132,0,3,0,Formal-Eveningwear,True-to-Size,0,Edge,Android-App,Minimal-White,Silver,1
195.87,0.379,1,1,50,Casual-Tops,True-to-Size,0,Firefox,iOS-App,Kraft-Brown,Silver,0
307.07,0.609,1,1,40,Accessories,Runs-Slightly-Small,0,Firefox,iOS-App,Kraft-Brown,Platinum,1
230.98,0.313,0,5,0,Footwear,True-to-Size,1,Firefox,Android-App,Branded-Teal,Platinum,1
429.88,0.493,0,6,20,Formal-Eveningwear,True-to-Size,1,Safari,iOS-App,Kraft-Brown,Silver,1
207.3,0.539,1,4,10,Footwear,True-to-Size,1,Safari,iOS-App,Kraft-Brown,Gold,1
383.25,0.639,0,11,30,Footwear,True-to-Size,1,Chrome,Desktop-Web,Branded-Teal,Silver,1
196.75,0.048,1,5,20,Footwear,True-to-Size,0,Edge,Android-App,Branded-Teal,Silver,1
27.34,0.175,0,4,30,Footwear,Runs-Slightly-Small,1,Chrome,iOS-App,Kraft-Brown,Silver,0
357.19,0.224,1,8,20,Accessories,Inconsistent-Sizing,0,Edge,Android-App,Kraft-Brown,Gold,1
73.9,0.318,0,11,30,Casual-Tops,True-to-Size,1,Chrome,Android-App,Minimal-White,Platinum,0
52.11,0.226,1,1,0,Formal-Eveningwear,True-to-Size,0,Edge,Android-App,Minimal-White,Platinum,1
113.92,0.402,1,2,30,Accessories,Runs-Slightly-Small,1,Firefox,Desktop-Web,Minimal-White,Platinum,0
239.93,0.067,0,9,50,Formal-Eveningwear,Runs-Slightly-Small,1,Safari,iOS-App,Kraft-Brown,Platinum,1
173.7,0.219,1,5,40,Formal-Eveningwear,Runs-Slightly-Small,0,Edge,iOS-App,Minimal-White,Silver,1
141.95,0.12,0,9,30,Formal-Eveningwear,Runs-Slightly-Small,1,Chrome,Desktop-Web,Minimal-White,Silver,1
145.69,0.382,0,8,20,Formal-Eveningwear,Runs-Slightly-Small,0,Firefox,Desktop-Web,Branded-Teal,Platinum,1
304.44,0.216,0,7,30,Formal-Eveningwear,True-to-Size,0,Safari,Desktop-Web,Kraft-Brown,Gold,0
229.77,0.079,0,5,0,Footwear,Inconsistent-Sizing,0,Safari,Desktop-Web,Minimal-White,Platinum,1
29.34,0.093,0,2,40,Footwear,True-to-Size,1,Edge,iOS-App,Kraft-Brown,Silver,0
244.96,0.681,0,11,10,Formal-Eveningwear,Runs-Slightly-Small,0,Edge,iOS-App,Kraft-Brown,Gold,1
236.65,0.197,0,10,40,Accessories,Inconsistent-Sizing,0,Firefox,Android-App,Minimal-White,Platinum,0
191.57,0.67,1,1,10,Footwear,True-to-Size,0,Chrome,Desktop-Web,Branded-Teal,Gold,1
314.74,0.264,1,7,0,Accessories,True-to-Size,1,Firefox,Android-App,Minimal-White,Platinum,1
117.09,0.67,0,7,40,Accessories,Inconsistent-Sizing,1,Firefox,Desktop-Web,Branded-Teal,Platinum,1
441.04,0.713,0,8,40,Footwear,Runs-Slightly-Small,0,Edge,Android-App,Minimal-White,Silver,1
291.01,0.172,1,5,10,Accessories,Inconsistent-Sizing,1,Edge,iOS-App,Minimal-White,Silver,1
56.04,0.184,1,7,0,Formal-Eveningwear,True-to-Size,0,Safari,Desktop-Web,Minimal-White,Gold,1
212.19,0.157,0,9,40,Formal-Eveningwear,True-to-Size,0,Chrome,Android-App,Kraft-Brown,Platinum,1
150.11,0.619,0,9,0,Formal-Eveningwear,True-to-Size,0,Safari,Android-App,Branded-Teal,Silver,1
312.46,0.275,0,3,30,Accessories,True-to-Size,1,Chrome,iOS-App,Minimal-White,Platinum,0
110.96,0.125,1,10,30,Accessories,Inconsistent-Sizing,1,Firefox,Android-App,Branded-Teal,Gold,1
333.3,0.362,1,4,10,Footwear,Runs-Slightly-Small,0,Chrome,Android-App,Branded-Teal,Platinum,1
305.18,0.246,0,11,0,Accessories,Inconsistent-Sizing,0,Edge,Desktop-Web,Minimal-White,Gold,1
225.63,0.046,0,8,10,Casual-Tops,Runs-Slightly-Small,0,Safari,Android-App,Branded-Teal,Platinum,1
153.12,0.24,0,7,50,Footwear,Runs-Slightly-Small,0,Safari,iOS-App,Kraft-Brown,Gold,0
263.48,0.125,0,11,20,Casual-Tops,Inconsistent-Sizing,1,Safari,Android-App,Branded-Teal,Gold,1
134.03,0.143,0,8,40,Formal-Eveningwear,True-to-Size,0,Chrome,iOS-App,Minimal-White,Gold,0
74.49,0.168,0,6,40,Footwear,True-to-Size,1,Firefox,Desktop-Web,Branded-Teal,Silver,0
92.38,0.068,0,4,20,Accessories,Runs-Slightly-Small,1,Safari,iOS-App,Kraft-Brown,Gold,0
314.16,0.287,1,7,10,Casual-Tops,True-to-Size,0,Edge,iOS-App,Minimal-White,Gold,1
48.33,0.203,1,2,20,Footwear,True-to-Size,1,Safari,iOS-App,Minimal-White,Platinum,0
416.37,0.599,0,10,0,Accessories,True-to-Size,0,Edge,iOS-App,Kraft-Brown,Silver,1
100.26,0.033,1,9,0,Formal-Eveningwear,Inconsistent-Sizing,0,Safari,Desktop-Web,Branded-Teal,Gold,1
221.88,0.254,1,4,40,Casual-Tops,True-to-Size,0,Safari,Desktop-Web,Kraft-Brown,Gold,1
438.65,0.03,0,6,50,Casual-Tops,True-to-Size,1,Firefox,Desktop-Web,Branded-Teal,Silver,0
177.36,0.381,1,6,10,Casual-Tops,Inconsistent-Sizing,1,Safari,Android-App,Minimal-White,Gold,1
275.96,0.142,0,7,40,Casual-Tops,Runs-Slightly-Small,0,Firefox,Desktop-Web,Kraft-Brown,Silver,0
373.76,0.245,1,1,0,Accessories,True-to-Size,1,Edge,iOS-App,Branded-Teal,Silver,1
425.57,0.388,1,6,0,Footwear,True-to-Size,1,Safari,Android-App,Minimal-White,Platinum,1
307.72,0.31,0,4,0,Formal-Eveningwear,Inconsistent-Sizing,0,Edge,Desktop-Web,Minimal-White,Gold,1
156.33,0.452,0,11,20,Accessories,True-to-Size,1,Safari,iOS-App,Kraft-Brown,Gold,0
294.08,0.446,0,7,50,Casual-Tops,Runs-Slightly-Small,0,Chrome,Desktop-Web,Minimal-White,Gold,1
35.95,0.176,1,8,20,Footwear,True-to-Size,1,Firefox,Android-App,Kraft-Brown,Silver,1
154.18,0.235,0,7,40,Footwear,Inconsistent-Sizing,1,Firefox,Android-App,Kraft-Brown,Gold,1
136.98,0.263,0,10,0,Casual-Tops,Runs-Slightly-Small,0,Firefox,iOS-App,Branded-Teal,Gold,1
128.21,0.463,0,10,10,Footwear,True-to-Size,1,Firefox,Android-App,Kraft-Brown,Silver,1
78.28,0.222,1,3,0,Footwear,Inconsistent-Sizing,0,Firefox,Android-App,Kraft-Brown,Gold,1
230.82,0.592,0,2,20,Accessories,Inconsistent-Sizing,1,Firefox,Desktop-Web,Minimal-White,Platinum,1
94.96,0.175,0,4,40,Casual-Tops,True-to-Size,0,Safari,Android-App,Kraft-Brown,Silver,0
229.79,0.095,0,1,0,Accessories,Inconsistent-Sizing,1,Firefox,Desktop-Web,Minimal-White,Silver,0
65.4,0.331,0,3,10,Formal-Eveningwear,True-to-Size,0,Chrome,iOS-App,Branded-Teal,Gold,1
63.85,0.419,0,8,20,Footwear,Inconsistent-Sizing,0,Edge,Desktop-Web,Branded-Teal,Platinum,1
440.76,0.42,1,10,20,Accessories,Runs-Slightly-Small,1,Chrome,iOS-App,Branded-Teal,Gold,1
214.36,0.133,0,6,50,Accessories,Runs-Slightly-Small,0,Edge,Desktop-Web,Kraft-Brown,Silver,0
107.86,0.124,0,1,40,Accessories,True-to-Size,0,Safari,Android-App,Minimal-White,Gold,0
367.57,0.081,1,5,0,Casual-Tops,Runs-Slightly-Small,0,Edge,Android-App,Kraft-Brown,Gold,1
446.35,0.334,0,11,30,Casual-Tops,Inconsistent-Sizing,1,Chrome,Desktop-Web,Branded-Teal,Silver,1
56.15,0.225,0,11,0,Accessories,True-to-Size,1,Edge,iOS-App,Branded-Teal,Platinum,0
43.91,0.21,1,10,0,Footwear,True-to-Size,0,Safari,iOS-App,Branded-Teal,Platinum,1
162.67,0.247,0,11,0,Formal-Eveningwear,True-to-Size,0,Chrome,Android-App,Branded-Teal,Silver,1
253.32,0.141,1,11,30,Formal-Eveningwear,True-to-Size,0,Chrome,iOS-App,Minimal-White,Gold,1
296.42,0.365,1,5,50,Footwear,Runs-Slightly-Small,0,Safari,Android-App,Minimal-White,Platinum,1
306.81,0.192,0,3,10,Accessories,True-to-Size,0,Edge,Android-App,Kraft-Brown,Silver,0
358.49,0.115,1,8,30,Formal-Eveningwear,Inconsistent-Sizing,0,Firefox,iOS-App,Minimal-White,Platinum,1
103.29,0.403,1,9,0,Casual-Tops,True-to-Size,0,Safari,iOS-App,Kraft-Brown,Platinum,1
193.61,0.506,1,9,10,Casual-Tops,Inconsistent-Sizing,0,Chrome,Android-App,Branded-Teal,Gold,1
199.38,0.076,0,10,50,Formal-Eveningwear,True-to-Size,0,Safari,iOS-App,Kraft-Brown,Gold,0
37.96,0.186,0,6,10,Formal-Eveningwear,True-to-Size,1,Safari,Desktop-Web,Minimal-White,Platinum,0
212.21,0.106,0,11,40,Formal-Eveningwear,Runs-Slightly-Small,0,Chrome,Desktop-Web,Kraft-Brown,Platinum,1
278.03,0.41,0,8,10,Formal-Eveningwear,True-to-Size,1,Safari,Android-App,Branded-Teal,Silver,1
430.62,0.465,0,9,50,Accessories,Runs-Slightly-Small,0,Edge,iOS-App,Branded-Teal,Silver,1
149.01,0.278,0,1,10,Accessories,Runs-Slightly-Small,0,Chrome,Desktop-Web,Kraft-Brown,Platinum,0
248.25,0.141,1,9,20,Footwear,Runs-Slightly-Small,1,Chrome,Android-App,Branded-Teal,Platinum,1
151.92,0.288,0,5,40,Formal-Eveningwear,Runs-Slightly-Small,1,Edge,Desktop-Web,Kraft-Brown,Gold,1
332.5,0.195,0,1,0,Casual-Tops,True-to-Size,0,Chrome,Android-App,Minimal-White,Gold,0
207.8,0.185,0,4,30,Formal-Eveningwear,Inconsistent-Sizing,0,Chrome,Android-App,Kraft-Brown,Platinum,1
296.1,0.522,0,3,0,Casual-Tops,True-to-Size,1,Firefox,Android-App,Kraft-Brown,Platinum,1
168.84,0.129,1,7,10,Footwear,True-to-Size,1,Edge,iOS-App,Branded-Teal,Silver,1
248.71,0.219,0,8,20,Accessories,True-to-Size,0,Chrome,Desktop-Web,Kraft-Brown,Platinum,0
104.19,0.578,1,5,0,Formal-Eveningwear,True-to-Size,1,Firefox,Desktop-Web,Branded-Teal,Silver,1
323.77,0.251,0,2,0,Formal-Eveningwear,True-to-Size,1,Firefox,Desktop-Web,Kraft-Brown,Platinum,1
113.99,0.327,0,1,0,Formal-Eveningwear,True-to-Size,0,Safari,Desktop-Web,Branded-Teal,Gold,0
365.37,0.238,0,8,0,Casual-Tops,Inconsistent-Sizing,0,Chrome,Android-App,Kraft-Brown,Platinum,1
421.31,0.11,0,6,50,Casual-Tops,True-to-Size,0,Safari,iOS-App,Kraft-Brown,Platinum,0
262.82,0.285,0,1,30,Formal-Eveningwear,True-to-Size,0,Edge,Desktop-Web,Branded-Teal,Silver,0
387.89,0.304,1,3,30,Accessories,Runs-Slightly-Small,1,Firefox,iOS-App,Branded-Teal,Platinum,1
293.18,0.306,0,3,0,Accessories,True-to-Size,1,Chrome,iOS-App,Minimal-White,Silver,0
212.98,0.071,1,11,10,Casual-Tops,Inconsistent-Sizing,0,Chrome,Android-App,Branded-Teal,Platinum,1
53.05,0.445,0,11,20,Formal-Eveningwear,True-to-Size,0,Edge,Android-App,Minimal-White,Silver,1
313.62,0.246,1,11,30,Footwear,Runs-Slightly-Small,1,Safari,iOS-App,Kraft-Brown,Silver,1
355.3,0.391,0,6,40,Formal-Eveningwear,True-to-Size,0,Firefox,Desktop-Web,Branded-Teal,Gold,1
176.08,0.163,0,6,0,Casual-Tops,Runs-Slightly-Small,1,Firefox,iOS-App,Kraft-Brown,Silver,1
68.8,0.282,0,1,50,Casual-Tops,True-to-Size,1,Safari,Desktop-Web,Kraft-Brown,Gold,0
321.81,0.424,1,2,20,Footwear,Runs-Slightly-Small,0,Chrome,iOS-App,Branded-Teal,Silver,1
153.03,0.109,0,1,20,Footwear,Runs-Slightly-Small,0,Safari,Android-App,Minimal-White,Silver,0
59.6,0.128,0,8,50,Formal-Eveningwear,Runs-Slightly-Small,1,Firefox,Android-App,Kraft-Brown,Silver,1
418.78,0.394,0,4,20,Accessories,Runs-Slightly-Small,1,Chrome,Android-App,Minimal-White,Platinum,1
170.66,0.102,0,2,50,Casual-Tops,True-to-Size,1,Edge,iOS-App,Minimal-White,Silver,0
407.69,0.262,0,9,30,Accessories,True-to-Size,0,Edge,Desktop-Web,Minimal-White,Platinum,0
128.07,0.268,1,2,40,Footwear,True-to-Size,0,Firefox,Android-App,Kraft-Brown,Platinum,0
217.02,0.15,0,2,20,Accessories,True-to-Size,1,Edge,iOS-App,Kraft-Brown,Gold,0
270.61,0.287,1,10,40,Footwear,Runs-Slightly-Small,1,Firefox,Desktop-Web,Branded-Teal,Gold,1
231.44,0.061,0,10,0,Casual-Tops,Runs-Slightly-Small,1,Chrome,iOS-App,Branded-Teal,Silver,1
132.5,0.346,0,2,50,Accessories,Inconsistent-Sizing,1,Edge,iOS-App,Kraft-Brown,Gold,0
354.99,0.087,0,4,20,Footwear,True-to-Size,1,Firefox,Android-App,Branded-Teal,Platinum,0
147.51,0.092,0,1,20,Casual-Tops,Runs-Slightly-Small,0,Edge,Android-App,Minimal-White,Silver,0
363.3,0.417,0,9,50,Accessories,Runs-Slightly-Small,0,Safari,Android-App,Kraft-Brown,Gold,1
29.96,0.273,0,11,40,Footwear,Runs-Slightly-Small,0,Firefox,Android-App,Branded-Teal,Gold,1
423.2,0.143,0,7,40,Accessories,True-to-Size,1,Safari,Desktop-Web,Minimal-White,Silver,0
447.07,0.112,1,1,0,Footwear,Inconsistent-Sizing,0,Safari,Desktop-Web,Minimal-White,Platinum,1
62.67,0.368,0,8,20,Formal-Eveningwear,True-to-Size,1,Edge,iOS-App,Minimal-White,Platinum,1
224.56,0.224,1,11,0,Footwear,Runs-Slightly-Small,0,Safari,iOS-App,Branded-Teal,Gold,1
372.17,0.282,1,1,0,Accessories,True-to-Size,0,Edge,iOS-App,Branded-Teal,Silver,1
259.89,0.035,0,5,0,Casual-Tops,True-to-Size,0,Chrome,Android-App,Kraft-Brown,Gold,0
195.18,0.513,1,2,40,Casual-Tops,Runs-Slightly-Small,0,Edge,Android-App,Kraft-Brown,Platinum,1
101.21,0.342,0,4,30,Accessories,True-to-Size,0,Edge,Android-App,Kraft-Brown,Silver,0
145.04,0.222,0,2,10,Accessories,True-to-Size,0,Edge,Android-App,Kraft-Brown,Platinum,0
295.4,0.233,0,11,50,Casual-Tops,Inconsistent-Sizing,1,Chrome,iOS-App,Branded-Teal,Platinum,1
266.95,0.157,0,3,30,Formal-Eveningwear,Inconsistent-Sizing,1,Safari,iOS-App,Branded-Teal,Platinum,1
328.53,0.329,1,9,50,Footwear,Runs-Slightly-Small,1,Safari,Desktop-Web,Branded-Teal,Gold,1
339.64,0.045,0,6,0,Footwear,True-to-Size,0,Edge,iOS-App,Minimal-White,Platinum,1
383.82,0.292,0,11,20,Footwear,Runs-Slightly-Small,1,Chrome,iOS-App,Minimal-White,Gold,1
417.37,0.399,0,3,40,Footwear,True-to-Size,1,Chrome,iOS-App,Kraft-Brown,Platinum,1
269.53,0.439,0,10,30,Casual-Tops,Inconsistent-Sizing,0,Firefox,Desktop-Web,Minimal-White,Platinum,1
395.67,0.333,0,10,30,Formal-Eveningwear,True-to-Size,1,Edge,Desktop-Web,Branded-Teal,Platinum,1
153.38,0.22,0,1,10,Casual-Tops,True-to-Size,1,Safari,iOS-App,Minimal-White,Platinum,0
445.33,0.261,0,10,0,Casual-Tops,Runs-Slightly-Small,0,Edge,Desktop-Web,Kraft-Brown,Silver,1
332.45,0.271,0,7,10,Formal-Eveningwear,Runs-Slightly-Small,0,Edge,Android-App,Branded-Teal,Silver,1
254.91,0.009,0,10,20,Accessories,Runs-Slightly-Small,1,Chrome,iOS-App,Minimal-White,Gold,0
403.78,0.359,0,9,10,Formal-Eveningwear,True-to-Size,0,Safari,Android-App,Branded-Teal,Platinum,1
275.97,0.323,0,3,40,Formal-Eveningwear,Runs-Slightly-Small,0,Chrome,iOS-App,Branded-Teal,Silver,1
415.57,0.091,1,1,0,Footwear,True-to-Size,1,Edge,Android-App,Minimal-White,Silver,1
386.28,0.443,0,7,30,Formal-Eveningwear,Inconsistent-Sizing,0,Chrome,Desktop-Web,Branded-Teal,Silver,1
250.71,0.138,0,8,50,Casual-Tops,True-to-Size,1,Safari,Android-App,Branded-Teal,Platinum,0
428.86,0.276,0,8,0,Footwear,Runs-Slightly-Small,0,Safari,Android-App,Branded-Teal,Platinum,1
71.62,0.19,1,3,20,Casual-Tops,Runs-Slightly-Small,1,Edge,Desktop-Web,Branded-Teal,Silver,1
426.13,0.188,1,11,30,Casual-Tops,Runs-Slightly-Small,1,Chrome,iOS-App,Branded-Teal,Silver,1
55.56,0.402,0,5,0,Casual-Tops,Runs-Slightly-Small,0,Edge,iOS-App,Branded-Teal,Platinum,0
240.35,0.15,0,6,40,Casual-Tops,True-to-Size,1,Firefox,Android-App,Minimal-White,Gold,0
388.58,0.159,0,2,20,Formal-Eveningwear,True-to-Size,0,Chrome,Desktop-Web,Kraft-Brown,Gold,1
94.5,0.214,1,1,30,Footwear,True-to-Size,0,Safari,Android-App,Minimal-White,Silver,0
26.82,0.186,0,4,30,Formal-Eveningwear,True-to-Size,1,Safari,iOS-App,Branded-Teal,Silver,0
326.33,0.403,0,11,10,Casual-Tops,True-to-Size,0,Edge,Desktop-Web,Minimal-White,Gold,1
176.36,0.18,0,4,40,Formal-Eveningwear,True-to-Size,1,Edge,Android-App,Minimal-White,Platinum,0
85.77,0.075,1,6,30,Casual-Tops,Runs-Slightly-Small,0,Chrome,iOS-App,Minimal-White,Gold,1
200.89,0.433,1,10,50,Formal-Eveningwear,True-to-Size,1,Chrome,Desktop-Web,Kraft-Brown,Platinum,1
414.07,0.628,0,11,50,Formal-Eveningwear,Inconsistent-Sizing,0,Firefox,Desktop-Web,Kraft-Brown,Silver,1
340.85,0.115,0,7,10,Casual-Tops,True-to-Size,0,Chrome,Android-App,Minimal-White,Platinum,0
117.98,0.164,1,2,10,Casual-Tops,True-to-Size,0,Edge,iOS-App,Branded-Teal,Silver,0
87.49,0.471,0,10,30,Casual-Tops,True-to-Size,1,Safari,Android-App,Branded-Teal,Platinum,0
363.19,0.504,0,8,20,Casual-Tops,Runs-Slightly-Small,0,Firefox,iOS-App,Branded-Teal,Silver,1
161.17,0.317,0,1,30,Accessories,True-to-Size,0,Chrome,Desktop-Web,Branded-Teal,Silver,0
406.79,0.314,1,2,10,Footwear,Runs-Slightly-Small,1,Chrome,iOS-App,Branded-Teal,Gold,1
161.41,0.361,0,6,20,Formal-Eveningwear,True-to-Size,1,Firefox,iOS-App,Minimal-White,Silver,1
165.22,0.207,0,4,20,Footwear,Runs-Slightly-Small,0,Firefox,Android-App,Branded-Teal,Gold,1
385.96,0.2,0,11,20,Accessories,True-to-Size,1,Chrome,iOS-App,Branded-Teal,Silver,0
53.42,0.231,1,4,20,Casual-Tops,True-to-Size,0,Safari,iOS-App,Branded-Teal,Silver,0
50.52,0.32,1,4,50,Formal-Eveningwear,True-to-Size,0,Firefox,iOS-App,Kraft-Brown,Platinum,0
81,0.116,1,8,40,Casual-Tops,Runs-Slightly-Small,1,Edge,Desktop-Web,Minimal-White,Platinum,1
367.08,0.433,0,11,40,Casual-Tops,Runs-Slightly-Small,0,Firefox,iOS-App,Minimal-White,Gold,1
289.91,0.322,1,9,40,Accessories,Runs-Slightly-Small,1,Edge,iOS-App,Kraft-Brown,Platinum,1
406.43,0.074,0,11,10,Casual-Tops,True-to-Size,0,Firefox,Desktop-Web,Kraft-Brown,Gold,1
184.55,0.024,0,8,10,Accessories,True-to-Size,1,Edge,Android-App,Branded-Teal,Silver,0
259.2,0.266,0,5,40,Footwear,Inconsistent-Sizing,1,Firefox,iOS-App,Kraft-Brown,Silver,1
428.84,0.065,0,9,40,Footwear,Runs-Slightly-Small,1,Firefox,Desktop-Web,Minimal-White,Gold,1
357.74,0.415,0,11,30,Formal-Eveningwear,True-to-Size,0,Edge,Android-App,Minimal-White,Gold,1
239.06,0.382,1,4,40,Footwear,True-to-Size,0,Safari,iOS-App,Kraft-Brown,Platinum,1
116.29,0.151,1,1,10,Footwear,Inconsistent-Sizing,0,Safari,Desktop-Web,Minimal-White,Silver,1
316.58,0.419,1,9,10,Formal-Eveningwear,True-to-Size,0,Firefox,Android-App,Branded-Teal,Gold,1
322.63,0.222,0,4,0,Footwear,True-to-Size,1,Edge,Android-App,Minimal-White,Platinum,1
322.82,0.283,0,5,40,Formal-Eveningwear,Runs-Slightly-Small,1,Edge,iOS-App,Branded-Teal,Gold,1
91.08,0.458,1,8,40,Accessories,Inconsistent-Sizing,0,Safari,iOS-App,Minimal-White,Gold,1
218.83,0.311,1,10,0,Formal-Eveningwear,Runs-Slightly-Small,0,Firefox,iOS-App,Minimal-White,Gold,1
380.73,0.034,0,6,0,Footwear,True-to-Size,0,Safari,Android-App,Branded-Teal,Platinum,1
415.25,0.3,0,3,40,Footwear,True-to-Size,1,Edge,Desktop-Web,Minimal-White,Gold,1
435.98,0.51,0,8,30,Casual-Tops,True-to-Size,0,Chrome,iOS-App,Minimal-White,Gold,1
207.05,0.724,0,6,30,Footwear,Runs-Slightly-Small,0,Edge,iOS-App,Minimal-White,Platinum,1
218.06,0.139,0,7,50,Formal-Eveningwear,True-to-Size,1,Chrome,iOS-App,Minimal-White,Gold,0
347.75,0.459,0,1,0,Footwear,Runs-Slightly-Small,0,Safari,iOS-App,Minimal-White,Platinum,1
264.43,0.23,0,7,40,Casual-Tops,Runs-Slightly-Small,0,Chrome,Android-App,Kraft-Brown,Silver,0
266.92,0.617,0,3,10,Footwear,Runs-Slightly-Small,1,Safari,Android-App,Kraft-Brown,Silver,1
309.22,0.138,1,8,40,Casual-Tops,True-to-Size,1,Edge,Desktop-Web,Branded-Teal,Platinum,1
92.57,0.278,1,5,10,Footwear,Runs-Slightly-Small,0,Edge,iOS-App,Branded-Teal,Gold,1
185.28,0.159,0,10,20,Casual-Tops,True-to-Size,0,Chrome,Desktop-Web,Branded-Teal,Silver,0
299.96,0.292,0,3,10,Footwear,Inconsistent-Sizing,1,Safari,iOS-App,Kraft-Brown,Gold,1
286.44,0.18,1,3,50,Formal-Eveningwear,True-to-Size,1,Firefox,Desktop-Web,Minimal-White,Gold,1
305.4,0.108,1,4,30,Footwear,Inconsistent-Sizing,1,Safari,Desktop-Web,Minimal-White,Gold,1
170.31,0.095,0,8,50,Casual-Tops,True-to-Size,0,Firefox,iOS-App,Branded-Teal,Silver,0
75.87,0.271,1,8,50,Formal-Eveningwear,True-to-Size,1,Chrome,Android-App,Branded-Teal,Platinum,1
283.46,0.264,0,11,10,Casual-Tops,Runs-Slightly-Small,0,Firefox,Android-App,Minimal-White,Platinum,1
390.82,0.098,0,11,30,Casual-Tops,Inconsistent-Sizing,1,Edge,iOS-App,Branded-Teal,Silver,1
169.02,0.368,0,6,10,Casual-Tops,True-to-Size,0,Safari,Desktop-Web,Minimal-White,Platinum,0
116,0.059,1,3,20,Casual-Tops,Inconsistent-Sizing,1,Safari,iOS-App,Kraft-Brown,Gold,1
342.86,0.12,0,1,20,Footwear,Runs-Slightly-Small,0,Edge,iOS-App,Branded-Teal,Silver,1
85.67,0.105,0,10,0,Formal-Eveningwear,True-to-Size,0,Firefox,Android-App,Branded-Teal,Platinum,1
434.08,0.083,1,3,50,Casual-Tops,Runs-Slightly-Small,0,Firefox,Desktop-Web,Branded-Teal,Silver,1
377.83,0.154,1,10,40,Footwear,True-to-Size,1,Edge,Desktop-Web,Minimal-White,Gold,1
408.58,0.324,0,5,40,Footwear,Runs-Slightly-Small,0,Firefox,Android-App,Kraft-Brown,Platinum,1
237.39,0.487,0,1,20,Casual-Tops,Inconsistent-Sizing,1,Chrome,iOS-App,Kraft-Brown,Platinum,1
154.69,0.151,0,5,20,Footwear,True-to-Size,1,Firefox,iOS-App,Minimal-White,Gold,0
273.17,0.346,0,9,50,Casual-Tops,Runs-Slightly-Small,1,Edge,Android-App,Minimal-White,Gold,1
104.23,0.094,0,9,10,Formal-Eveningwear,True-to-Size,1,Firefox,Desktop-Web,Kraft-Brown,Platinum,0
28.03,0.683,1,9,50,Footwear,True-to-Size,0,Edge,Android-App,Minimal-White,Platinum,1
182.63,0.349,0,2,0,Footwear,True-to-Size,1,Chrome,Desktop-Web,Kraft-Brown,Gold,0
366.18,0.425,0,5,40,Footwear,Inconsistent-Sizing,0,Firefox,iOS-App,Branded-Teal,Gold,1
115.37,0.404,1,6,50,Accessories,True-to-Size,1,Safari,iOS-App,Kraft-Brown,Platinum,0
140.85,0.562,1,9,10,Footwear,Runs-Slightly-Small,1,Firefox,Desktop-Web,Branded-Teal,Gold,1
317.95,0.188,0,2,40,Footwear,True-to-Size,0,Edge,Desktop-Web,Kraft-Brown,Silver,0
271.63,0.086,0,7,20,Accessories,Runs-Slightly-Small,0,Safari,Android-App,Kraft-Brown,Platinum,0
178.52,0.125,0,6,0,Accessories,Runs-Slightly-Small,1,Safari,Android-App,Branded-Teal,Gold,0
338.19,0.507,0,9,40,Footwear,True-to-Size,1,Chrome,iOS-App,Kraft-Brown,Platinum,1
104.44,0.203,0,11,0,Formal-Eveningwear,Runs-Slightly-Small,1,Edge,iOS-App,Branded-Teal,Silver,1
404.51,0.05,1,9,10,Accessories,True-to-Size,0,Safari,Desktop-Web,Minimal-White,Gold,1
168.34,0.231,1,2,0,Formal-Eveningwear,Runs-Slightly-Small,1,Chrome,Android-App,Kraft-Brown,Gold,1
342,0.579,1,4,30,Formal-Eveningwear,Inconsistent-Sizing,0,Safari,Desktop-Web,Branded-Teal,Platinum,1
306.03,0.488,1,3,50,Casual-Tops,Inconsistent-Sizing,1,Chrome,Desktop-Web,Kraft-Brown,Silver,1
220.74,0.237,1,2,50,Footwear,True-to-Size,1,Chrome,iOS-App,Minimal-White,Silver,1
151.16,0.516,0,1,20,Casual-Tops,Inconsistent-Sizing,1,Edge,iOS-App,Kraft-Brown,Gold,1
233.59,0.154,1,6,20,Accessories,Inconsistent-Sizing,0,Edge,Android-App,Kraft-Brown,Gold,1
119.72,0.113,1,7,30,Footwear,True-to-Size,1,Chrome,Desktop-Web,Kraft-Brown,Gold,1
370.22,0.249,1,4,0,Formal-Eveningwear,True-to-Size,0,Chrome,iOS-App,Kraft-Brown,Platinum,1
383.77,0.12,1,10,20,Formal-Eveningwear,True-to-Size,1,Edge,iOS-App,Branded-Teal,Gold,1
421.54,0.078,1,6,20,Footwear,True-to-Size,1,Edge,iOS-App,Minimal-White,Platinum,1
389.36,0.329,0,6,40,Casual-Tops,Runs-Slightly-Small,0,Safari,Android-App,Minimal-White,Silver,1
421.84,0.428,1,1,50,Footwear,Runs-Slightly-Small,1,Edge,Desktop-Web,Branded-Teal,Gold,1
103.38,0.578,0,5,0,Footwear,True-to-Size,0,Edge,Desktop-Web,Branded-Teal,Platinum,0
202.12,0.11,1,11,20,Footwear,True-to-Size,0,Firefox,iOS-App,Kraft-Brown,Silver,1
148.75,0.216,0,4,30,Casual-Tops,True-to-Size,0,Chrome,Android-App,Branded-Teal,Platinum,0
48.24,0.157,1,10,0,Casual-Tops,Runs-Slightly-Small,1,Edge,Android-App,Minimal-White,Silver,1
75.24,0.376,1,1,50,Footwear,True-to-Size,0,Firefox,iOS-App,Minimal-White,Platinum,0
180.85,0.267,0,1,20,Casual-Tops,Runs-Slightly-Small,1,Edge,iOS-App,Kraft-Brown,Silver,0
286.73,0.43,0,1,30,Casual-Tops,True-to-Size,0,Safari,Android-App,Kraft-Brown,Silver,0
304.02,0.326,0,10,40,Accessories,True-to-Size,1,Safari,iOS-App,Kraft-Brown,Gold,0
297.45,0.084,0,2,10,Casual-Tops,Inconsistent-Sizing,0,Edge,iOS-App,Branded-Teal,Silver,1
429.65,0.625,0,6,10,Formal-Eveningwear,Runs-Slightly-Small,0,Edge,Desktop-Web,Branded-Teal,Gold,1
251.35,0.273,1,2,40,Footwear,Runs-Slightly-Small,1,Edge,Desktop-Web,Minimal-White,Gold,1
271.53,0.442,0,11,50,Casual-Tops,Runs-Slightly-Small,0,Edge,Android-App,Branded-Teal,Platinum,1
91.34,0.443,1,8,50,Footwear,Inconsistent-Sizing,1,Chrome,Android-App,Kraft-Brown,Platinum,1
286.3,0.449,1,8,10,Footwear,Runs-Slightly-Small,1,Chrome,iOS-App,Branded-Teal,Silver,1
152.9,0.502,0,5,0,Formal-Eveningwear,True-to-Size,1,Safari,Desktop-Web,Branded-Teal,Silver,1
261.01,0.228,0,6,50,Casual-Tops,Runs-Slightly-Small,0,Firefox,Desktop-Web,Kraft-Brown,Gold,0
271.86,0.215,1,7,0,Footwear,Inconsistent-Sizing,0,Chrome,Android-App,Minimal-White,Gold,1
203.36,0.24,0,7,20,Casual-Tops,True-to-Size,1,Edge,Desktop-Web,Branded-Teal,Silver,0
367.09,0.386,1,3,0,Accessories,Runs-Slightly-Small,1,Edge,Desktop-Web,Minimal-White,Gold,1
44.3,0.014,1,5,50,Footwear,True-to-Size,1,Edge,Android-App,Minimal-White,Gold,0
171.15,0.107,0,4,40,Accessories,Runs-Slightly-Small,0,Safari,Android-App,Kraft-Brown,Platinum,0
76.99,0.018,0,7,50,Formal-Eveningwear,True-to-Size,0,Chrome,Desktop-Web,Branded-Teal,Platinum,0
215.39,0.547,1,9,10,Casual-Tops,True-to-Size,0,Safari,Desktop-Web,Branded-Teal,Silver,1
388.32,0.497,0,7,20,Casual-Tops,True-to-Size,1,Edge,Android-App,Kraft-Brown,Gold,0
62.81,0.273,0,9,30,Accessories,Runs-Slightly-Small,1,Chrome,Android-App,Minimal-White,Silver,0
110.08,0.511,1,1,30,Casual-Tops,Runs-Slightly-Small,1,Chrome,Desktop-Web,Kraft-Brown,Gold,1
280.27,0.562,0,11,0,Casual-Tops,Runs-Slightly-Small,0,Safari,iOS-App,Kraft-Brown,Silver,1
47.74,0.346,0,3,0,Formal-Eveningwear,Runs-Slightly-Small,1,Safari,iOS-App,Minimal-White,Gold,1
282.62,0.426,0,11,0,Casual-Tops,Runs-Slightly-Small,0,Firefox,Desktop-Web,Kraft-Brown,Silver,1
82.94,0.108,0,5,0,Formal-Eveningwear,Runs-Slightly-Small,0,Safari,iOS-App,Branded-Teal,Silver,1
215.53,0.236,1,2,40,Casual-Tops,Runs-Slightly-Small,0,Firefox,Desktop-Web,Minimal-White,Platinum,1
234.1,0.241,1,5,20,Casual-Tops,Runs-Slightly-Small,0,Edge,iOS-App,Branded-Teal,Silver,1
178.94,0.237,0,11,0,Footwear,True-to-Size,0,Firefox,iOS-App,Minimal-White,Gold,1
224.43,0.108,0,6,20,Accessories,True-to-Size,0,Edge,iOS-App,Kraft-Brown,Gold,0
118.1,0.198,0,7,40,Footwear,Inconsistent-Sizing,0,Safari,Android-App,Minimal-White,Silver,1
146.1,0.053,1,2,40,Footwear,Inconsistent-Sizing,1,Edge,Desktop-Web,Branded-Teal,Silver,1
172.1,0.177,1,11,20,Accessories,Runs-Slightly-Small,0,Chrome,Android-App,Branded-Teal,Gold,1
406.72,0.379,0,3,30,Casual-Tops,True-to-Size,1,Safari,Desktop-Web,Branded-Teal,Silver,0
192.76,0.223,0,2,0,Accessories,True-to-Size,1,Safari,iOS-App,Kraft-Brown,Silver,0
65.87,0.127,0,3,10,Casual-Tops,Runs-Slightly-Small,1,Edge,Android-App,Minimal-White,Platinum,0
217.95,0.138,0,10,40,Formal-Eveningwear,True-to-Size,0,Safari,Android-App,Kraft-Brown,Gold,0
27.25,0.28,1,5,40,Formal-Eveningwear,True-to-Size,0,Chrome,Android-App,Minimal-White,Platinum,1
324.87,0.039,0,4,10,Footwear,Runs-Slightly-Small,0,Safari,iOS-App,Kraft-Brown,Gold,1
265.08,0.224,1,11,0,Footwear,True-to-Size,1,Safari,Android-App,Minimal-White,Platinum,1
391.79,0.268,0,9,20,Casual-Tops,True-to-Size,1,Edge,Desktop-Web,Kraft-Brown,Silver,1
72.92,0.246,1,6,10,Accessories,True-to-Size,0,Chrome,Desktop-Web,Kraft-Brown,Platinum,0
265.12,0.423,0,5,10,Accessories,Inconsistent-Sizing,0,Firefox,Android-App,Branded-Teal,Platinum,1
27.43,0.465,0,1,30,Accessories,True-to-Size,0,Chrome,Android-App,Kraft-Brown,Silver,0
283.68,0.08,0,7,40,Casual-Tops,Inconsistent-Sizing,1,Edge,Desktop-Web,Kraft-Brown,Gold,1
65.08,0.39,1,3,40,Accessories,Inconsistent-Sizing,1,Firefox,Android-App,Branded-Teal,Gold,1
360.19,0.122,0,9,40,Formal-Eveningwear,Runs-Slightly-Small,0,Chrome,Android-App,Kraft-Brown,Silver,1
208.11,0.035,1,7,40,Casual-Tops,True-to-Size,1,Chrome,iOS-App,Kraft-Brown,Platinum,0
207.46,0.279,1,7,40,Formal-Eveningwear,True-to-Size,1,Edge,Android-App,Kraft-Brown,Gold,1
420.95,0.396,0,2,10,Casual-Tops,Runs-Slightly-Small,0,Safari,iOS-App,Kraft-Brown,Platinum,1
36,0.476,1,6,30,Accessories,True-to-Size,1,Edge,Android-App,Kraft-Brown,Silver,0
394.79,0.054,0,8,10,Accessories,True-to-Size,1,Chrome,iOS-App,Kraft-Brown,Gold,0
385.83,0.325,0,9,10,Casual-Tops,True-to-Size,1,Chrome,iOS-App,Kraft-Brown,Platinum,1
198.42,0.188,0,1,20,Formal-Eveningwear,True-to-Size,1,Safari,Desktop-Web,Branded-Teal,Platinum,0
449.79,0.635,1,8,40,Casual-Tops,Runs-Slightly-Small,1,Chrome,Desktop-Web,Kraft-Brown,Silver,1
307.52,0.371,0,5,0,Footwear,Runs-Slightly-Small,1,Edge,iOS-App,Branded-Teal,Platinum,1
251.7,0.097,0,11,30,Footwear,True-to-Size,0,Safari,Android-App,Kraft-Brown,Platinum,0
192.27,0.231,0,5,30,Formal-Eveningwear,True-to-Size,1,Edge,Android-App,Branded-Teal,Gold,0
211.87,0.551,1,9,10,Footwear,Inconsistent-Sizing,1,Edge,Desktop-Web,Kraft-Brown,Platinum,1
39.52,0.313,0,10,30,Casual-Tops,True-to-Size,0,Safari,Android-App,Branded-Teal,Gold,0
122.29,0.33,0,11,10,Casual-Tops,Runs-Slightly-Small,0,Chrome,iOS-App,Kraft-Brown,Gold,1
261.89,0.205,1,7,0,Casual-Tops,True-to-Size,1,Chrome,Android-App,Minimal-White,Gold,1
149.23,0.216,0,5,10,Formal-Eveningwear,Inconsistent-Sizing,1,Chrome,Android-App,Branded-Teal,Gold,1
187.59,0.553,0,6,30,Casual-Tops,True-to-Size,1,Safari,Android-App,Kraft-Brown,Platinum,0
289.71,0.151,0,3,20,Footwear,True-to-Size,1,Firefox,Android-App,Branded-Teal,Silver,0
243.8,0.026,0,6,0,Casual-Tops,Runs-Slightly-Small,0,Safari,Desktop-Web,Branded-Teal,Platinum,0
132.25,0.378,0,2,0,Formal-Eveningwear,True-to-Size,1,Edge,iOS-App,Minimal-White,Gold,1
128.26,0.198,0,6,0,Accessories,Inconsistent-Sizing,0,Firefox,Android-App,Minimal-White,Gold,1
202.12,0.015,0,5,50,Footwear,True-to-Size,0,Firefox,iOS-App,Minimal-White,Platinum,0
134.59,0.499,1,4,20,Footwear,True-to-Size,1,Edge,iOS-App,Kraft-Brown,Platinum,1
206.94,0.205,0,1,20,Formal-Eveningwear,True-to-Size,1,Firefox,Android-App,Kraft-Brown,Platinum,0
159.57,0.322,0,11,40,Accessories,Runs-Slightly-Small,1,Chrome,iOS-App,Branded-Teal,Gold,0
442.77,0.645,0,7,0,Formal-Eveningwear,True-to-Size,1,Chrome,Android-App,Minimal-White,Silver,1
133.97,0.366,0,4,10,Formal-Eveningwear,True-to-Size,0,Chrome,Desktop-Web,Minimal-White,Silver,1
283.36,0.397,0,5,30,Footwear,Runs-Slightly-Small,0,Firefox,Desktop-Web,Kraft-Brown,Platinum,1
252.7,0.12,0,5,50,Formal-Eveningwear,True-to-Size,0,Safari,iOS-App,Branded-Teal,Silver,0
354.55,0.068,0,4,20,Footwear,True-to-Size,1,Firefox,iOS-App,Branded-Teal,Platinum,0
378.55,0.103,0,5,30,Accessories,True-to-Size,0,Firefox,Desktop-Web,Branded-Teal,Gold,0
201.61,0.032,0,1,10,Formal-Eveningwear,Runs-Slightly-Small,0,Firefox,iOS-App,Minimal-White,Gold,1
98.79,0.138,1,5,20,Footwear,True-to-Size,0,Safari,Android-App,Kraft-Brown,Silver,0
378.92,0.479,1,8,0,Casual-Tops,Runs-Slightly-Small,1,Edge,Android-App,Minimal-White,Silver,1
133.1,0.209,1,5,10,Formal-Eveningwear,True-to-Size,1,Edge,Desktop-Web,Minimal-White,Silver,1
219.73,0.092,1,4,40,Casual-Tops,True-to-Size,0,Safari,iOS-App,Branded-Teal,Silver,0
67.11,0.366,0,9,0,Formal-Eveningwear,True-to-Size,1,Firefox,Desktop-Web,Branded-Teal,Silver,1
165.33,0.324,1,7,50,Accessories,Runs-Slightly-Small,1,Safari,Desktop-Web,Branded-Teal,Silver,1
113.63,0.231,0,9,50,Footwear,Runs-Slightly-Small,0,Chrome,Android-App,Branded-Teal,Platinum,1
44.64,0.518,0,9,20,Accessories,True-to-Size,0,Edge,iOS-App,Branded-Teal,Platinum,0
437.35,0.708,1,3,0,Casual-Tops,Inconsistent-Sizing,0,Chrome,Android-App,Branded-Teal,Silver,1
327.31,0.17,1,4,40,Formal-Eveningwear,True-to-Size,0,Firefox,Android-App,Minimal-White,Silver,1
233.5,0.539,1,7,10,Formal-Eveningwear,Runs-Slightly-Small,0,Firefox,iOS-App,Kraft-Brown,Silver,1
402.98,0.483,0,8,0,Casual-Tops,Inconsistent-Sizing,1,Chrome,Desktop-Web,Branded-Teal,Silver,1
172.26,0.637,1,10,0,Accessories,Runs-Slightly-Small,1,Edge,Desktop-Web,Branded-Teal,Silver,1
328.82,0.089,0,2,0,Footwear,True-to-Size,1,Safari,Android-App,Minimal-White,Silver,0
348.51,0.37,0,11,30,Formal-Eveningwear,Runs-Slightly-Small,0,Safari,Desktop-Web,Minimal-White,Platinum,1
254.33,0.356,0,11,30,Casual-Tops,Runs-Slightly-Small,0,Chrome,iOS-App,Minimal-White,Gold,1
184.01,0.176,1,8,30,Footwear,True-to-Size,0,Chrome,Desktop-Web,Minimal-White,Silver,1
190.15,0.121,0,11,40,Casual-Tops,True-to-Size,1,Chrome,Android-App,Branded-Teal,Silver,0
115.45,0.408,1,4,10,Formal-Eveningwear,True-to-Size,0,Edge,Android-App,Kraft-Brown,Gold,1
66.83,0.151,1,10,20,Casual-Tops,Runs-Slightly-Small,0,Chrome,iOS-App,Kraft-Brown,Platinum,1
346.23,0.236,1,6,10,Footwear,Runs-Slightly-Small,0,Firefox,Desktop-Web,Minimal-White,Platinum,1
42.71,0.524,0,10,20,Footwear,Runs-Slightly-Small,1,Edge,Android-App,Minimal-White,Silver,1
137.05,0.202,1,5,10,Formal-Eveningwear,True-to-Size,0,Chrome,Android-App,Branded-Teal,Platinum,1
126.87,0.565,0,8,10,Accessories,Inconsistent-Sizing,0,Safari,Android-App,Minimal-White,Silver,1
111.89,0.129,1,11,0,Formal-Eveningwear,Inconsistent-Sizing,0,Safari,Desktop-Web,Minimal-White,Silver,1
339.5,0.15,0,5,0,Footwear,True-to-Size,1,Firefox,iOS-App,Branded-Teal,Gold,1
153.76,0.425,0,5,40,Footwear,Inconsistent-Sizing,0,Chrome,Desktop-Web,Minimal-White,Gold,1
390.51,0.192,1,9,30,Casual-Tops,True-to-Size,0,Chrome,iOS-App,Kraft-Brown,Silver,1
95.73,0.282,0,4,50,Casual-Tops,Runs-Slightly-Small,1,Firefox,Android-App,Minimal-White,Gold,0
60.55,0.483,1,5,30,Casual-Tops,Runs-Slightly-Small,1,Firefox,Desktop-Web,Minimal-White,Silver,1
331.8,0.265,0,10,30,Footwear,True-to-Size,0,Safari,iOS-App,Kraft-Brown,Gold,1
72.31,0.153,1,1,30,Formal-Eveningwear,Inconsistent-Sizing,1,Chrome,Desktop-Web,Kraft-Brown,Gold,1
205.57,0.549,0,4,10,Casual-Tops,True-to-Size,0,Edge,Desktop-Web,Branded-Teal,Gold,1
188.59,0.129,0,7,40,Formal-Eveningwear,True-to-Size,1,Edge,iOS-App,Branded-Teal,Silver,0
184.69,0.207,1,10,30,Formal-Eveningwear,Runs-Slightly-Small,1,Safari,Desktop-Web,Kraft-Brown,Silver,1
71.7,0.196,0,4,30,Footwear,Runs-Slightly-Small,0,Chrome,Desktop-Web,Minimal-White,Gold,0
449.55,0.138,0,7,50,Casual-Tops,Runs-Slightly-Small,0,Safari,iOS-App,Kraft-Brown,Silver,1
324.27,0.494,1,4,50,Accessories,True-to-Size,1,Firefox,Android-App,Kraft-Brown,Silver,1
332.39,0.427,0,4,20,Footwear,True-to-Size,1,Edge,iOS-App,Kraft-Brown,Platinum,1
329.46,0.195,1,7,0,Footwear,True-to-Size,1,Firefox,Desktop-Web,Kraft-Brown,Gold,1
301.69,0.534,1,8,30,Casual-Tops,True-to-Size,0,Edge,Android-App,Minimal-White,Platinum,1
66.95,0.509,0,5,50,Accessories,True-to-Size,0,Safari,Android-App,Kraft-Brown,Gold,0
145.15,0.577,0,3,30,Casual-Tops,Runs-Slightly-Small,1,Chrome,Desktop-Web,Kraft-Brown,Gold,0
348.37,0.348,0,4,30,Casual-Tops,Inconsistent-Sizing,0,Firefox,Android-App,Kraft-Brown,Silver,1
77.72,0.196,1,3,0,Formal-Eveningwear,True-to-Size,0,Chrome,Android-App,Kraft-Brown,Silver,1
232.95,0.627,1,3,40,Casual-Tops,Inconsistent-Sizing,0,Firefox,Desktop-Web,Minimal-White,Silver,1
367.57,0.502,0,5,30,Footwear,True-to-Size,1,Edge,iOS-App,Kraft-Brown,Gold,1
171.33,0.086,0,7,0,Accessories,True-to-Size,1,Edge,Android-App,Branded-Teal,Gold,0
256.24,0.183,1,3,30,Footwear,Runs-Slightly-Small,1,Chrome,iOS-App,Branded-Teal,Silver,1
159.08,0.095,0,11,10,Footwear,True-to-Size,1,Edge,iOS-App,Kraft-Brown,Gold,0
299.17,0.158,1,11,40,Accessories,Runs-Slightly-Small,1,Edge,Android-App,Branded-Teal,Silver,1
434.98,0.544,0,2,0,Footwear,Inconsistent-Sizing,0,Edge,Desktop-Web,Minimal-White,Silver,1
374.14,0.175,1,10,30,Accessories,True-to-Size,0,Safari,Desktop-Web,Branded-Teal,Gold,1
431.86,0.135,0,8,40,Casual-Tops,Runs-Slightly-Small,0,Chrome,Desktop-Web,Kraft-Brown,Gold,1
404.78,0.292,1,1,10,Casual-Tops,True-to-Size,1,Firefox,iOS-App,Kraft-Brown,Gold,1
183.68,0.554,0,8,0,Casual-Tops,True-to-Size,1,Safari,Desktop-Web,Kraft-Brown,Platinum,0
199.06,0.023,0,3,30,Accessories,True-to-Size,0,Safari,Android-App,Branded-Teal,Gold,0
275.38,0.309,0,2,30,Formal-Eveningwear,True-to-Size,0,Safari,Android-App,Branded-Teal,Platinum,0
406.85,0.609,0,5,40,Accessories,Runs-Slightly-Small,0,Edge,Desktop-Web,Minimal-White,Platinum,1
48.7,0.182,0,4,0,Formal-Eveningwear,Runs-Slightly-Small,0,Firefox,Android-App,Kraft-Brown,Platinum,1
307.9,0.329,1,1,50,Casual-Tops,Inconsistent-Sizing,1,Chrome,Android-App,Minimal-White,Silver,1
205.84,0.182,0,4,0,Casual-Tops,True-to-Size,0,Safari,Desktop-Web,Branded-Teal,Platinum,0
265.54,0.119,1,11,50,Footwear,True-to-Size,1,Firefox,Android-App,Minimal-White,Platinum,1
286.31,0.233,0,7,0,Casual-Tops,Inconsistent-Sizing,0,Firefox,Android-App,Branded-Teal,Platinum,1
88.99,0.474,1,5,30,Footwear,True-to-Size,0,Chrome,Android-App,Kraft-Brown,Platinum,1
337.77,0.155,1,8,10,Accessories,True-to-Size,0,Firefox,Desktop-Web,Kraft-Brown,Platinum,1
182.28,0.11,0,4,40,Footwear,Runs-Slightly-Small,1,Edge,Android-App,Branded-Teal,Platinum,0
273.2,0.073,0,2,0,Accessories,Runs-Slightly-Small,1,Chrome,iOS-App,Minimal-White,Silver,0
409.29,0.239,0,11,40,Casual-Tops,Inconsistent-Sizing,1,Chrome,iOS-App,Branded-Teal,Silver,1
243.93,0.629,0,2,40,Casual-Tops,Runs-Slightly-Small,0,Safari,Android-App,Minimal-White,Silver,1
139.01,0.079,0,1,10,Accessories,Runs-Slightly-Small,0,Firefox,Android-App,Minimal-White,Platinum,0
333.64,0.33,1,8,0,Footwear,True-to-Size,0,Edge,Desktop-Web,Branded-Teal,Silver,1
241.1,0.31,0,7,10,Accessories,Inconsistent-Sizing,1,Safari,Android-App,Minimal-White,Platinum,1
311.43,0.173,0,5,0,Accessories,True-to-Size,0,Firefox,Android-App,Kraft-Brown,Gold,0
64.58,0.24,0,8,0,Footwear,True-to-Size,1,Chrome,Android-App,Branded-Teal,Gold,0
194.06,0.079,0,7,10,Casual-Tops,True-to-Size,1,Firefox,Android-App,Minimal-White,Silver,0
111.37,0.384,0,2,10,Formal-Eveningwear,Runs-Slightly-Small,0,Chrome,iOS-App,Kraft-Brown,Platinum,1
132.37,0.762,1,7,10,Casual-Tops,True-to-Size,1,Edge,Android-App,Branded-Teal,Gold,1
200.85,0.419,0,1,20,Casual-Tops,Inconsistent-Sizing,0,Firefox,iOS-App,Kraft-Brown,Silver,0
174.33,0.321,0,6,10,Casual-Tops,Inconsistent-Sizing,0,Safari,iOS-App,Branded-Teal,Silver,1
124.07,0.079,1,7,40,Casual-Tops,True-to-Size,1,Edge,iOS-App,Minimal-White,Gold,0
62.54,0.514,0,3,50,Accessories,Inconsistent-Sizing,1,Edge,Desktop-Web,Kraft-Brown,Gold,0
360.57,0.229,1,4,20,Accessories,Inconsistent-Sizing,0,Edge,Android-App,Branded-Teal,Silver,1
213.07,0.177,1,2,10,Accessories,Runs-Slightly-Small,1,Firefox,Desktop-Web,Branded-Teal,Gold,1
419.62,0.497,1,8,50,Formal-Eveningwear,True-to-Size,1,Chrome,iOS-App,Minimal-White,Gold,1
190.52,0.011,0,4,0,Footwear,True-to-Size,1,Safari,iOS-App,Kraft-Brown,Silver,0
282.31,0.334,0,3,10,Accessories,True-to-Size,0,Edge,iOS-App,Branded-Teal,Platinum,0
252.42,0.466,0,8,50,Footwear,True-to-Size,1,Edge,Desktop-Web,Kraft-Brown,Platinum,0
130.75,0.223,0,4,0,Casual-Tops,Runs-Slightly-Small,0,Chrome,Desktop-Web,Kraft-Brown,Gold,0
45.88,0.426,0,8,20,Formal-Eveningwear,Runs-Slightly-Small,1,Firefox,iOS-App,Minimal-White,Silver,1
438.3,0.296,1,11,50,Casual-Tops,True-to-Size,1,Firefox,iOS-App,Kraft-Brown,Platinum,1
198.29,0.228,0,9,30,Accessories,True-to-Size,0,Edge,Android-App,Branded-Teal,Platinum,0
232.36,0.357,0,8,30,Footwear,True-to-Size,0,Safari,Desktop-Web,Kraft-Brown,Silver,1
424.38,0.186,0,4,10,Accessories,Runs-Slightly-Small,1,Chrome,Desktop-Web,Branded-Teal,Platinum,0
206.51,0.372,0,4,30,Casual-Tops,Inconsistent-Sizing,0,Firefox,Android-App,Kraft-Brown,Platinum,1
91.64,0.515,1,11,10,Footwear,True-to-Size,0,Chrome,Desktop-Web,Kraft-Brown,Gold,1
243.79,0.291,0,2,30,Footwear,Runs-Slightly-Small,0,Safari,iOS-App,Kraft-Brown,Silver,0
269.52,0.147,1,2,50,Footwear,Inconsistent-Sizing,1,Firefox,Android-App,Kraft-Brown,Gold,1
118.17,0.319,0,6,10,Formal-Eveningwear,True-to-Size,0,Firefox,iOS-App,Kraft-Brown,Platinum,0
85.7,0.078,0,2,30,Casual-Tops,True-to-Size,1,Firefox,Desktop-Web,Kraft-Brown,Gold,0
146.93,0.096,1,5,30,Accessories,Inconsistent-Sizing,0,Chrome,Desktop-Web,Branded-Teal,Platinum,1
73.54,0.084,0,4,50,Accessories,True-to-Size,0,Firefox,Android-App,Minimal-White,Silver,0
149.11,0.112,0,1,10,Casual-Tops,Runs-Slightly-Small,1,Edge,Desktop-Web,Minimal-White,Platinum,0
237.87,0.188,1,6,50,Casual-Tops,Runs-Slightly-Small,0,Safari,Android-App,Kraft-Brown,Gold,1
406.87,0.49,1,5,0,Casual-Tops,True-to-Size,1,Edge,Android-App,Kraft-Brown,Platinum,1
114.24,0.121,0,4,20,Casual-Tops,Runs-Slightly-Small,0,Firefox,Android-App,Kraft-Brown,Gold,0
35.56,0.326,0,6,40,Casual-Tops,Inconsistent-Sizing,1,Safari,iOS-App,Branded-Teal,Platinum,0
86.94,0.399,1,7,0,Casual-Tops,True-to-Size,1,Chrome,Android-App,Minimal-White,Gold,1
397.18,0.119,0,1,40,Formal-Eveningwear,True-to-Size,1,Chrome,Desktop-Web,Branded-Teal,Silver,0
107.77,0.399,0,1,50,Formal-Eveningwear,Runs-Slightly-Small,1,Safari,iOS-App,Branded-Teal,Silver,1
212.54,0.094,1,6,20,Formal-Eveningwear,True-to-Size,1,Chrome,iOS-App,Kraft-Brown,Platinum,1
327.24,0.163,1,7,10,Formal-Eveningwear,Runs-Slightly-Small,1,Edge,iOS-App,Minimal-White,Gold,1
110.5,0.379,1,7,40,Footwear,True-to-Size,0,Safari,Desktop-Web,Minimal-White,Silver,1
253.2,0.478,1,11,30,Casual-Tops,True-to-Size,1,Chrome,iOS-App,Kraft-Brown,Gold,1
90.41,0.176,0,10,20,Formal-Eveningwear,Runs-Slightly-Small,1,Chrome,Android-App,Kraft-Brown,Gold,1
101.58,0.08,0,4,30,Accessories,Runs-Slightly-Small,0,Safari,Android-App,Branded-Teal,Platinum,0
189.95,0.172,1,1,30,Formal-Eveningwear,True-to-Size,1,Firefox,iOS-App,Minimal-White,Platinum,1
386.31,0.33,1,1,20,Footwear,True-to-Size,1,Edge,iOS-App,Branded-Teal,Silver,1
384.52,0.196,0,8,30,Footwear,Runs-Slightly-Small,0,Firefox,Android-App,Kraft-Brown,Silver,1
341.31,0.088,1,3,50,Formal-Eveningwear,Inconsistent-Sizing,1,Safari,Android-App,Branded-Teal,Platinum,1
175.98,0.336,0,2,10,Casual-Tops,Inconsistent-Sizing,0,Edge,iOS-App,Branded-Teal,Platinum,1
36.23,0.307,1,5,10,Footwear,True-to-Size,1,Safari,Desktop-Web,Kraft-Brown,Platinum,0
33.53,0.154,1,8,30,Footwear,True-to-Size,0,Firefox,iOS-App,Minimal-White,Gold,1
370.21,0.005,0,10,0,Accessories,True-to-Size,1,Safari,iOS-App,Minimal-White,Gold,0
75.85,0.189,0,6,30,Footwear,Inconsistent-Sizing,0,Edge,Desktop-Web,Kraft-Brown,Platinum,1
376.28,0.607,0,4,40,Accessories,Runs-Slightly-Small,1,Edge,iOS-App,Kraft-Brown,Silver,0
381.32,0.195,0,5,40,Formal-Eveningwear,True-to-Size,0,Safari,Android-App,Kraft-Brown,Platinum,1
433.31,0.627,0,10,50,Formal-Eveningwear,Runs-Slightly-Small,0,Edge,iOS-App,Kraft-Brown,Silver,1
411.21,0.066,0,11,20,Footwear,True-to-Size,1,Chrome,iOS-App,Branded-Teal,Silver,1
235.23,0.036,1,5,20,Accessories,True-to-Size,1,Firefox,Desktop-Web,Kraft-Brown,Platinum,0
324.42,0.157,0,6,20,Footwear,Runs-Slightly-Small,0,Edge,Desktop-Web,Branded-Teal,Gold,1
385.89,0.351,0,7,10,Footwear,Runs-Slightly-Small,1,Chrome,iOS-App,Kraft-Brown,Gold,1
439.76,0.347,1,6,50,Accessories,True-to-Size,1,Safari,Android-App,Minimal-White,Platinum,1
154.33,0.268,0,10,40,Accessories,Runs-Slightly-Small,0,Safari,Desktop-Web,Kraft-Brown,Platinum,0
163.89,0.097,0,2,40,Casual-Tops,True-to-Size,1,Chrome,Android-App,Kraft-Brown,Silver,0
150.57,0.294,0,10,50,Footwear,Inconsistent-Sizing,1,Chrome,Desktop-Web,Branded-Teal,Platinum,1
169.1,0.41,0,2,0,Casual-Tops,True-to-Size,0,Chrome,Android-App,Minimal-White,Platinum,0
380.31,0.051,0,5,0,Casual-Tops,Inconsistent-Sizing,1,Chrome,iOS-App,Minimal-White,Silver,1
65.43,0.053,0,3,20,Casual-Tops,True-to-Size,0,Safari,Desktop-Web,Minimal-White,Platinum,0
378.33,0.021,0,5,0,Accessories,Runs-Slightly-Small,1,Edge,Android-App,Kraft-Brown,Platinum,1
436.26,0.337,0,9,50,Formal-Eveningwear,True-to-Size,0,Safari,Android-App,Branded-Teal,Platinum,1
246.9,0.193,1,6,0,Footwear,True-to-Size,1,Chrome,Desktop-Web,Branded-Teal,Platinum,1
344.26,0.181,0,5,10,Accessories,True-to-Size,1,Edge,Android-App,Branded-Teal,Silver,0
285.48,0.55,0,1,30,Accessories,Inconsistent-Sizing,1,Firefox,iOS-App,Minimal-White,Platinum,0
408.75,0.157,0,1,20,Footwear,Runs-Slightly-Small,0,Edge,iOS-App,Branded-Teal,Gold,1
445.49,0.289,0,2,50,Casual-Tops,Inconsistent-Sizing,1,Firefox,Desktop-Web,Minimal-White,Silver,1
78.86,0.358,1,11,20,Footwear,True-to-Size,1,Chrome,Android-App,Minimal-White,Silver,1
179.64,0.534,1,10,30,Formal-Eveningwear,Inconsistent-Sizing,0,Edge,Desktop-Web,Minimal-White,Silver,1
150.11,0.471,0,2,40,Casual-Tops,True-to-Size,0,Chrome,Android-App,Branded-Teal,Silver,0
162.41,0.476,1,4,20,Formal-Eveningwear,True-to-Size,1,Edge,Desktop-Web,Branded-Teal,Silver,1
83.47,0.008,0,5,20,Footwear,True-to-Size,0,Chrome,iOS-App,Branded-Teal,Platinum,0
439.83,0.25,0,7,50,Footwear,Inconsistent-Sizing,1,Edge,Desktop-Web,Kraft-Brown,Gold,1
326.18,0.328,1,4,20,Casual-Tops,Runs-Slightly-Small,1,Chrome,Desktop-Web,Minimal-White,Platinum,1
374.86,0.389,1,1,50,Casual-Tops,Runs-Slightly-Small,0,Safari,iOS-App,Minimal-White,Gold,1
314.39,0.136,0,9,0,Footwear,Inconsistent-Sizing,0,Firefox,Desktop-Web,Kraft-Brown,Gold,1
184.92,0.239,0,11,40,Footwear,True-to-Size,0,Chrome,Android-App,Branded-Teal,Gold,1
127.09,0.431,1,9,40,Casual-Tops,Runs-Slightly-Small,1,Safari,iOS-App,Kraft-Brown,Gold,1
138.97,0.398,0,1,30,Accessories,True-to-Size,0,Chrome,iOS-App,Minimal-White,Silver,0
311.19,0.078,1,8,10,Casual-Tops,True-to-Size,0,Safari,iOS-App,Kraft-Brown,Silver,1
210.72,0.581,0,4,20,Casual-Tops,True-to-Size,0,Chrome,iOS-App,Kraft-Brown,Silver,0
391.2,0.22,1,11,20,Casual-Tops,Inconsistent-Sizing,1,Safari,Desktop-Web,Minimal-White,Silver,1
303.18,0.609,0,1,20,Casual-Tops,True-to-Size,0,Firefox,iOS-App,Minimal-White,Silver,0
315.5,0.059,0,7,40,Formal-Eveningwear,Runs-Slightly-Small,1,Chrome,Android-App,Minimal-White,Silver,1
406.81,0.236,0,11,40,Accessories,Runs-Slightly-Small,0,Chrome,Android-App,Minimal-White,Platinum,1
438.52,0.592,0,10,30,Accessories,True-to-Size,1,Firefox,iOS-App,Kraft-Brown,Platinum,1
177.44,0.501,0,1,30,Casual-Tops,True-to-Size,0,Safari,Desktop-Web,Kraft-Brown,Gold,0
158.67,0.254,0,1,30,Formal-Eveningwear,True-to-Size,0,Edge,iOS-App,Minimal-White,Gold,0
393.07,0.554,0,1,30,Accessories,True-to-Size,0,Safari,Android-App,Branded-Teal,Gold,0
321.32,0.188,1,11,0,Formal-Eveningwear,True-to-Size,1,Safari,Android-App,Branded-Teal,Gold,1
290.74,0.222,1,10,10,Formal-Eveningwear,Runs-Slightly-Small,0,Edge,Android-App,Minimal-White,Silver,1
355.34,0.418,0,4,40,Footwear,Runs-Slightly-Small,1,Safari,Android-App,Kraft-Brown,Platinum,1
120.47,0.366,0,4,20,Casual-Tops,Inconsistent-Sizing,0,Edge,Desktop-Web,Branded-Teal,Gold,1
30.69,0.579,0,7,20,Accessories,Runs-Slightly-Small,0,Chrome,iOS-App,Minimal-White,Silver,0
163.37,0.413,0,11,10,Formal-Eveningwear,Inconsistent-Sizing,1,Edge,Android-App,Branded-Teal,Platinum,1
370.5,0.288,1,7,20,Formal-Eveningwear,True-to-Size,0,Safari,Desktop-Web,Branded-Teal,Gold,1
130.01,0.193,0,4,40,Accessories,True-to-Size,1,Firefox,Desktop-Web,Branded-Teal,Silver,0
275.73,0.159,1,5,50,Casual-Tops,True-to-Size,1,Firefox,Desktop-Web,Branded-Teal,Platinum,1
437,0.057,1,2,10,Footwear,Inconsistent-Sizing,1,Safari,iOS-App,Kraft-Brown,Gold,1
47.09,0.309,1,4,0,Casual-Tops,True-to-Size,0,Safari,iOS-App,Branded-Teal,Platinum,1
237.16,0.486,1,11,10,Casual-Tops,Runs-Slightly-Small,1,Edge,Android-App,Minimal-White,Platinum,1
153.61,0.232,0,9,50,Casual-Tops,True-to-Size,0,Firefox,Desktop-Web,Kraft-Brown,Platinum,0
229.17,0.124,1,8,40,Formal-Eveningwear,True-to-Size,0,Safari,Android-App,Kraft-Brown,Platinum,1
82.11,0.241,0,4,20,Formal-Eveningwear,True-to-Size,1,Safari,Android-App,Minimal-White,Gold,0
214.86,0.46,1,1,20,Casual-Tops,Inconsistent-Sizing,1,Firefox,Desktop-Web,Minimal-White,Gold,1
37.1,0.371,0,7,30,Casual-Tops,Inconsistent-Sizing,0,Firefox,iOS-App,Branded-Teal,Silver,0
30.97,0.442,0,8,0,Formal-Eveningwear,Inconsistent-Sizing,1,Safari,iOS-App,Branded-Teal,Platinum,1
68.87,0.201,0,7,20,Casual-Tops,Inconsistent-Sizing,1,Safari,iOS-App,Kraft-Brown,Gold,1
429.37,0.281,0,7,30,Casual-Tops,Inconsistent-Sizing,0,Edge,Desktop-Web,Kraft-Brown,Gold,1
306.22,0.303,1,3,10,Formal-Eveningwear,True-to-Size,1,Safari,Desktop-Web,Kraft-Brown,Silver,1
397.11,0.237,0,7,10,Casual-Tops,True-to-Size,1,Safari,Android-App,Branded-Teal,Silver,0
332.36,0.263,1,6,20,Formal-Eveningwear,True-to-Size,1,Safari,iOS-App,Kraft-Brown,Platinum,1
107.52,0.09,1,3,0,Accessories,Inconsistent-Sizing,1,Safari,Desktop-Web,Branded-Teal,Gold,1
132.82,0.048,0,5,10,Casual-Tops,Inconsistent-Sizing,1,Edge,iOS-App,Minimal-White,Silver,0
384.65,0.551,1,8,0,Footwear,True-to-Size,0,Chrome,Desktop-Web,Branded-Teal,Silver,1
291.27,0.199,0,6,10,Accessories,Runs-Slightly-Small,1,Firefox,Android-App,Minimal-White,Gold,0
263.07,0.536,0,8,30,Casual-Tops,True-to-Size,0,Chrome,Desktop-Web,Branded-Teal,Silver,0
398.04,0.556,1,7,0,Casual-Tops,True-to-Size,1,Chrome,Android-App,Kraft-Brown,Platinum,1
367.44,0.549,1,11,10,Casual-Tops,Inconsistent-Sizing,1,Chrome,Android-App,Minimal-White,Silver,1
181.74,0.452,0,3,30,Casual-Tops,Runs-Slightly-Small,0,Chrome,iOS-App,Kraft-Brown,Platinum,1
326.99,0.271,0,1,50,Accessories,True-to-Size,1,Safari,iOS-App,Minimal-White,Silver,0
47.86,0.385,0,3,20,Accessories,Runs-Slightly-Small,1,Safari,iOS-App,Minimal-White,Gold,0
50.52,0.379,0,6,50,Footwear,True-to-Size,0,Chrome,Desktop-Web,Kraft-Brown,Gold,0
28.45,0.249,1,3,30,Footwear,Runs-Slightly-Small,1,Chrome,Android-App,Minimal-White,Gold,1
434.92,0.058,0,9,50,Casual-Tops,True-to-Size,0,Firefox,Android-App,Minimal-White,Platinum,0
31.48,0.019,0,9,10,Formal-Eveningwear,True-to-Size,0,Safari,iOS-App,Kraft-Brown,Platinum,1
151.87,0.261,0,5,50,Casual-Tops,True-to-Size,0,Edge,iOS-App,Minimal-White,Platinum,0
39.56,0.365,0,7,30,Accessories,True-to-Size,0,Safari,Desktop-Web,Minimal-White,Platinum,0
41.27,0.176,0,4,10,Casual-Tops,Inconsistent-Sizing,1,Chrome,Android-App,Kraft-Brown,Platinum,0
437.71,0.111,0,7,0,Casual-Tops,True-to-Size,1,Firefox,Desktop-Web,Kraft-Brown,Silver,1
271.16,0.253,0,6,0,Accessories,Inconsistent-Sizing,0,Safari,Desktop-Web,Kraft-Brown,Gold,1
55.13,0.144,0,10,20,Casual-Tops,Inconsistent-Sizing,1,Edge,Desktop-Web,Kraft-Brown,Platinum,1
217.62,0.572,1,11,20,Casual-Tops,Runs-Slightly-Small,0,Edge,Desktop-Web,Branded-Teal,Gold,1
122.64,0.452,0,11,10,Accessories,Runs-Slightly-Small,1,Safari,Desktop-Web,Kraft-Brown,Gold,1
419.35,0.294,0,10,20,Formal-Eveningwear,Runs-Slightly-Small,0,Firefox,Android-App,Kraft-Brown,Gold,1
207.88,0.079,0,11,30,Footwear,Inconsistent-Sizing,0,Safari,Android-App,Minimal-White,Gold,1
315.19,0.493,0,8,40,Casual-Tops,True-to-Size,1,Chrome,iOS-App,Branded-Teal,Gold,0
401.92,0.292,1,2,50,Footwear,Inconsistent-Sizing,1,Chrome,iOS-App,Minimal-White,Platinum,1
44.62,0.224,1,9,10,Formal-Eveningwear,Runs-Slightly-Small,0,Safari,Android-App,Kraft-Brown,Silver,1
293.93,0.165,1,5,20,Footwear,Inconsistent-Sizing,0,Firefox,Desktop-Web,Minimal-White,Platinum,1
125.96,0.253,0,4,0,Formal-Eveningwear,Inconsistent-Sizing,1,Edge,Desktop-Web,Minimal-White,Gold,1
311.69,0.55,1,11,10,Accessories,Runs-Slightly-Small,0,Safari,iOS-App,Minimal-White,Silver,1
215.82,0.475,0,1,40,Footwear,Runs-Slightly-Small,0,Safari,iOS-App,Kraft-Brown,Platinum,1
358.03,0.154,0,3,20,Accessories,Runs-Slightly-Small,0,Chrome,Desktop-Web,Branded-Teal,Gold,0
253.53,0.123,0,11,10,Formal-Eveningwear,Inconsistent-Sizing,0,Edge,Android-App,Kraft-Brown,Platinum,1
151.3,0.534,1,11,40,Accessories,Runs-Slightly-Small,0,Edge,Desktop-Web,Kraft-Brown,Gold,1
253.21,0.086,0,8,30,Casual-Tops,Runs-Slightly-Small,1,Chrome,iOS-App,Kraft-Brown,Silver,0
252.11,0.302,1,3,50,Formal-Eveningwear,True-to-Size,1,Safari,iOS-App,Minimal-White,Silver,1
320.85,0.283,1,6,20,Footwear,True-to-Size,1,Firefox,iOS-App,Minimal-White,Silver,1
398.41,0.603,0,10,50,Formal-Eveningwear,Runs-Slightly-Small,1,Chrome,iOS-App,Branded-Teal,Platinum,1
267.72,0.509,1,10,10,Footwear,True-to-Size,0,Firefox,Android-App,Branded-Teal,Platinum,1
277.81,0.264,1,9,50,Casual-Tops,Runs-Slightly-Small,0,Chrome,iOS-App,Branded-Teal,Gold,1
126.8,0.141,1,4,0,Casual-Tops,True-to-Size,0,Chrome,iOS-App,Kraft-Brown,Platinum,0
331.86,0.62,0,5,40,Footwear,True-to-Size,1,Safari,Android-App,Minimal-White,Platinum,1
421.11,0.203,0,9,30,Accessories,True-to-Size,0,Edge,iOS-App,Minimal-White,Silver,0
397.93,0.359,0,9,0,Casual-Tops,True-to-Size,0,Edge,Desktop-Web,Kraft-Brown,Silver,1
354.88,0.147,0,5,50,Formal-Eveningwear,Inconsistent-Sizing,1,Edge,Desktop-Web,Kraft-Brown,Platinum,1
39.46,0.098,0,8,30,Formal-Eveningwear,True-to-Size,1,Firefox,Android-App,Kraft-Brown,Gold,0
231.42,0.491,0,8,40,Formal-Eveningwear,Runs-Slightly-Small,0,Safari,Android-App,Kraft-Brown,Platinum,1
239.83,0.204,0,11,10,Footwear,True-to-Size,1,Safari,Android-App,Minimal-White,Silver,1
259.6,0.137,1,11,10,Footwear,True-to-Size,1,Safari,Android-App,Kraft-Brown,Gold,1
380.57,0.28,0,3,50,Casual-Tops,Inconsistent-Sizing,0,Chrome,Android-App,Kraft-Brown,Gold,1
287.41,0.537,0,9,0,Accessories,Inconsistent-Sizing,0,Safari,iOS-App,Kraft-Brown,Silver,1
297.54,0.162,1,7,40,Footwear,Inconsistent-Sizing,1,Edge,iOS-App,Kraft-Brown,Platinum,1
420.36,0.365,0,10,50,Casual-Tops,True-to-Size,0,Safari,Desktop-Web,Kraft-Brown,Gold,0
202.17,0.569,0,1,20,Footwear,Runs-Slightly-Small,0,Safari,Android-App,Minimal-White,Platinum,1
285.38,0.13,0,3,40,Footwear,True-to-Size,0,Chrome,iOS-App,Kraft-Brown,Gold,0
145.46,0.28,0,7,20,Footwear,Runs-Slightly-Small,1,Edge,iOS-App,Kraft-Brown,Silver,1
54.1,0.295,1,5,40,Accessories,True-to-Size,0,Firefox,Android-App,Branded-Teal,Platinum,0
68.8,0.152,1,10,0,Casual-Tops,True-to-Size,1,Edge,Android-App,Minimal-White,Platinum,1
156.44,0.619,1,2,10,Formal-Eveningwear,True-to-Size,0,Chrome,Android-App,Kraft-Brown,Gold,1
112.85,0.394,0,8,40,Formal-Eveningwear,True-to-Size,1,Chrome,iOS-App,Minimal-White,Silver,0
359.6,0.105,0,2,10,Casual-Tops,Inconsistent-Sizing,1,Safari,Desktop-Web,Branded-Teal,Platinum,0
342.51,0.166,0,2,10,Accessories,Inconsistent-Sizing,0,Chrome,Android-App,Branded-Teal,Silver,0
329.99,0.349,0,11,0,Formal-Eveningwear,Runs-Slightly-Small,0,Chrome,Android-App,Branded-Teal,Gold,1
417.77,0.051,0,1,10,Casual-Tops,Inconsistent-Sizing,1,Firefox,Desktop-Web,Branded-Teal,Platinum,1
55.58,0.2,0,6,40,Casual-Tops,True-to-Size,0,Chrome,Android-App,Minimal-White,Platinum,0
102.61,0.31,1,9,0,Formal-Eveningwear,True-to-Size,0,Firefox,iOS-App,Kraft-Brown,Silver,1
311.7,0.563,1,6,20,Casual-Tops,Runs-Slightly-Small,0,Edge,Android-App,Minimal-White,Platinum,1
321.15,0.084,0,9,0,Casual-Tops,Inconsistent-Sizing,0,Edge,iOS-App,Minimal-White,Platinum,1
332.68,0.277,0,5,30,Footwear,True-to-Size,0,Firefox,iOS-App,Kraft-Brown,Gold,1
34.39,0.288,0,7,50,Footwear,True-to-Size,1,Chrome,iOS-App,Branded-Teal,Platinum,0
88.41,0.138,0,4,40,Formal-Eveningwear,Runs-Slightly-Small,1,Edge,iOS-App,Branded-Teal,Silver,1
424.99,0.201,1,6,30,Casual-Tops,Inconsistent-Sizing,0,Edge,Android-App,Minimal-White,Silver,1
140.01,0.066,1,1,10,Accessories,True-to-Size,1,Chrome,Android-App,Branded-Teal,Platinum,0
252.58,0.08,1,4,30,Casual-Tops,True-to-Size,1,Firefox,iOS-App,Kraft-Brown,Platinum,0
354.71,0.323,0,6,50,Footwear,True-to-Size,1,Safari,Desktop-Web,Minimal-White,Gold,0
364.62,0.33,0,4,40,Accessories,Inconsistent-Sizing,0,Edge,iOS-App,Minimal-White,Silver,1
179.07,0.08,0,4,30,Casual-Tops,True-to-Size,0,Edge,iOS-App,Minimal-White,Silver,0
275.3,0.493,0,4,10,Casual-Tops,True-to-Size,1,Safari,Android-App,Kraft-Brown,Silver,0
231.37,0.38,1,2,20,Accessories,Inconsistent-Sizing,1,Edge,Desktop-Web,Branded-Teal,Silver,1
150.21,0.308,0,3,40,Formal-Eveningwear,Inconsistent-Sizing,1,Firefox,Android-App,Minimal-White,Platinum,1
188.58,0.573,1,11,30,Footwear,True-to-Size,0,Edge,iOS-App,Kraft-Brown,Gold,1
292.63,0.305,1,1,10,Formal-Eveningwear,Inconsistent-Sizing,1,Edge,Android-App,Minimal-White,Silver,1
181.52,0.41,0,2,10,Casual-Tops,Inconsistent-Sizing,1,Chrome,Android-App,Branded-Teal,Gold,1
313.62,0.307,0,3,10,Accessories,Runs-Slightly-Small,1,Chrome,Android-App,Branded-Teal,Silver,1
71.64,0.487,1,7,0,Formal-Eveningwear,Runs-Slightly-Small,0,Firefox,iOS-App,Minimal-White,Gold,1
145.89,0.14,0,10,40,Formal-Eveningwear,Runs-Slightly-Small,0,Firefox,Desktop-Web,Kraft-Brown,Platinum,1
123.02,0.256,1,5,50,Footwear,True-to-Size,1,Firefox,Desktop-Web,Minimal-White,Gold,1
69.72,0.042,0,7,30,Casual-Tops,True-to-Size,0,Edge,Android-App,Branded-Teal,Gold,0
53.82,0.484,1,4,10,Accessories,Inconsistent-Sizing,1,Edge,iOS-App,Branded-Teal,Platinum,1
66.98,0.109,1,5,40,Accessories,Runs-Slightly-Small,1,Firefox,iOS-App,Minimal-White,Silver,0
424.86,0.44,0,4,30,Formal-Eveningwear,Inconsistent-Sizing,0,Firefox,Desktop-Web,Minimal-White,Gold,1
185.24,0.377,0,11,20,Accessories,Inconsistent-Sizing,1,Chrome,Android-App,Branded-Teal,Platinum,1
228.85,0.322,0,4,0,Accessories,True-to-Size,0,Edge,Android-App,Kraft-Brown,Gold,0
46.66,0.158,0,4,50,Casual-Tops,True-to-Size,0,Safari,Desktop-Web,Kraft-Brown,Silver,0
134.43,0.25,0,7,50,Casual-Tops,Inconsistent-Sizing,1,Chrome,Android-App,Kraft-Brown,Gold,0
360.14,0.363,1,5,50,Footwear,Inconsistent-Sizing,0,Firefox,Desktop-Web,Minimal-White,Gold,1
199.36,0.217,1,2,20,Accessories,Runs-Slightly-Small,1,Chrome,Desktop-Web,Branded-Teal,Silver,1
100.77,0.548,0,6,40,Formal-Eveningwear,True-to-Size,0,Firefox,iOS-App,Branded-Teal,Platinum,0
169.99,0.108,0,7,10,Formal-Eveningwear,True-to-Size,0,Chrome,Desktop-Web,Minimal-White,Silver,1
297.59,0.194,0,4,0,Formal-Eveningwear,True-to-Size,0,Safari,Desktop-Web,Minimal-White,Gold,0
282.42,0.185,0,9,30,Casual-Tops,Runs-Slightly-Small,0,Firefox,Android-App,Minimal-White,Silver,0
448.41,0.423,1,6,50,Footwear,Inconsistent-Sizing,1,Safari,Desktop-Web,Branded-Teal,Platinum,1
309.3,0.466,1,1,50,Casual-Tops,True-to-Size,0,Safari,Android-App,Kraft-Brown,Gold,1
194.69,0.45,0,7,0,Casual-Tops,True-to-Size,0,Edge,iOS-App,Kraft-Brown,Platinum,1
174.02,0.213,0,9,20,Casual-Tops,True-to-Size,1,Firefox,Desktop-Web,Minimal-White,Platinum,0
329.63,0.146,0,4,10,Footwear,Runs-Slightly-Small,1,Edge,Android-App,Minimal-White,Silver,1
428.05,0.508,0,2,0,Casual-Tops,True-to-Size,0,Firefox,Desktop-Web,Minimal-White,Platinum,1
43.23,0.361,0,5,0,Accessories,Inconsistent-Sizing,0,Firefox,Android-App,Branded-Teal,Silver,0
79.65,0.535,0,4,0,Footwear,True-to-Size,0,Chrome,iOS-App,Minimal-White,Platinum,0
173.51,0.195,1,3,20,Accessories,True-to-Size,0,Safari,Android-App,Minimal-White,Gold,0
135.56,0.374,0,6,30,Casual-Tops,True-to-Size,1,Chrome,Desktop-Web,Kraft-Brown,Platinum,0
237.01,0.195,0,4,10,Footwear,Runs-Slightly-Small,0,Safari,Desktop-Web,Minimal-White,Platinum,1
73.03,0.514,1,11,10,Casual-Tops,Runs-Slightly-Small,1,Chrome,iOS-App,Kraft-Brown,Platinum,1
317.14,0.148,0,2,20,Accessories,Inconsistent-Sizing,0,Safari,Android-App,Kraft-Brown,Platinum,0
421.38,0.335,0,1,30,Casual-Tops,Runs-Slightly-Small,1,Edge,Desktop-Web,Minimal-White,Platinum,1
269.24,0.274,0,11,40,Formal-Eveningwear,Runs-Slightly-Small,1,Chrome,iOS-App,Minimal-White,Silver,1
368.77,0.443,1,3,20,Accessories,True-to-Size,1,Chrome,Desktop-Web,Minimal-White,Silver,1
77.83,0.311,0,10,30,Formal-Eveningwear,True-to-Size,0,Firefox,Android-App,Branded-Teal,Platinum,1
266.06,0.279,0,10,0,Casual-Tops,True-to-Size,0,Firefox,Android-App,Branded-Teal,Gold,1
382.42,0.197,0,11,40,Casual-Tops,True-to-Size,0,Edge,Desktop-Web,Minimal-White,Gold,0
411.56,0.762,0,4,40,Formal-Eveningwear,True-to-Size,1,Edge,iOS-App,Kraft-Brown,Gold,1
89.29,0.401,1,11,20,Footwear,True-to-Size,1,Chrome,Desktop-Web,Branded-Teal,Gold,1
226.79,0.327,0,3,30,Footwear,True-to-Size,0,Firefox,Desktop-Web,Minimal-White,Platinum,0
426.9,0.086,0,2,10,Footwear,True-to-Size,0,Safari,Desktop-Web,Minimal-White,Gold,0
183.46,0.512,0,9,40,Formal-Eveningwear,Inconsistent-Sizing,1,Edge,Desktop-Web,Minimal-White,Silver,1
428.45,0.663,0,8,40,Casual-Tops,True-to-Size,0,Safari,iOS-App,Kraft-Brown,Gold,1
329.74,0.141,1,6,10,Accessories,True-to-Size,1,Edge,iOS-App,Minimal-White,Platinum,1
357.41,0.406,0,11,50,Accessories,True-to-Size,0,Safari,Desktop-Web,Branded-Teal,Gold,0
58.47,0.344,0,2,10,Casual-Tops,Inconsistent-Sizing,0,Edge,iOS-App,Kraft-Brown,Platinum,0
48.49,0.642,1,11,20,Accessories,Runs-Slightly-Small,1,Firefox,Android-App,Kraft-Brown,Gold,1
124.49,0.181,0,7,40,Footwear,Runs-Slightly-Small,1,Safari,Android-App,Branded-Teal,Silver,1
416.88,0.159,1,11,0,Footwear,True-to-Size,0,Firefox,iOS-App,Branded-Teal,Silver,1
389.93,0.342,0,7,50,Footwear,Runs-Slightly-Small,0,Safari,Android-App,Minimal-White,Gold,1
152.4,0.263,0,1,20,Accessories,Inconsistent-Sizing,0,Chrome,Desktop-Web,Kraft-Brown,Platinum,0
88.75,0.116,1,8,0,Casual-Tops,True-to-Size,1,Safari,iOS-App,Minimal-White,Silver,1
435.09,0.246,0,6,20,Footwear,Runs-Slightly-Small,1,Chrome,Desktop-Web,Kraft-Brown,Platinum,1
47.5,0.232,1,6,10,Casual-Tops,Inconsistent-Sizing,0,Firefox,Desktop-Web,Branded-Teal,Platinum,1
203.93,0.308,0,9,0,Formal-Eveningwear,Runs-Slightly-Small,1,Chrome,Android-App,Kraft-Brown,Gold,1
383.38,0.452,0,3,20,Casual-Tops,True-to-Size,0,Chrome,Desktop-Web,Kraft-Brown,Platinum,0
75.48,0.368,1,5,20,Accessories,True-to-Size,1,Firefox,iOS-App,Kraft-Brown,Platinum,0
33.04,0.045,0,5,20,Casual-Tops,Runs-Slightly-Small,1,Firefox,Android-App,Kraft-Brown,Gold,0
128.98,0.448,1,8,30,Formal-Eveningwear,Runs-Slightly-Small,1,Edge,iOS-App,Kraft-Brown,Silver,1
343.92,0.079,0,5,30,Accessories,Runs-Slightly-Small,1,Safari,Desktop-Web,Kraft-Brown,Silver,0
299.85,0.212,0,4,50,Formal-Eveningwear,Runs-Slightly-Small,1,Safari,Android-App,Kraft-Brown,Gold,1
378.44,0.149,1,6,40,Formal-Eveningwear,Inconsistent-Sizing,1,Firefox,iOS-App,Minimal-White,Silver,1
231.64,0.4,1,7,40,Formal-Eveningwear,Inconsistent-Sizing,0,Safari,Desktop-Web,Branded-Teal,Gold,1
238.69,0.308,1,6,20,Formal-Eveningwear,Inconsistent-Sizing,1,Firefox,Desktop-Web,Branded-Teal,Gold,1
384.82,0.052,0,9,40,Accessories,True-to-Size,0,Firefox,Desktop-Web,Kraft-Brown,Silver,0
164,0.363,0,3,20,Footwear,True-to-Size,0,Safari,Desktop-Web,Minimal-White,Platinum,0
169.32,0.305,1,2,40,Accessories,Runs-Slightly-Small,1,Firefox,Android-App,Kraft-Brown,Silver,0
294.49,0.432,1,7,20,Footwear,True-to-Size,0,Safari,iOS-App,Kraft-Brown,Silver,1
205.38,0.365,1,5,40,Accessories,Runs-Slightly-Small,0,Edge,iOS-App,Branded-Teal,Platinum,1
236.29,0.3,0,10,50,Formal-Eveningwear,Runs-Slightly-Small,0,Safari,Android-App,Minimal-White,Platinum,1
286.86,0.307,0,1,10,Footwear,True-to-Size,0,Safari,Android-App,Minimal-White,Silver,0
290.67,0.369,0,11,0,Footwear,True-to-Size,0,Edge,iOS-App,Branded-Teal,Gold,1
53.04,0.244,0,1,10,Formal-Eveningwear,True-to-Size,0,Chrome,iOS-App,Branded-Teal,Platinum,0
237.94,0.151,1,7,0,Accessories,True-to-Size,0,Firefox,Android-App,Minimal-White,Platinum,1
170.14,0.314,0,8,40,Formal-Eveningwear,True-to-Size,1,Firefox,Desktop-Web,Minimal-White,Silver,1
102.59,0.153,1,5,30,Casual-Tops,Runs-Slightly-Small,0,Firefox,Android-App,Branded-Teal,Silver,1
192.05,0.118,0,10,0,Casual-Tops,Runs-Slightly-Small,0,Safari,Android-App,Kraft-Brown,Platinum,1
400.45,0.23,0,1,30,Footwear,Inconsistent-Sizing,1,Edge,Android-App,Branded-Teal,Silver,1
187.4,0.092,0,1,50,Casual-Tops,Inconsistent-Sizing,0,Edge,Desktop-Web,Minimal-White,Gold,0
48.35,0.373,1,2,40,Accessories,True-to-Size,1,Edge,Android-App,Kraft-Brown,Platinum,0
41.74,0.16,0,9,20,Accessories,True-to-Size,1,Edge,Android-App,Branded-Teal,Platinum,0
310.03,0.261,0,2,0,Casual-Tops,Runs-Slightly-Small,1,Edge,Android-App,Minimal-White,Platinum,1
437.29,0.206,0,1,50,Formal-Eveningwear,Inconsistent-Sizing,0,Firefox,iOS-App,Kraft-Brown,Platinum,1
302.28,0.327,1,1,50,Accessories,True-to-Size,0,Chrome,Desktop-Web,Kraft-Brown,Silver,0
351.74,0.296,1,10,20,Casual-Tops,True-to-Size,1,Edge,iOS-App,Branded-Teal,Gold,1
132.2,0.246,0,8,50,Footwear,Inconsistent-Sizing,0,Edge,iOS-App,Minimal-White,Gold,1
424.94,0.313,1,2,30,Casual-Tops,Runs-Slightly-Small,1,Firefox,Android-App,Branded-Teal,Gold,1
324.04,0.44,1,5,50,Casual-Tops,True-to-Size,1,Firefox,Android-App,Minimal-White,Silver,1
380.07,0.451,1,10,50,Casual-Tops,Runs-Slightly-Small,0,Safari,Desktop-Web,Branded-Teal,Silver,1
184.15,0.732,0,7,40,Casual-Tops,True-to-Size,1,Edge,Desktop-Web,Branded-Teal,Silver,0
163.93,0.279,0,9,30,Accessories,Inconsistent-Sizing,1,Firefox,Android-App,Branded-Teal,Gold,0
168.08,0.137,1,9,20,Casual-Tops,True-to-Size,0,Safari,Desktop-Web,Branded-Teal,Platinum,1
191.16,0.445,1,3,50,Accessories,Runs-Slightly-Small,0,Chrome,iOS-App,Minimal-White,Gold,1
108.77,0.058,1,5,40,Footwear,Inconsistent-Sizing,1,Edge,iOS-App,Branded-Teal,Gold,1
226.55,0.109,0,1,50,Footwear,Inconsistent-Sizing,0,Firefox,Android-App,Kraft-Brown,Silver,0
259.27,0.287,0,2,20,Casual-Tops,True-to-Size,0,Chrome,iOS-App,Kraft-Brown,Silver,0
308.34,0.415,0,4,0,Footwear,Runs-Slightly-Small,0,Safari,iOS-App,Minimal-White,Silver,1
26.29,0.365,0,1,0,Formal-Eveningwear,True-to-Size,1,Chrome,iOS-App,Minimal-White,Gold,0
370.64,0.166,0,8,40,Footwear,Inconsistent-Sizing,0,Chrome,Android-App,Minimal-White,Silver,1
214.37,0.106,1,1,20,Footwear,True-to-Size,1,Chrome,Android-App,Kraft-Brown,Silver,1
425.35,0.194,1,6,20,Accessories,True-to-Size,1,Firefox,Desktop-Web,Branded-Teal,Silver,1
53.84,0.512,0,7,30,Casual-Tops,True-to-Size,0,Firefox,Android-App,Kraft-Brown,Silver,0
264.22,0.153,0,3,30,Formal-Eveningwear,Inconsistent-Sizing,0,Chrome,Desktop-Web,Branded-Teal,Platinum,1
235.2,0.306,0,4,10,Footwear,True-to-Size,0,Safari,Android-App,Kraft-Brown,Silver,0
118.19,0.131,0,4,20,Casual-Tops,Inconsistent-Sizing,0,Firefox,iOS-App,Branded-Teal,Platinum,0
192.27,0.073,0,7,50,Formal-Eveningwear,True-to-Size,0,Chrome,Desktop-Web,Branded-Teal,Silver,0
140.84,0.514,1,3,50,Footwear,True-to-Size,0,Edge,iOS-App,Minimal-White,Silver,1
385.19,0.097,0,11,50,Formal-Eveningwear,True-to-Size,1,Chrome,Android-App,Minimal-White,Gold,1
317.86,0.531,1,7,20,Accessories,True-to-Size,0,Edge,Desktop-Web,Branded-Teal,Gold,1
349.09,0.246,0,11,40,Formal-Eveningwear,Runs-Slightly-Small,0,Chrome,iOS-App,Minimal-White,Gold,1
300.42,0.458,1,1,30,Accessories,True-to-Size,0,Safari,iOS-App,Kraft-Brown,Platinum,1
95.2,0.247,1,2,20,Formal-Eveningwear,True-to-Size,0,Edge,iOS-App,Branded-Teal,Silver,1
174.07,0.325,1,5,0,Casual-Tops,Inconsistent-Sizing,0,Edge,Android-App,Branded-Teal,Silver,1
68.68,0.383,1,10,10,Footwear,Runs-Slightly-Small,1,Chrome,Android-App,Branded-Teal,Platinum,1
346.6,0.323,0,3,20,Accessories,Inconsistent-Sizing,0,Edge,Desktop-Web,Kraft-Brown,Silver,1
31.91,0.079,1,1,30,Casual-Tops,Inconsistent-Sizing,1,Chrome,Android-App,Minimal-White,Silver,0
352.83,0.391,1,7,10,Formal-Eveningwear,Runs-Slightly-Small,0,Safari,Desktop-Web,Branded-Teal,Platinum,1
396.75,0.141,0,5,0,Casual-Tops,Inconsistent-Sizing,1,Firefox,Desktop-Web,Branded-Teal,Gold,1
353.26,0.08,0,5,50,Formal-Eveningwear,Runs-Slightly-Small,0,Firefox,iOS-App,Minimal-White,Silver,1
284.62,0.143,0,11,40,Footwear,True-to-Size,0,Firefox,Desktop-Web,Kraft-Brown,Platinum,1
324.98,0.187,0,4,40,Casual-Tops,True-to-Size,1,Chrome,iOS-App,Kraft-Brown,Gold,0
407.19,0.165,1,11,20,Casual-Tops,True-to-Size,1,Chrome,Android-App,Branded-Teal,Platinum,1
253.5,0.158,0,11,30,Formal-Eveningwear,True-to-Size,1,Edge,iOS-App,Kraft-Brown,Silver,1
57.43,0.256,1,11,0,Casual-Tops,True-to-Size,1,Firefox,Desktop-Web,Minimal-White,Silver,1
171.21,0.333,1,4,20,Footwear,True-to-Size,0,Chrome,Desktop-Web,Kraft-Brown,Platinum,1
199.35,0.081,1,5,50,Footwear,Runs-Slightly-Small,0,Chrome,Android-App,Kraft-Brown,Silver,1
301.75,0.278,0,5,10,Formal-Eveningwear,True-to-Size,1,Safari,Desktop-Web,Branded-Teal,Silver,1
379.95,0.341,0,5,0,Footwear,Inconsistent-Sizing,1,Firefox,Android-App,Kraft-Brown,Gold,1
254.39,0.213,1,7,10,Casual-Tops,True-to-Size,0,Chrome,iOS-App,Kraft-Brown,Silver,1
205.87,0.579,0,1,0,Footwear,True-to-Size,1,Safari,Android-App,Branded-Teal,Platinum,0
36.11,0.232,1,5,30,Casual-Tops,True-to-Size,1,Firefox,Android-App,Minimal-White,Platinum,0
299.19,0.16,1,9,40,Formal-Eveningwear,True-to-Size,0,Chrome,iOS-App,Minimal-White,Gold,1
391.58,0.184,0,11,0,Accessories,True-to-Size,0,Chrome,Android-App,Kraft-Brown,Silver,1
237.92,0.332,0,1,50,Casual-Tops,Inconsistent-Sizing,0,Edge,iOS-App,Minimal-White,Gold,0
329.64,0.163,0,7,0,Casual-Tops,Inconsistent-Sizing,1,Chrome,iOS-App,Branded-Teal,Gold,1
357.51,0.282,0,4,20,Casual-Tops,Runs-Slightly-Small,0,Chrome,iOS-App,Minimal-White,Gold,1
109.2,0.266,1,6,20,Footwear,Inconsistent-Sizing,1,Edge,Android-App,Kraft-Brown,Gold,1
377.12,0.105,0,10,10,Accessories,True-to-Size,0,Firefox,Desktop-Web,Minimal-White,Silver,0
84.62,0.127,0,4,40,Footwear,True-to-Size,1,Safari,Android-App,Kraft-Brown,Gold,0
398.79,0.19,0,5,10,Footwear,Inconsistent-Sizing,0,Chrome,Desktop-Web,Branded-Teal,Platinum,1
391,0.299,0,9,40,Casual-Tops,True-to-Size,1,Safari,Android-App,Branded-Teal,Gold,1
154.46,0.19,0,7,50,Casual-Tops,True-to-Size,1,Firefox,iOS-App,Kraft-Brown,Gold,0
193.57,0.097,1,9,40,Casual-Tops,True-to-Size,0,Firefox,Android-App,Branded-Teal,Gold,1
403.33,0.219,1,9,40,Footwear,True-to-Size,1,Safari,Desktop-Web,Branded-Teal,Gold,1
405.4,0.143,1,7,40,Accessories,True-to-Size,0,Chrome,Android-App,Minimal-White,Gold,1
285.98,0.33,1,3,30,Formal-Eveningwear,True-to-Size,0,Firefox,Android-App,Kraft-Brown,Silver,1
151.81,0.571,0,9,30,Casual-Tops,True-to-Size,1,Chrome,Android-App,Kraft-Brown,Platinum,0
413,0.758,0,4,20,Footwear,Runs-Slightly-Small,0,Firefox,Desktop-Web,Minimal-White,Gold,1
199.15,0.389,1,1,40,Formal-Eveningwear,True-to-Size,1,Chrome,Android-App,Branded-Teal,Gold,1
84.65,0.447,1,11,30,Accessories,True-to-Size,0,Safari,iOS-App,Kraft-Brown,Gold,1
345.74,0.142,0,7,50,Accessories,Runs-Slightly-Small,1,Chrome,Android-App,Kraft-Brown,Silver,0
189.03,0.254,0,5,10,Casual-Tops,True-to-Size,0,Safari,Android-App,Minimal-White,Platinum,0
400.65,0.137,1,1,40,Formal-Eveningwear,Inconsistent-Sizing,0,Edge,Desktop-Web,Branded-Teal,Gold,1
125.92,0.191,0,11,50,Footwear,True-to-Size,0,Safari,iOS-App,Kraft-Brown,Silver,0
442.75,0.305,1,6,0,Formal-Eveningwear,Runs-Slightly-Small,1,Safari,iOS-App,Kraft-Brown,Silver,1
243.82,0.44,0,8,10,Casual-Tops,True-to-Size,0,Safari,Desktop-Web,Minimal-White,Silver,1
237.08,0.245,0,5,50,Accessories,Runs-Slightly-Small,1,Chrome,Android-App,Minimal-White,Gold,0
133.36,0.272,1,3,0,Casual-Tops,Runs-Slightly-Small,1,Edge,iOS-App,Minimal-White,Gold,1
80.87,0.336,1,3,20,Accessories,True-to-Size,0,Edge,iOS-App,Kraft-Brown,Platinum,0
373.3,0.281,1,7,0,Casual-Tops,Inconsistent-Sizing,0,Edge,Desktop-Web,Minimal-White,Gold,1
397.56,0.145,0,5,30,Accessories,True-to-Size,0,Safari,Android-App,Branded-Teal,Silver,0
284.78,0.064,0,4,30,Casual-Tops,True-to-Size,1,Firefox,iOS-App,Branded-Teal,Platinum,0
242.72,0.422,0,6,50,Casual-Tops,True-to-Size,0,Edge,iOS-App,Minimal-White,Silver,0
140.11,0.172,1,10,40,Casual-Tops,True-to-Size,0,Firefox,iOS-App,Kraft-Brown,Platinum,1
357.67,0.01,0,3,40,Formal-Eveningwear,True-to-Size,1,Edge,iOS-App,Kraft-Brown,Platinum,0
212.22,0.081,0,7,0,Casual-Tops,Inconsistent-Sizing,0,Safari,Android-App,Minimal-White,Silver,1
339.45,0.145,1,7,40,Accessories,True-to-Size,0,Safari,iOS-App,Minimal-White,Platinum,1
144.91,0.365,0,8,0,Accessories,Runs-Slightly-Small,1,Edge,Android-App,Branded-Teal,Gold,0
155.44,0.228,0,4,10,Formal-Eveningwear,True-to-Size,0,Firefox,iOS-App,Branded-Teal,Gold,0
291.63,0.206,0,2,10,Formal-Eveningwear,True-to-Size,0,Firefox,Android-App,Kraft-Brown,Platinum,1
237.87,0.555,1,11,0,Accessories,Runs-Slightly-Small,1,Edge,Android-App,Kraft-Brown,Silver,1
376.94,0.501,1,10,50,Accessories,Inconsistent-Sizing,1,Safari,Desktop-Web,Branded-Teal,Silver,1
100.65,0.427,0,4,0,Footwear,True-to-Size,1,Safari,iOS-App,Kraft-Brown,Platinum,0
437.76,0.17,0,2,0,Casual-Tops,True-to-Size,0,Safari,Desktop-Web,Kraft-Brown,Silver,0
65.87,0.489,0,9,0,Accessories,True-to-Size,0,Edge,Android-App,Minimal-White,Gold,0
153.14,0.535,1,5,20,Formal-Eveningwear,True-to-Size,1,Firefox,Android-App,Minimal-White,Silver,1
417,0.28,0,1,20,Footwear,Runs-Slightly-Small,1,Firefox,iOS-App,Kraft-Brown,Gold,1
113.16,0.501,0,7,50,Accessories,Runs-Slightly-Small,0,Firefox,Desktop-Web,Minimal-White,Platinum,0
158.31,0.493,1,4,50,Casual-Tops,True-to-Size,0,Safari,Android-App,Kraft-Brown,Gold,1
372.49,0.163,0,6,40,Casual-Tops,True-to-Size,0,Firefox,Desktop-Web,Branded-Teal,Silver,0
46.42,0.138,1,2,0,Formal-Eveningwear,Runs-Slightly-Small,1,Edge,iOS-App,Branded-Teal,Gold,1
142.05,0.271,1,7,50,Formal-Eveningwear,Inconsistent-Sizing,1,Safari,iOS-App,Kraft-Brown,Platinum,1
329.86,0.284,0,6,30,Accessories,Runs-Slightly-Small,1,Edge,Android-App,Branded-Teal,Platinum,0
113.45,0.266,0,9,20,Accessories,True-to-Size,0,Edge,Desktop-Web,Kraft-Brown,Gold,0
392.61,0.323,0,3,30,Footwear,True-to-Size,0,Chrome,iOS-App,Kraft-Brown,Gold,0
376.06,0.177,0,4,40,Formal-Eveningwear,True-to-Size,1,Firefox,Desktop-Web,Kraft-Brown,Platinum,0
388.61,0.512,0,4,10,Accessories,True-to-Size,1,Edge,Android-App,Minimal-White,Platinum,0
128.98,0.329,0,1,40,Casual-Tops,Inconsistent-Sizing,0,Firefox,iOS-App,Minimal-White,Platinum,0
265.24,0.167,1,1,10,Formal-Eveningwear,Runs-Slightly-Small,1,Chrome,iOS-App,Kraft-Brown,Platinum,1
71.59,0.287,0,10,20,Footwear,True-to-Size,0,Chrome,Android-App,Kraft-Brown,Gold,0
218.37,0.254,0,2,10,Footwear,Runs-Slightly-Small,0,Chrome,Desktop-Web,Branded-Teal,Silver,1
414.13,0.2,0,6,0,Casual-Tops,True-to-Size,1,Chrome,Android-App,Minimal-White,Gold,1
55.92,0.271,0,3,0,Footwear,True-to-Size,0,Safari,Desktop-Web,Minimal-White,Gold,0
228.44,0.33,0,11,30,Footwear,True-to-Size,1,Chrome,Android-App,Kraft-Brown,Gold,1
229.17,0.304,0,9,10,Accessories,Runs-Slightly-Small,1,Chrome,iOS-App,Minimal-White,Platinum,0
219.6,0.214,0,7,10,Casual-Tops,True-to-Size,0,Chrome,Desktop-Web,Minimal-White,Silver,0
0,0.462,0,1,10,Footwear,Runs-Slightly-Small,0,Edge,iOS-App,Kraft-Brown,Gold,1
354.88,0.355,0,4,30,Casual-Tops,Runs-Slightly-Small,1,Safari,Desktop-Web,Minimal-White,Silver,1
183,0.057,1,1,20,Formal-Eveningwear,Inconsistent-Sizing,0,Safari,Desktop-Web,Minimal-White,Silver,1
100.31,0.196,0,6,50,Casual-Tops,Inconsistent-Sizing,1,Safari,Desktop-Web,Minimal-White,Silver,0
147.24,0.542,0,6,50,Casual-Tops,True-to-Size,1,Chrome,Desktop-Web,Kraft-Brown,Silver,0
137.27,0.081,0,8,30,Footwear,True-to-Size,1,Safari,Desktop-Web,Minimal-White,Gold,0
85.41,0.31,1,3,10,Casual-Tops,Runs-Slightly-Small,0,Safari,Desktop-Web,Kraft-Brown,Silver,1
291.63,0.132,1,4,40,Casual-Tops,True-to-Size,0,Chrome,Desktop-Web,Minimal-White,Gold,1
378.29,0.293,0,4,40,Formal-Eveningwear,True-to-Size,1,Edge,iOS-App,Branded-Teal,Silver,1
382.92,0.22,0,7,20,Casual-Tops,Runs-Slightly-Small,0,Firefox,iOS-App,Branded-Teal,Gold,1
196.18,0.061,0,9,20,Casual-Tops,Runs-Slightly-Small,0,Edge,Desktop-Web,Kraft-Brown,Platinum,1
247.38,0.45,0,3,0,Accessories,Runs-Slightly-Small,1,Safari,iOS-App,Minimal-White,Silver,0
400.96,0.192,1,1,20,Casual-Tops,Runs-Slightly-Small,1,Firefox,Desktop-Web,Kraft-Brown,Platinum,1
422.02,0.249,0,8,20,Formal-Eveningwear,True-to-Size,1,Edge,Android-App,Minimal-White,Platinum,1
315.82,0.147,0,8,40,Casual-Tops,True-to-Size,0,Firefox,Android-App,Minimal-White,Platinum,0
344.54,0.253,0,10,30,Accessories,True-to-Size,0,Chrome,Desktop-Web,Minimal-White,Platinum,0
221.66,0.147,0,1,0,Accessories,Runs-Slightly-Small,1,Chrome,Desktop-Web,Minimal-White,Silver,0
323.14,0.261,0,10,0,Accessories,True-to-Size,1,Firefox,iOS-App,Kraft-Brown,Silver,0
38.7,0.201,1,4,50,Accessories,Runs-Slightly-Small,0,Firefox,iOS-App,Kraft-Brown,Platinum,0
154.97,0.254,1,8,50,Casual-Tops,Inconsistent-Sizing,0,Edge,Desktop-Web,Kraft-Brown,Silver,1
49.98,0.062,0,10,0,Formal-Eveningwear,True-to-Size,0,Firefox,Android-App,Branded-Teal,Gold,1
296.63,0.218,1,9,0,Footwear,True-to-Size,0,Safari,iOS-App,Branded-Teal,Gold,1
80.7,0.46,0,5,10,Footwear,Inconsistent-Sizing,1,Edge,Android-App,Minimal-White,Gold,1
236.15,0.338,0,6,20,Accessories,Inconsistent-Sizing,0,Firefox,Desktop-Web,Minimal-White,Gold,1
406.16,0.145,0,10,0,Formal-Eveningwear,True-to-Size,1,Safari,iOS-App,Minimal-White,Gold,1
329.97,0.137,0,9,50,Formal-Eveningwear,Runs-Slightly-Small,1,Chrome,Desktop-Web,Minimal-White,Silver,1
78.41,0.335,1,5,0,Casual-Tops,Runs-Slightly-Small,0,Firefox,Android-App,Branded-Teal,Platinum,1
309.24,0.088,1,7,0,Footwear,Inconsistent-Sizing,1,Safari,iOS-App,Branded-Teal,Platinum,1
88.75,0.049,0,8,50,Accessories,Inconsistent-Sizing,1,Chrome,iOS-App,Minimal-White,Silver,0
108,0.221,0,5,40,Casual-Tops,True-to-Size,0,Firefox,Desktop-Web,Branded-Teal,Platinum,0
187.1,0.2,1,4,50,Footwear,True-to-Size,0,Safari,iOS-App,Branded-Teal,Platinum,0
229.63,0.779,1,2,40,Casual-Tops,Runs-Slightly-Small,1,Firefox,iOS-App,Minimal-White,Silver,1
248.73,0.056,1,7,0,Casual-Tops,True-to-Size,0,Edge,Android-App,Branded-Teal,Silver,1
157.37,0.223,0,4,10,Casual-Tops,Runs-Slightly-Small,0,Chrome,Desktop-Web,Kraft-Brown,Platinum,0
326.88,0.219,0,9,0,Formal-Eveningwear,True-to-Size,1,Chrome,iOS-App,Kraft-Brown,Silver,1
445.81,0.301,0,10,40,Formal-Eveningwear,True-to-Size,1,Firefox,Desktop-Web,Minimal-White,Platinum,1
435.01,0.319,0,11,50,Formal-Eveningwear,True-to-Size,1,Chrome,Desktop-Web,Minimal-White,Platinum,1
421.19,0.159,1,5,30,Formal-Eveningwear,Inconsistent-Sizing,0,Firefox,Android-App,Minimal-White,Platinum,1
66.34,0.564,0,2,40,Accessories,Inconsistent-Sizing,1,Edge,Desktop-Web,Kraft-Brown,Gold,0
371.52,0.483,1,3,30,Footwear,Inconsistent-Sizing,0,Safari,Desktop-Web,Minimal-White,Gold,1
78.09,0.203,0,9,0,Accessories,True-to-Size,0,Firefox,iOS-App,Kraft-Brown,Platinum,0
238.54,0.119,0,8,0,Accessories,Inconsistent-Sizing,0,Safari,Desktop-Web,Minimal-White,Platinum,0
405.66,0.075,0,9,50,Formal-Eveningwear,Inconsistent-Sizing,1,Safari,Desktop-Web,Minimal-White,Gold,1
363.53,0.111,0,11,0,Accessories,Inconsistent-Sizing,0,Firefox,iOS-App,Branded-Teal,Gold,1
426.37,0.173,0,9,50,Casual-Tops,Inconsistent-Sizing,1,Safari,Android-App,Branded-Teal,Silver,1
267.72,0.139,1,3,40,Casual-Tops,Runs-Slightly-Small,0,Firefox,Desktop-Web,Branded-Teal,Gold,1
66.06,0.304,1,7,20,Accessories,Runs-Slightly-Small,1,Firefox,Android-App,Minimal-White,Gold,1
126.77,0.54,0,4,50,Accessories,Runs-Slightly-Small,1,Chrome,iOS-App,Branded-Teal,Platinum,0
427.33,0.101,0,7,10,Accessories,True-to-Size,0,Safari,Desktop-Web,Minimal-White,Platinum,0
84.42,0.211,1,3,0,Footwear,Runs-Slightly-Small,1,Chrome,Desktop-Web,Branded-Teal,Silver,1
184.49,0.351,0,2,0,Casual-Tops,Runs-Slightly-Small,0,Chrome,Android-App,Branded-Teal,Platinum,1
378.32,0.06,0,4,20,Accessories,Runs-Slightly-Small,0,Firefox,Android-App,Minimal-White,Gold,0
207.84,0.472,0,6,0,Footwear,True-to-Size,0,Edge,Android-App,Kraft-Brown,Silver,1
130.59,0.504,1,8,20,Footwear,Runs-Slightly-Small,0,Chrome,Desktop-Web,Kraft-Brown,Platinum,1
99.63,0.102,0,5,10,Accessories,True-to-Size,1,Chrome,Desktop-Web,Minimal-White,Silver,0
215.79,0.307,0,1,10,Footwear,True-to-Size,1,Firefox,Desktop-Web,Minimal-White,Silver,0
115.51,0.514,0,9,10,Accessories,True-to-Size,1,Safari,Android-App,Branded-Teal,Silver,0
412.16,0.435,0,6,50,Formal-Eveningwear,Runs-Slightly-Small,1,Edge,iOS-App,Minimal-White,Platinum,1
141.37,0.378,0,6,40,Footwear,Inconsistent-Sizing,0,Edge,Desktop-Web,Branded-Teal,Silver,1
348.7,0.033,1,4,50,Accessories,True-to-Size,1,Firefox,Android-App,Minimal-White,Silver,0
189.32,0.436,0,3,40,Formal-Eveningwear,Runs-Slightly-Small,1,Chrome,Desktop-Web,Minimal-White,Silver,1
91.71,0.303,0,5,0,Formal-Eveningwear,Runs-Slightly-Small,1,Chrome,iOS-App,Minimal-White,Silver,1
311.49,0.506,0,1,50,Accessories,True-to-Size,0,Safari,Desktop-Web,Minimal-White,Gold,0
444.63,0.114,1,7,50,Footwear,True-to-Size,0,Firefox,Android-App,Kraft-Brown,Gold,1
168.86,0.24,0,5,30,Casual-Tops,Inconsistent-Sizing,1,Safari,Android-App,Branded-Teal,Platinum,0
351.36,0.331,1,9,30,Accessories,True-to-Size,0,Firefox,Android-App,Kraft-Brown,Platinum,1
394.65,0.159,0,3,0,Casual-Tops,True-to-Size,0,Chrome,Desktop-Web,Kraft-Brown,Platinum,0
312.69,0.286,0,4,30,Formal-Eveningwear,True-to-Size,1,Safari,iOS-App,Kraft-Brown,Platinum,1
223.85,0.467,0,4,0,Formal-Eveningwear,Runs-Slightly-Small,0,Firefox,Desktop-Web,Minimal-White,Platinum,1
261.67,0.582,0,6,10,Casual-Tops,Runs-Slightly-Small,1,Chrome,Android-App,Minimal-White,Platinum,1
118.48,0.171,0,1,40,Accessories,Inconsistent-Sizing,0,Chrome,iOS-App,Minimal-White,Gold,0
397.33,0.631,0,7,50,Footwear,Runs-Slightly-Small,1,Edge,Android-App,Branded-Teal,Platinum,1
248.32,0.262,0,4,10,Casual-Tops,True-to-Size,1,Edge,Android-App,Branded-Teal,Silver,0
271.74,0.469,1,1,30,Formal-Eveningwear,True-to-Size,1,Firefox,Desktop-Web,Branded-Teal,Gold,1
229.68,0.672,1,7,50,Casual-Tops,True-to-Size,0,Firefox,iOS-App,Kraft-Brown,Silver,1
411.9,0.225,0,11,10,Footwear,True-to-Size,0,Firefox,Desktop-Web,Kraft-Brown,Platinum,1
225.93,0.288,1,10,0,Casual-Tops,Runs-Slightly-Small,0,Firefox,Android-App,Kraft-Brown,Silver,1
77.92,0.051,1,10,10,Casual-Tops,True-to-Size,1,Firefox,iOS-App,Minimal-White,Platinum,1
173.3,0.14,0,7,50,Formal-Eveningwear,True-to-Size,1,Chrome,iOS-App,Kraft-Brown,Platinum,0
292.16,0.33,0,4,10,Casual-Tops,True-to-Size,0,Edge,iOS-App,Minimal-White,Silver,1
113.79,0.573,0,6,10,Casual-Tops,True-to-Size,0,Edge,Android-App,Minimal-White,Platinum,0
152.26,0.342,1,8,0,Footwear,Runs-Slightly-Small,1,Safari,iOS-App,Kraft-Brown,Silver,1
242.57,0.369,0,6,30,Accessories,True-to-Size,1,Edge,Desktop-Web,Kraft-Brown,Gold,0
245.38,0.59,1,7,30,Casual-Tops,True-to-Size,1,Chrome,Desktop-Web,Kraft-Brown,Platinum,1
444.81,0.052,1,11,30,Casual-Tops,True-to-Size,0,Edge,Desktop-Web,Branded-Teal,Platinum,1
278.69,0.039,1,4,40,Accessories,True-to-Size,0,Firefox,Android-App,Minimal-White,Gold,0
374.92,0.486,0,1,50,Accessories,True-to-Size,0,Safari,iOS-App,Branded-Teal,Platinum,0
120.78,0.183,0,4,30,Casual-Tops,Inconsistent-Sizing,0,Chrome,Android-App,Branded-Teal,Gold,0
324.76,0.249,0,11,50,Footwear,Runs-Slightly-Small,0,Safari,Desktop-Web,Branded-Teal,Silver,1
305.07,0.105,0,8,0,Accessories,Runs-Slightly-Small,0,Safari,Desktop-Web,Kraft-Brown,Silver,0
272.53,0.063,0,6,40,Accessories,Inconsistent-Sizing,0,Edge,iOS-App,Branded-Teal,Platinum,0
359,0.409,0,3,0,Formal-Eveningwear,True-to-Size,0,Firefox,iOS-App,Minimal-White,Gold,1
116.35,0.12,0,4,10,Footwear,True-to-Size,0,Edge,Android-App,Branded-Teal,Gold,0
135.37,0.358,0,11,30,Casual-Tops,Runs-Slightly-Small,0,Edge,Desktop-Web,Kraft-Brown,Silver,1
300.7,0.132,1,6,50,Accessories,True-to-Size,0,Firefox,Android-App,Kraft-Brown,Silver,0
304.17,0.58,0,7,30,Casual-Tops,True-to-Size,1,Firefox,Android-App,Kraft-Brown,Gold,1
35.35,0.139,1,8,40,Footwear,Runs-Slightly-Small,1,Edge,Desktop-Web,Branded-Teal,Silver,1
395.11,0.088,1,6,30,Accessories,True-to-Size,0,Chrome,Desktop-Web,Minimal-White,Platinum,1
223.03,0.544,1,11,20,Casual-Tops,True-to-Size,1,Firefox,Desktop-Web,Kraft-Brown,Silver,1
153.11,0.097,1,2,50,Formal-Eveningwear,True-to-Size,1,Firefox,Desktop-Web,Kraft-Brown,Silver,1
64.11,0.632,0,1,0,Footwear,True-to-Size,1,Safari,iOS-App,Kraft-Brown,Platinum,0
284.84,0.145,1,2,20,Footwear,True-to-Size,1,Chrome,Android-App,Branded-Teal,Platinum,1
396,0.082,0,2,50,Casual-Tops,Inconsistent-Sizing,1,Edge,Android-App,Kraft-Brown,Platinum,0
259.57,0.162,0,8,10,Accessories,Runs-Slightly-Small,1,Safari,Android-App,Kraft-Brown,Silver,0
28.24,0.13,1,6,40,Casual-Tops,True-to-Size,0,Chrome,Android-App,Minimal-White,Gold,0
384.59,0.344,0,6,20,Formal-Eveningwear,True-to-Size,0,Firefox,Android-App,Kraft-Brown,Platinum,1
41.11,0.723,1,7,50,Footwear,True-to-Size,1,Firefox,Desktop-Web,Branded-Teal,Gold,1
367.1,0.173,0,1,10,Footwear,True-to-Size,1,Edge,Android-App,Kraft-Brown,Platinum,0
304.14,0.654,0,5,20,Footwear,True-to-Size,0,Edge,Desktop-Web,Kraft-Brown,Gold,1
320.82,0.216,1,4,30,Casual-Tops,Runs-Slightly-Small,1,Firefox,Desktop-Web,Branded-Teal,Gold,1
62.39,0.05,1,3,50,Formal-Eveningwear,Inconsistent-Sizing,0,Chrome,Android-App,Kraft-Brown,Platinum,1
391,0.047,1,1,20,Formal-Eveningwear,Inconsistent-Sizing,1,Firefox,Android-App,Kraft-Brown,Silver,1
155.07,0.096,1,8,30,Footwear,Runs-Slightly-Small,0,Safari,iOS-App,Minimal-White,Silver,1
258.84,0.579,0,4,40,Casual-Tops,True-to-Size,1,Firefox,Android-App,Kraft-Brown,Silver,0
400.42,0.221,0,2,0,Footwear,True-to-Size,1,Safari,Android-App,Branded-Teal,Silver,1
261.19,0.239,0,2,20,Formal-Eveningwear,Runs-Slightly-Small,0,Firefox,Android-App,Branded-Teal,Platinum,1
238.17,0.288,0,9,20,Accessories,True-to-Size,0,Edge,Desktop-Web,Branded-Teal,Silver,0
68.31,0.8,0,6,30,Casual-Tops,True-to-Size,0,Safari,Android-App,Branded-Teal,Platinum,0
334.13,0.03,0,6,0,Casual-Tops,Runs-Slightly-Small,1,Firefox,iOS-App,Minimal-White,Platinum,1
325.21,0.591,0,4,40,Footwear,Runs-Slightly-Small,0,Chrome,Desktop-Web,Minimal-White,Silver,1
145.34,0.382,0,2,40,Formal-Eveningwear,True-to-Size,0,Firefox,Android-App,Branded-Teal,Silver,0
290,0.279,1,9,40,Formal-Eveningwear,True-to-Size,0,Chrome,Desktop-Web,Minimal-White,Gold,1
278.9,0.207,0,8,10,Formal-Eveningwear,True-to-Size,1,Chrome,iOS-App,Kraft-Brown,Silver,1
367.51,0.335,0,7,40,Casual-Tops,Runs-Slightly-Small,1,Firefox,iOS-App,Branded-Teal,Gold,1
380.28,0.175,0,3,10,Casual-Tops,True-to-Size,1,Firefox,iOS-App,Minimal-White,Platinum,0
223.41,0.019,0,2,40,Accessories,True-to-Size,0,Safari,Android-App,Minimal-White,Platinum,0
33.83,0.555,1,9,30,Footwear,Runs-Slightly-Small,1,Firefox,Desktop-Web,Kraft-Brown,Platinum,1
131.61,0.288,0,9,0,Accessories,Runs-Slightly-Small,1,Firefox,Desktop-Web,Minimal-White,Platinum,1
438.37,0.271,1,6,0,Accessories,True-to-Size,0,Firefox,Desktop-Web,Minimal-White,Gold,1
159.22,0.186,0,1,10,Casual-Tops,True-to-Size,0,Safari,Android-App,Branded-Teal,Platinum,0
308.87,0.32,0,1,50,Footwear,Inconsistent-Sizing,0,Safari,iOS-App,Minimal-White,Silver,1
312.87,0.63,0,3,30,Casual-Tops,Inconsistent-Sizing,1,Safari,Android-App,Kraft-Brown,Gold,1
227.67,0.144,0,11,20,Footwear,Inconsistent-Sizing,1,Firefox,Desktop-Web,Branded-Teal,Platinum,1
401.4,0.088,1,7,40,Accessories,True-to-Size,1,Edge,Android-App,Kraft-Brown,Platinum,1
437.54,0.127,0,10,50,Formal-Eveningwear,Inconsistent-Sizing,0,Firefox,Desktop-Web,Minimal-White,Platinum,1
449.75,0.305,1,11,0,Casual-Tops,True-to-Size,1,Safari,Desktop-Web,Minimal-White,Silver,1
429.75,0.532,0,8,10,Casual-Tops,Inconsistent-Sizing,1,Chrome,iOS-App,Branded-Teal,Platinum,1
70.33,0.145,0,7,0,Casual-Tops,Runs-Slightly-Small,0,Safari,iOS-App,Kraft-Brown,Gold,1
316.12,0.43,0,8,40,Casual-Tops,True-to-Size,0,Firefox,Desktop-Web,Kraft-Brown,Silver,0
304.25,0.196,1,2,50,Formal-Eveningwear,True-to-Size,1,Chrome,Desktop-Web,Kraft-Brown,Silver,1
441.68,0.286,0,5,30,Accessories,True-to-Size,1,Chrome,Desktop-Web,Kraft-Brown,Platinum,0
420.51,0.217,0,7,30,Accessories,True-to-Size,1,Edge,iOS-App,Branded-Teal,Gold,0
189.01,0.128,1,4,10,Accessories,Runs-Slightly-Small,1,Edge,Android-App,Minimal-White,Platinum,1
266.53,0.147,1,5,40,Casual-Tops,True-to-Size,0,Edge,Desktop-Web,Branded-Teal,Platinum,1
350.14,0.224,0,3,40,Casual-Tops,Inconsistent-Sizing,0,Safari,Desktop-Web,Kraft-Brown,Gold,1
398.82,0.117,1,6,0,Accessories,Runs-Slightly-Small,1,Firefox,Android-App,Minimal-White,Silver,1
409.11,0.152,1,7,20,Casual-Tops,Runs-Slightly-Small,1,Chrome,Desktop-Web,Kraft-Brown,Gold,1
215.72,0.34,1,4,40,Casual-Tops,True-to-Size,1,Firefox,Desktop-Web,Minimal-White,Gold,1
357.2,0.15,0,2,30,Casual-Tops,True-to-Size,1,Safari,iOS-App,Branded-Teal,Platinum,0
182.27,0.392,0,2,20,Accessories,Runs-Slightly-Small,0,Edge,Android-App,Branded-Teal,Gold,0
84.08,0.65,1,11,0,Casual-Tops,Runs-Slightly-Small,0,Firefox,iOS-App,Minimal-White,Platinum,1
159.85,0.03,1,5,20,Footwear,Runs-Slightly-Small,1,Edge,iOS-App,Branded-Teal,Platinum,1
161.28,0.404,0,5,0,Formal-Eveningwear,True-to-Size,0,Edge,iOS-App,Kraft-Brown,Silver,1
100.02,0.051,1,4,0,Casual-Tops,True-to-Size,0,Safari,Android-App,Minimal-White,Silver,0
188.65,0.247,0,9,10,Footwear,True-to-Size,1,Chrome,Desktop-Web,Branded-Teal,Silver,1
115.3,0.052,1,7,30,Casual-Tops,Inconsistent-Sizing,0,Edge,Android-App,Branded-Teal,Gold,1
62.84,0.318,1,10,40,Accessories,Runs-Slightly-Small,1,Edge,iOS-App,Kraft-Brown,Gold,0
322.63,0.438,0,5,20,Accessories,Runs-Slightly-Small,1,Safari,Desktop-Web,Minimal-White,Silver,1
388.39,0.697,1,2,20,Accessories,True-to-Size,1,Edge,Android-App,Kraft-Brown,Gold,1
153.43,0.128,1,10,10,Footwear,True-to-Size,0,Firefox,iOS-App,Branded-Teal,Silver,1
255.06,0.263,0,1,40,Footwear,True-to-Size,1,Firefox,Desktop-Web,Branded-Teal,Silver,0
198.23,0.205,1,8,50,Accessories,Inconsistent-Sizing,1,Safari,Android-App,Branded-Teal,Platinum,1
280.53,0.344,0,4,0,Casual-Tops,Inconsistent-Sizing,1,Edge,Desktop-Web,Kraft-Brown,Silver,1
406.9,0.273,1,1,10,Accessories,Runs-Slightly-Small,1,Firefox,iOS-App,Branded-Teal,Platinum,1
78.61,0.048,0,9,40,Formal-Eveningwear,True-to-Size,1,Edge,Android-App,Branded-Teal,Silver,0
97.05,0.228,1,8,40,Casual-Tops,True-to-Size,0,Safari,Desktop-Web,Branded-Teal,Platinum,0
300.87,0.088,1,9,10,Casual-Tops,True-to-Size,1,Edge,Desktop-Web,Minimal-White,Platinum,1
60.7,0.264,1,11,20,Footwear,True-to-Size,1,Firefox,Android-App,Branded-Teal,Silver,1
182.87,0.594,1,4,30,Casual-Tops,True-to-Size,0,Edge,iOS-App,Branded-Teal,Gold,1
137.5,0.194,1,8,20,Footwear,Runs-Slightly-Small,1,Firefox,iOS-App,Kraft-Brown,Gold,1
307.48,0.101,1,2,10,Casual-Tops,True-to-Size,1,Safari,Desktop-Web,Kraft-Brown,Silver,1
408.97,0.148,0,11,50,Casual-Tops,Runs-Slightly-Small,1,Chrome,iOS-App,Branded-Teal,Gold,1
209.17,0.261,0,6,10,Formal-Eveningwear,Runs-Slightly-Small,1,Firefox,Android-App,Minimal-White,Platinum,1
428.91,0.247,0,11,20,Accessories,Runs-Slightly-Small,0,Firefox,Desktop-Web,Kraft-Brown,Silver,1
318.28,0.171,0,6,40,Formal-Eveningwear,Runs-Slightly-Small,1,Edge,iOS-App,Branded-Teal,Platinum,1
67.23,0.127,0,1,30,Footwear,True-to-Size,0,Edge,Android-App,Kraft-Brown,Platinum,0
441.16,0.418,0,8,30,Casual-Tops,True-to-Size,1,Safari,Desktop-Web,Minimal-White,Gold,1
370.16,0.507,1,4,40,Footwear,Runs-Slightly-Small,0,Edge,Desktop-Web,Kraft-Brown,Silver,1
182.93,0.246,0,10,0,Footwear,Runs-Slightly-Small,0,Edge,Android-App,Minimal-White,Platinum,1
421.22,0.181,0,10,40,Formal-Eveningwear,Inconsistent-Sizing,0,Firefox,Android-App,Kraft-Brown,Platinum,1
197.39,0.276,1,6,0,Accessories,True-to-Size,1,Firefox,Android-App,Kraft-Brown,Platinum,1
242.65,0.263,1,9,20,Footwear,Inconsistent-Sizing,0,Chrome,Desktop-Web,Minimal-White,Gold,1
100.96,0.183,1,8,50,Formal-Eveningwear,True-to-Size,1,Chrome,iOS-App,Minimal-White,Silver,1
328.56,0.114,0,8,50,Formal-Eveningwear,True-to-Size,0,Safari,iOS-App,Kraft-Brown,Silver,0
173.67,0.097,1,2,40,Casual-Tops,Runs-Slightly-Small,0,Firefox,Desktop-Web,Kraft-Brown,Platinum,1
416.21,0.209,0,1,0,Formal-Eveningwear,Inconsistent-Sizing,0,Safari,Android-App,Kraft-Brown,Silver,1
325.52,0.472,0,3,0,Footwear,True-to-Size,1,Edge,Android-App,Minimal-White,Gold,1
250.35,0.34,0,5,40,Casual-Tops,True-to-Size,1,Firefox,iOS-App,Minimal-White,Platinum,0
80.83,0.189,0,6,10,Casual-Tops,Inconsistent-Sizing,1,Chrome,iOS-App,Branded-Teal,Gold,1
447.87,0.229,0,8,30,Casual-Tops,True-to-Size,1,Firefox,Android-App,Minimal-White,Gold,1
370.26,0.195,0,7,40,Accessories,True-to-Size,1,Chrome,Desktop-Web,Minimal-White,Platinum,0
394.9,0.201,0,7,40,Footwear,True-to-Size,0,Safari,iOS-App,Minimal-White,Platinum,0
36.78,0.19,0,7,10,Footwear,True-to-Size,0,Firefox,iOS-App,Kraft-Brown,Platinum,0
181.14,0.2,1,11,50,Formal-Eveningwear,True-to-Size,0,Edge,Android-App,Branded-Teal,Platinum,1
346.45,0.242,0,2,20,Accessories,Runs-Slightly-Small,1,Firefox,iOS-App,Kraft-Brown,Gold,0
297.23,0.476,1,8,20,Casual-Tops,True-to-Size,0,Chrome,Desktop-Web,Branded-Teal,Silver,1
440.29,0.177,0,11,40,Accessories,Runs-Slightly-Small,0,Edge,iOS-App,Minimal-White,Platinum,1
142.85,0.091,0,5,0,Accessories,True-to-Size,1,Firefox,iOS-App,Branded-Teal,Gold,0
196.85,0.252,0,4,20,Footwear,Runs-Slightly-Small,1,Firefox,Desktop-Web,Kraft-Brown,Silver,1
378.41,0.539,0,3,40,Accessories,Runs-Slightly-Small,0,Firefox,Android-App,Kraft-Brown,Silver,0
48.52,0.271,0,1,50,Casual-Tops,Runs-Slightly-Small,0,Edge,Desktop-Web,Kraft-Brown,Silver,0
377.63,0.138,0,11,10,Formal-Eveningwear,Runs-Slightly-Small,1,Safari,iOS-App,Kraft-Brown,Platinum,1
430.58,0.311,0,8,50,Casual-Tops,Inconsistent-Sizing,0,Firefox,Desktop-Web,Kraft-Brown,Platinum,1
336.03,0.153,0,10,10,Formal-Eveningwear,True-to-Size,1,Firefox,Android-App,Kraft-Brown,Gold,1
235.09,0.591,0,11,40,Footwear,Inconsistent-Sizing,1,Safari,Android-App,Branded-Teal,Silver,1
347,0.166,0,10,30,Formal-Eveningwear,True-to-Size,1,Safari,Desktop-Web,Branded-Teal,Silver,1
48.47,0.138,1,11,40,Casual-Tops,True-to-Size,0,Chrome,iOS-App,Kraft-Brown,Gold,0
425.34,0.125,1,9,30,Casual-Tops,True-to-Size,0,Edge,iOS-App,Kraft-Brown,Silver,1
359.27,0.473,0,8,10,Casual-Tops,Inconsistent-Sizing,0,Edge,Android-App,Minimal-White,Silver,1
180.56,0.145,0,2,30,Casual-Tops,Runs-Slightly-Small,0,Chrome,Android-App,Minimal-White,Platinum,0
238.77,0.127,0,4,0,Casual-Tops,Inconsistent-Sizing,0,Edge,iOS-App,Minimal-White,Platinum,1
297.89,0.234,0,6,20,Casual-Tops,True-to-Size,1,Safari,Android-App,Minimal-White,Silver,0
321.6,0.271,0,9,0,Formal-Eveningwear,Inconsistent-Sizing,0,Edge,Desktop-Web,Branded-Teal,Gold,1
29.43,0.576,0,3,30,Formal-Eveningwear,Inconsistent-Sizing,1,Firefox,Android-App,Branded-Teal,Silver,1
342.02,0.27,1,9,0,Footwear,True-to-Size,0,Safari,Desktop-Web,Minimal-White,Platinum,1
35.35,0.295,0,4,0,Accessories,True-to-Size,0,Edge,Android-App,Branded-Teal,Gold,0
126.77,0.135,0,9,20,Accessories,True-to-Size,0,Firefox,iOS-App,Kraft-Brown,Silver,0
428.91,0.173,0,9,30,Accessories,True-to-Size,0,Firefox,Desktop-Web,Minimal-White,Silver,0
37.38,0.444,0,10,50,Formal-Eveningwear,Runs-Slightly-Small,1,Edge,iOS-App,Branded-Teal,Silver,1
189.16,0.329,1,7,20,Casual-Tops,Runs-Slightly-Small,0,Edge,Android-App,Kraft-Brown,Gold,1
92.29,0.261,0,6,30,Accessories,True-to-Size,0,Firefox,Desktop-Web,Kraft-Brown,Silver,0
249.04,0.202,1,4,10,Casual-Tops,True-to-Size,1,Safari,Android-App,Minimal-White,Platinum,1
186.08,0.111,0,6,0,Formal-Eveningwear,Runs-Slightly-Small,0,Safari,iOS-App,Minimal-White,Platinum,1
91.2,0.348,0,8,50,Casual-Tops,True-to-Size,0,Chrome,Desktop-Web,Branded-Teal,Gold,0
219.99,0.484,0,7,40,Footwear,Runs-Slightly-Small,1,Firefox,iOS-App,Kraft-Brown,Platinum,1
167.05,0.148,1,2,40,Accessories,True-to-Size,0,Edge,Desktop-Web,Branded-Teal,Silver,0
96.85,0.236,1,7,0,Casual-Tops,Runs-Slightly-Small,1,Chrome,Android-App,Minimal-White,Platinum,1
142.98,0.122,0,8,50,Footwear,Runs-Slightly-Small,1,Edge,Desktop-Web,Minimal-White,Gold,0
434.36,0.189,0,9,10,Footwear,True-to-Size,1,Safari,iOS-App,Minimal-White,Platinum,1
144.53,0.248,0,10,50,Footwear,True-to-Size,1,Firefox,Android-App,Kraft-Brown,Platinum,0
346.11,0.273,0,8,0,Footwear,Runs-Slightly-Small,0,Firefox,Desktop-Web,Kraft-Brown,Silver,1
411.03,0.243,0,5,20,Casual-Tops,Inconsistent-Sizing,0,Firefox,Desktop-Web,Branded-Teal,Platinum,1
417.77,0.202,0,5,50,Casual-Tops,Runs-Slightly-Small,0,Chrome,Android-App,Branded-Teal,Silver,1
401.78,0.157,0,9,50,Casual-Tops,True-to-Size,0,Chrome,Android-App,Minimal-White,Platinum,0
29.11,0.278,0,11,40,Formal-Eveningwear,True-to-Size,0,Chrome,Desktop-Web,Kraft-Brown,Gold,0
183.82,0.402,0,11,40,Accessories,Runs-Slightly-Small,1,Firefox,Android-App,Branded-Teal,Platinum,1
79.94,0.3,1,6,50,Casual-Tops,Runs-Slightly-Small,0,Safari,iOS-App,Minimal-White,Silver,1
132.05,0.289,0,1,0,Formal-Eveningwear,Runs-Slightly-Small,1,Firefox,iOS-App,Kraft-Brown,Silver,1
316.5,0.349,0,3,30,Accessories,Runs-Slightly-Small,0,Edge,Android-App,Branded-Teal,Platinum,0
238,0.147,1,9,0,Casual-Tops,Inconsistent-Sizing,1,Edge,iOS-App,Branded-Teal,Silver,1
176.46,0.187,1,7,0,Footwear,Runs-Slightly-Small,1,Edge,iOS-App,Kraft-Brown,Platinum,1
146.59,0.174,0,1,50,Footwear,Runs-Slightly-Small,1,Edge,Desktop-Web,Kraft-Brown,Platinum,0
256.02,0.106,0,6,50,Formal-Eveningwear,True-to-Size,1,Safari,iOS-App,Branded-Teal,Platinum,0
169.01,0.337,1,11,30,Footwear,True-to-Size,0,Edge,iOS-App,Kraft-Brown,Silver,1
405.57,0.613,0,11,0,Accessories,True-to-Size,0,Edge,Android-App,Kraft-Brown,Gold,1
227.96,0.067,0,10,30,Accessories,True-to-Size,0,Safari,Android-App,Kraft-Brown,Silver,0
320.43,0.344,0,2,10,Accessories,Runs-Slightly-Small,0,Edge,Desktop-Web,Minimal-White,Platinum,0
332.75,0.326,0,1,10,Casual-Tops,Inconsistent-Sizing,0,Chrome,Desktop-Web,Minimal-White,Platinum,1
350.98,0.171,0,1,10,Formal-Eveningwear,True-to-Size,0,Firefox,Android-App,Branded-Teal,Gold,0
263.81,0.289,0,4,0,Accessories,Runs-Slightly-Small,1,Safari,iOS-App,Branded-Teal,Silver,0
342.28,0.401,1,8,30,Footwear,True-to-Size,0,Chrome,iOS-App,Branded-Teal,Platinum,1
383.62,0.121,0,10,20,Formal-Eveningwear,True-to-Size,0,Chrome,Desktop-Web,Minimal-White,Silver,1
216.66,0.099,0,11,50,Formal-Eveningwear,True-to-Size,0,Firefox,iOS-App,Kraft-Brown,Platinum,0
267.56,0.591,0,10,0,Formal-Eveningwear,Runs-Slightly-Small,0,Chrome,Desktop-Web,Minimal-White,Platinum,1
183.66,0.271,0,11,20,Casual-Tops,Runs-Slightly-Small,1,Chrome,Desktop-Web,Branded-Teal,Gold,1
70.91,0.145,0,6,0,Formal-Eveningwear,True-to-Size,1,Safari,Desktop-Web,Branded-Teal,Platinum,0
285.9,0.227,0,4,20,Accessories,True-to-Size,0,Safari,iOS-App,Branded-Teal,Gold,0
235.83,0.064,1,8,30,Footwear,Runs-Slightly-Small,1,Firefox,iOS-App,Kraft-Brown,Platinum,1
40.88,0.115,1,1,10,Footwear,True-to-Size,1,Chrome,Desktop-Web,Minimal-White,Silver,0
263.43,0.139,1,3,10,Formal-Eveningwear,True-to-Size,1,Safari,iOS-App,Branded-Teal,Platinum,1
368.48,0.323,1,11,20,Casual-Tops,Inconsistent-Sizing,0,Chrome,Desktop-Web,Kraft-Brown,Platinum,1
35.92,0.126,1,3,40,Formal-Eveningwear,True-to-Size,0,Chrome,iOS-App,Minimal-White,Silver,0
337.54,0.093,0,3,40,Casual-Tops,Inconsistent-Sizing,1,Firefox,Desktop-Web,Branded-Teal,Silver,1
297.11,0.437,1,11,0,Footwear,Runs-Slightly-Small,1,Safari,Android-App,Kraft-Brown,Silver,1
242.66,0.134,0,4,50,Formal-Eveningwear,Inconsistent-Sizing,1,Safari,Desktop-Web,Branded-Teal,Silver,1
318.43,0.174,1,10,10,Formal-Eveningwear,Runs-Slightly-Small,0,Firefox,iOS-App,Minimal-White,Silver,1
231.07,0.28,0,10,30,Formal-Eveningwear,Runs-Slightly-Small,0,Edge,Desktop-Web,Kraft-Brown,Platinum,1
217.62,0.012,1,3,30,Footwear,Runs-Slightly-Small,1,Safari,iOS-App,Branded-Teal,Silver,1
334.5,0.325,0,3,40,Formal-Eveningwear,True-to-Size,1,Firefox,Desktop-Web,Kraft-Brown,Gold,1
59.18,0.317,0,10,20,Footwear,Runs-Slightly-Small,0,Edge,Desktop-Web,Minimal-White,Gold,1
64.94,0.13,0,4,20,Footwear,Runs-Slightly-Small,0,Chrome,Android-App,Branded-Teal,Gold,0
398.57,0.335,0,6,0,Accessories,True-to-Size,0,Chrome,Desktop-Web,Kraft-Brown,Platinum,0
327.82,0.212,1,4,0,Accessories,Inconsistent-Sizing,1,Firefox,Desktop-Web,Minimal-White,Platinum,1
217.98,0.521,1,1,30,Footwear,True-to-Size,1,Firefox,iOS-App,Minimal-White,Silver,1
61.58,0.141,0,9,20,Footwear,Inconsistent-Sizing,1,Firefox,Android-App,Kraft-Brown,Silver,1
398.98,0.165,1,4,30,Accessories,True-to-Size,1,Safari,Android-App,Kraft-Brown,Silver,1
394.39,0.31,0,4,50,Accessories,Inconsistent-Sizing,1,Edge,iOS-App,Kraft-Brown,Platinum,0
85.23,0.404,1,9,50,Casual-Tops,Inconsistent-Sizing,0,Firefox,Android-App,Kraft-Brown,Gold,1
109.9,0.256,0,4,40,Accessories,True-to-Size,0,Chrome,Android-App,Kraft-Brown,Gold,0
286.34,0.194,1,3,0,Casual-Tops,Runs-Slightly-Small,0,Firefox,Android-App,Branded-Teal,Platinum,1
431.22,0.569,1,6,30,Accessories,Runs-Slightly-Small,0,Chrome,Android-App,Kraft-Brown,Gold,1
227.63,0.079,0,1,20,Footwear,True-to-Size,0,Edge,iOS-App,Kraft-Brown,Gold,0
34.4,0.277,0,11,20,Footwear,True-to-Size,0,Edge,Desktop-Web,Branded-Teal,Platinum,0
220.92,0.299,1,7,20,Footwear,Runs-Slightly-Small,1,Edge,Desktop-Web,Branded-Teal,Platinum,1
53.06,0.598,0,2,10,Casual-Tops,True-to-Size,1,Edge,iOS-App,Minimal-White,Platinum,0
194.82,0.425,1,10,40,Accessories,Runs-Slightly-Small,1,Chrome,Desktop-Web,Branded-Teal,Silver,1
153.52,0.143,0,3,0,Footwear,True-to-Size,1,Chrome,Android-App,Kraft-Brown,Silver,0
179.58,0.522,1,7,10,Casual-Tops,Inconsistent-Sizing,1,Edge,Desktop-Web,Branded-Teal,Gold,1
287.43,0.759,0,6,10,Formal-Eveningwear,True-to-Size,1,Chrome,Desktop-Web,Kraft-Brown,Gold,1
88.47,0.362,1,4,50,Casual-Tops,True-to-Size,1,Safari,Desktop-Web,Kraft-Brown,Gold,1
413.34,0.463,0,8,40,Footwear,True-to-Size,0,Chrome,Desktop-Web,Minimal-White,Platinum,1
126.28,0.384,1,3,30,Formal-Eveningwear,True-to-Size,0,Firefox,iOS-App,Minimal-White,Silver,1
113.83,0.441,0,8,10,Casual-Tops,True-to-Size,0,Safari,iOS-App,Branded-Teal,Gold,0
217.98,0.3,0,2,0,Footwear,Runs-Slightly-Small,0,Edge,Android-App,Minimal-White,Platinum,1
158.52,0.631,0,9,0,Casual-Tops,True-to-Size,1,Edge,Desktop-Web,Minimal-White,Gold,1
406.91,0.133,0,7,30,Formal-Eveningwear,Inconsistent-Sizing,0,Firefox,iOS-App,Minimal-White,Gold,1
378.99,0.137,1,2,30,Casual-Tops,True-to-Size,0,Edge,Desktop-Web,Branded-Teal,Silver,1
316.13,0.474,1,1,40,Formal-Eveningwear,True-to-Size,1,Edge,Android-App,Kraft-Brown,Gold,1
420.12,0.271,0,2,30,Accessories,True-to-Size,1,Chrome,iOS-App,Minimal-White,Gold,0
333.37,0.246,1,4,40,Formal-Eveningwear,Runs-Slightly-Small,0,Firefox,Android-App,Branded-Teal,Gold,1
130.77,0.154,0,8,30,Footwear,Runs-Slightly-Small,0,Edge,iOS-App,Minimal-White,Platinum,1
384.64,0.235,0,6,40,Footwear,True-to-Size,1,Edge,Android-App,Kraft-Brown,Silver,1
105.57,0.706,1,8,0,Accessories,True-to-Size,1,Chrome,Android-App,Branded-Teal,Platinum,1
410,0.084,0,10,20,Footwear,Runs-Slightly-Small,1,Chrome,iOS-App,Minimal-White,Platinum,1
406.78,0.367,1,7,50,Accessories,True-to-Size,0,Edge,Desktop-Web,Kraft-Brown,Gold,1
394.9,0.554,1,11,30,Footwear,True-to-Size,0,Edge,iOS-App,Kraft-Brown,Silver,1
279.26,0.25,0,1,30,Footwear,Runs-Slightly-Small,1,Edge,Desktop-Web,Minimal-White,Platinum,1
36.24,0.233,1,5,30,Footwear,Inconsistent-Sizing,0,Firefox,Android-App,Minimal-White,Gold,1
307.45,0.219,0,4,20,Footwear,True-to-Size,0,Firefox,Desktop-Web,Branded-Teal,Platinum,0
244.63,0.143,1,5,0,Formal-Eveningwear,Runs-Slightly-Small,0,Safari,iOS-App,Minimal-White,Platinum,1
173.01,0.227,1,4,30,Formal-Eveningwear,True-to-Size,1,Firefox,iOS-App,Kraft-Brown,Platinum,1
329.27,0.06,0,10,0,Accessories,True-to-Size,1,Chrome,iOS-App,Branded-Teal,Gold,0
147.23,0.135,1,7,20,Footwear,Runs-Slightly-Small,0,Chrome,Android-App,Minimal-White,Platinum,1
52.49,0.603,0,10,20,Casual-Tops,Runs-Slightly-Small,0,Edge,Android-App,Kraft-Brown,Silver,1
118.93,0.094,0,11,10,Formal-Eveningwear,Runs-Slightly-Small,0,Edge,Android-App,Branded-Teal,Platinum,1
43.67,0.4,0,10,50,Footwear,Inconsistent-Sizing,0,Chrome,Android-App,Kraft-Brown,Silver,1
241.88,0.412,1,4,0,Footwear,True-to-Size,1,Firefox,Desktop-Web,Minimal-White,Platinum,1
218,0.359,0,4,20,Formal-Eveningwear,Inconsistent-Sizing,1,Edge,Android-App,Branded-Teal,Platinum,1
135.02,0.141,1,9,20,Formal-Eveningwear,Inconsistent-Sizing,0,Edge,Android-App,Minimal-White,Silver,1
394.73,0.468,0,1,40,Casual-Tops,True-to-Size,1,Chrome,Android-App,Minimal-White,Platinum,0
256.05,0.365,0,5,50,Footwear,True-to-Size,1,Edge,iOS-App,Branded-Teal,Platinum,0
427.16,0.134,0,2,10,Footwear,Runs-Slightly-Small,0,Firefox,iOS-App,Minimal-White,Platinum,1
221.36,0.417,1,1,40,Footwear,True-to-Size,0,Safari,Desktop-Web,Minimal-White,Platinum,1
96.42,0.191,0,7,50,Footwear,True-to-Size,0,Edge,Android-App,Minimal-White,Silver,0
145.42,0.117,0,1,40,Footwear,True-to-Size,1,Chrome,Android-App,Minimal-White,Gold,0
190.67,0.626,0,2,20,Formal-Eveningwear,Runs-Slightly-Small,1,Safari,iOS-App,Branded-Teal,Gold,1
244.32,0.159,0,7,20,Casual-Tops,True-to-Size,1,Edge,iOS-App,Minimal-White,Gold,0
75.4,0.36,0,9,10,Casual-Tops,True-to-Size,1,Chrome,iOS-App,Minimal-White,Silver,0
228.83,0.302,1,5,30,Formal-Eveningwear,True-to-Size,0,Chrome,Desktop-Web,Branded-Teal,Gold,1
337.22,0.268,0,7,0,Accessories,True-to-Size,0,Chrome,Desktop-Web,Branded-Teal,Gold,0
249.65,0.235,1,7,30,Casual-Tops,Runs-Slightly-Small,1,Chrome,Android-App,Branded-Teal,Platinum,1
246.14,0.4,1,6,20,Accessories,True-to-Size,1,Edge,Android-App,Branded-Teal,Gold,1
210.56,0.434,0,7,50,Footwear,True-to-Size,0,Edge,Desktop-Web,Branded-Teal,Gold,0
91.39,0.172,0,9,0,Accessories,Runs-Slightly-Small,1,Edge,Android-App,Branded-Teal,Silver,0
175.59,0.35,1,6,50,Formal-Eveningwear,Inconsistent-Sizing,1,Firefox,iOS-App,Kraft-Brown,Platinum,1
46.38,0.145,1,5,40,Accessories,True-to-Size,1,Safari,Desktop-Web,Minimal-White,Silver,0
177.61,0.172,1,2,40,Formal-Eveningwear,Runs-Slightly-Small,1,Edge,iOS-App,Minimal-White,Silver,1
249.28,0.224,0,3,0,Casual-Tops,Inconsistent-Sizing,1,Chrome,Android-App,Minimal-White,Platinum,1
45.96,0.161,1,3,10,Footwear,Runs-Slightly-Small,1,Firefox,iOS-App,Branded-Teal,Silver,1
322.73,0.149,0,6,30,Footwear,True-to-Size,0,Chrome,Android-App,Kraft-Brown,Platinum,0
211.5,0.315,0,10,40,Accessories,True-to-Size,1,Safari,iOS-App,Minimal-White,Silver,0
119.16,0.293,0,7,0,Casual-Tops,True-to-Size,0,Edge,iOS-App,Branded-Teal,Platinum,0
379.98,0.075,0,4,40,Formal-Eveningwear,True-to-Size,0,Safari,Android-App,Branded-Teal,Silver,0
388.98,0.397,1,11,10,Formal-Eveningwear,Runs-Slightly-Small,0,Chrome,iOS-App,Branded-Teal,Gold,1
116.72,0.276,0,10,10,Formal-Eveningwear,Inconsistent-Sizing,1,Chrome,Android-App,Minimal-White,Platinum,1
120.57,0.296,0,1,0,Casual-Tops,True-to-Size,1,Edge,Desktop-Web,Kraft-Brown,Platinum,0
257.96,0.244,0,4,40,Casual-Tops,True-to-Size,1,Firefox,Desktop-Web,Kraft-Brown,Silver,0
96.97,0.161,0,4,50,Accessories,Inconsistent-Sizing,1,Edge,iOS-App,Kraft-Brown,Silver,0
161.49,0.095,1,8,40,Casual-Tops,True-to-Size,1,Safari,Android-App,Kraft-Brown,Silver,0
345.77,0.131,0,5,40,Casual-Tops,Runs-Slightly-Small,1,Chrome,Desktop-Web,Minimal-White,Gold,0
34.8,0.116,0,2,50,Formal-Eveningwear,Inconsistent-Sizing,1,Chrome,Android-App,Branded-Teal,Platinum,0
262.7,0.384,0,4,20,Accessories,True-to-Size,0,Firefox,Desktop-Web,Kraft-Brown,Platinum,0
137.58,0.336,0,11,40,Accessories,True-to-Size,1,Edge,iOS-App,Branded-Teal,Platinum,0
412.82,0.487,1,4,50,Casual-Tops,Inconsistent-Sizing,1,Safari,Desktop-Web,Minimal-White,Gold,1
188.48,0.563,0,5,10,Footwear,Inconsistent-Sizing,1,Edge,Android-App,Kraft-Brown,Platinum,1
403.81,0.117,1,11,40,Accessories,True-to-Size,0,Firefox,iOS-App,Kraft-Brown,Platinum,1
123.26,0.162,0,5,40,Footwear,True-to-Size,1,Safari,Desktop-Web,Minimal-White,Silver,0
269.47,0.491,0,9,0,Accessories,True-to-Size,1,Edge,Desktop-Web,Branded-Teal,Silver,0
124.57,0.3,0,1,0,Casual-Tops,True-to-Size,0,Edge,Android-App,Kraft-Brown,Platinum,0
315.19,0.265,1,10,30,Formal-Eveningwear,True-to-Size,0,Chrome,Desktop-Web,Branded-Teal,Gold,1
396.34,0.467,0,5,30,Footwear,True-to-Size,1,Chrome,iOS-App,Kraft-Brown,Silver,1
437.35,0.211,0,2,10,Footwear,True-to-Size,1,Firefox,Android-App,Kraft-Brown,Platinum,1
199.14,0.37,0,10,20,Formal-Eveningwear,Inconsistent-Sizing,0,Chrome,Desktop-Web,Branded-Teal,Platinum,1
28.15,0.324,1,2,50,Formal-Eveningwear,True-to-Size,1,Edge,iOS-App,Minimal-White,Silver,1
418.98,0.19,1,6,40,Accessories,True-to-Size,0,Edge,Desktop-Web,Minimal-White,Gold,1
397.99,0.453,0,4,10,Casual-Tops,Runs-Slightly-Small,0,Edge,Desktop-Web,Kraft-Brown,Silver,1
306.5,0.156,0,7,40,Formal-Eveningwear,True-to-Size,1,Firefox,Desktop-Web,Kraft-Brown,Platinum,0
271.02,0.069,1,9,30,Formal-Eveningwear,True-to-Size,1,Edge,iOS-App,Minimal-White,Gold,1
53.06,0.033,0,6,0,Casual-Tops,True-to-Size,1,Chrome,iOS-App,Kraft-Brown,Silver,0
60.79,0.141,0,10,50,Formal-Eveningwear,Inconsistent-Sizing,1,Chrome,Desktop-Web,Kraft-Brown,Gold,1
429.23,0.405,0,9,20,Footwear,True-to-Size,1,Firefox,Android-App,Minimal-White,Silver,1
59.04,0.413,0,2,20,Casual-Tops,True-to-Size,0,Edge,iOS-App,Kraft-Brown,Silver,0
397.45,0.171,0,4,0,Footwear,Inconsistent-Sizing,0,Firefox,Android-App,Branded-Teal,Gold,1
405.68,0.158,0,10,20,Casual-Tops,True-to-Size,1,Firefox,iOS-App,Branded-Teal,Gold,1
125.15,0.27,0,4,0,Casual-Tops,True-to-Size,0,Safari,iOS-App,Branded-Teal,Platinum,0
35.83,0.189,0,9,30,Casual-Tops,True-to-Size,0,Chrome,Android-App,Kraft-Brown,Silver,0
232.96,0.386,0,3,30,Accessories,Runs-Slightly-Small,0,Edge,Desktop-Web,Branded-Teal,Silver,0
430.33,0.187,0,4,50,Casual-Tops,Inconsistent-Sizing,1,Chrome,iOS-App,Kraft-Brown,Gold,1
75.89,0.36,1,8,10,Formal-Eveningwear,True-to-Size,1,Edge,iOS-App,Minimal-White,Silver,1
306.62,0.03,1,10,0,Accessories,Runs-Slightly-Small,0,Safari,Desktop-Web,Kraft-Brown,Silver,1
318.47,0.144,0,11,30,Formal-Eveningwear,Inconsistent-Sizing,1,Firefox,iOS-App,Minimal-White,Gold,1
31.46,0.307,1,1,20,Footwear,True-to-Size,0,Edge,iOS-App,Minimal-White,Gold,1
106.84,0.311,0,1,20,Casual-Tops,True-to-Size,1,Edge,Android-App,Minimal-White,Silver,0
215.43,0.083,1,6,10,Formal-Eveningwear,Runs-Slightly-Small,0,Firefox,iOS-App,Branded-Teal,Gold,1
153.89,0.128,0,7,50,Formal-Eveningwear,True-to-Size,0,Edge,Desktop-Web,Branded-Teal,Gold,0
176.69,0.321,0,10,40,Accessories,True-to-Size,1,Firefox,Desktop-Web,Kraft-Brown,Platinum,0
73.88,0.837,0,4,40,Footwear,Runs-Slightly-Small,0,Edge,Android-App,Minimal-White,Platinum,1
299.09,0.156,1,10,50,Formal-Eveningwear,True-to-Size,1,Safari,Desktop-Web,Minimal-White,Platinum,1
141.71,0.375,0,4,20,Accessories,True-to-Size,1,Safari,Android-App,Kraft-Brown,Gold,0
277.91,0.199,0,9,10,Casual-Tops,True-to-Size,0,Safari,Desktop-Web,Kraft-Brown,Platinum,1
347.81,0.138,0,8,30,Accessories,Inconsistent-Sizing,0,Chrome,iOS-App,Minimal-White,Platinum,1
307.16,0.128,0,9,20,Accessories,True-to-Size,1,Edge,Android-App,Kraft-Brown,Platinum,0
368.14,0.282,0,9,10,Footwear,Runs-Slightly-Small,1,Edge,iOS-App,Minimal-White,Silver,1
88,0.18,1,7,20,Accessories,True-to-Size,1,Edge,iOS-App,Minimal-White,Platinum,0
409.48,0.431,1,11,10,Casual-Tops,True-to-Size,0,Chrome,iOS-App,Branded-Teal,Gold,1
105.22,0.216,1,9,30,Footwear,True-to-Size,1,Firefox,Desktop-Web,Kraft-Brown,Platinum,1
369.1,0.204,0,1,40,Footwear,Runs-Slightly-Small,1,Edge,Desktop-Web,Minimal-White,Gold,1
398.38,0.266,0,9,20,Formal-Eveningwear,True-to-Size,1,Safari,iOS-App,Kraft-Brown,Platinum,1
342.82,0.338,1,9,20,Casual-Tops,Runs-Slightly-Small,0,Safari,iOS-App,Kraft-Brown,Silver,1
291.61,0.435,0,8,20,Casual-Tops,Runs-Slightly-Small,1,Firefox,Android-App,Branded-Teal,Silver,1
230.25,0.578,0,7,50,Formal-Eveningwear,Inconsistent-Sizing,1,Safari,Desktop-Web,Branded-Teal,Silver,1
254.24,0.544,0,10,50,Casual-Tops,Runs-Slightly-Small,0,Safari,iOS-App,Minimal-White,Platinum,1
192.7,0.077,0,2,0,Accessories,True-to-Size,0,Safari,Android-App,Branded-Teal,Silver,0
434.93,0.416,0,9,0,Casual-Tops,Runs-Slightly-Small,0,Safari,Android-App,Minimal-White,Gold,1
405.04,0.29,0,1,10,Accessories,Inconsistent-Sizing,0,Safari,Android-App,Branded-Teal,Platinum,1
35.69,0.398,0,6,20,Formal-Eveningwear,Inconsistent-Sizing,1,Chrome,Android-App,Branded-Teal,Silver,1
164.01,0.084,1,10,50,Accessories,True-to-Size,1,Edge,Android-App,Branded-Teal,Gold,0
235.51,0.321,0,7,30,Footwear,True-to-Size,0,Chrome,Android-App,Kraft-Brown,Silver,0
186.99,0.305,0,5,0,Casual-Tops,Runs-Slightly-Small,0,Safari,Android-App,Minimal-White,Platinum,1
300.17,0.531,0,11,10,Casual-Tops,Inconsistent-Sizing,0,Edge,iOS-App,Kraft-Brown,Silver,1
377.5,0.258,0,6,30,Accessories,Runs-Slightly-Small,0,Chrome,iOS-App,Branded-Teal,Platinum,0
146.5,0.249,0,4,10,Accessories,True-to-Size,0,Edge,iOS-App,Branded-Teal,Gold,0
120.11,0.034,0,3,40,Casual-Tops,True-to-Size,1,Firefox,Desktop-Web,Branded-Teal,Silver,0
237.91,0.319,1,7,10,Footwear,True-to-Size,0,Firefox,Android-App,Kraft-Brown,Gold,1
381.98,0.323,0,4,20,Footwear,True-to-Size,0,Safari,Android-App,Minimal-White,Silver,1
136.07,0.368,0,2,20,Formal-Eveningwear,Inconsistent-Sizing,0,Chrome,Desktop-Web,Kraft-Brown,Silver,1
244.92,0.301,1,1,30,Accessories,True-to-Size,1,Safari,iOS-App,Branded-Teal,Silver,1
262.99,0.075,0,2,0,Casual-Tops,Runs-Slightly-Small,1,Firefox,Desktop-Web,Minimal-White,Gold,0
104.05,0.304,1,9,50,Accessories,Inconsistent-Sizing,0,Firefox,Android-App,Branded-Teal,Platinum,1
223.33,0.204,1,11,40,Casual-Tops,True-to-Size,1,Edge,Android-App,Branded-Teal,Gold,1
64.08,0.155,0,4,0,Casual-Tops,True-to-Size,1,Safari,iOS-App,Branded-Teal,Platinum,0
228.37,0.206,1,6,30,Casual-Tops,True-to-Size,1,Safari,Desktop-Web,Kraft-Brown,Silver,1
334.88,0.281,0,3,10,Footwear,Inconsistent-Sizing,0,Safari,Android-App,Kraft-Brown,Platinum,1
311.36,0.377,0,4,50,Casual-Tops,True-to-Size,1,Firefox,iOS-App,Minimal-White,Platinum,0
216.81,0.087,1,7,30,Casual-Tops,True-to-Size,1,Safari,iOS-App,Minimal-White,Platinum,0
405.86,0.132,0,6,30,Accessories,Runs-Slightly-Small,1,Edge,Desktop-Web,Minimal-White,Platinum,0
52.82,0.421,0,9,10,Casual-Tops,True-to-Size,1,Safari,Android-App,Branded-Teal,Silver,0
419.85,0.283,0,5,40,Footwear,True-to-Size,0,Chrome,iOS-App,Minimal-White,Gold,1
354.28,0.554,1,8,50,Formal-Eveningwear,Inconsistent-Sizing,0,Chrome,Android-App,Branded-Teal,Gold,1
447.22,0.054,0,9,10,Footwear,True-to-Size,0,Safari,iOS-App,Minimal-White,Platinum,1
266.27,0.403,0,8,0,Casual-Tops,True-to-Size,1,Edge,iOS-App,Kraft-Brown,Silver,1
270.87,0.161,0,11,0,Footwear,Runs-Slightly-Small,1,Safari,iOS-App,Kraft-Brown,Gold,1
292.41,0.107,1,2,50,Casual-Tops,Inconsistent-Sizing,1,Safari,Desktop-Web,Branded-Teal,Platinum,1
252.9,0.508,0,5,0,Formal-Eveningwear,Runs-Slightly-Small,1,Firefox,Android-App,Minimal-White,Silver,1
96.5,0.235,0,7,20,Casual-Tops,Inconsistent-Sizing,1,Chrome,Desktop-Web,Branded-Teal,Platinum,1
106.36,0.22,0,11,10,Formal-Eveningwear,Inconsistent-Sizing,0,Edge,Android-App,Minimal-White,Gold,1
104.82,0.312,0,11,0,Footwear,True-to-Size,0,Firefox,Desktop-Web,Branded-Teal,Platinum,1
295.86,0.235,0,9,10,Footwear,True-to-Size,0,Firefox,iOS-App,Minimal-White,Gold,1
100.85,0.261,0,7,0,Casual-Tops,Runs-Slightly-Small,1,Safari,Desktop-Web,Branded-Teal,Platinum,1
47.74,0.118,0,8,0,Casual-Tops,Runs-Slightly-Small,0,Safari,Android-App,Minimal-White,Platinum,0
122.33,0.062,0,11,40,Footwear,True-to-Size,0,Chrome,Desktop-Web,Kraft-Brown,Platinum,0
105.75,0.234,0,8,10,Footwear,True-to-Size,1,Safari,Desktop-Web,Kraft-Brown,Gold,0
60.14,0.416,1,1,0,Casual-Tops,True-to-Size,0,Edge,iOS-App,Kraft-Brown,Platinum,1
218.21,0.513,0,7,40,Footwear,Inconsistent-Sizing,1,Edge,Desktop-Web,Kraft-Brown,Gold,1
366.96,0.475,0,5,10,Footwear,Inconsistent-Sizing,0,Edge,iOS-App,Minimal-White,Silver,1
321.78,0.105,0,3,30,Formal-Eveningwear,True-to-Size,1,Safari,iOS-App,Minimal-White,Gold,0
435.37,0.495,0,6,40,Casual-Tops,True-to-Size,0,Edge,Android-App,Branded-Teal,Silver,1
37.7,0.616,0,3,20,Footwear,Runs-Slightly-Small,1,Chrome,Desktop-Web,Branded-Teal,Platinum,1
145.61,0.401,1,5,0,Casual-Tops,True-to-Size,1,Edge,Desktop-Web,Kraft-Brown,Platinum,1
438.6,0.386,0,2,20,Casual-Tops,True-to-Size,1,Chrome,Android-App,Kraft-Brown,Gold,0
393.92,0.491,1,7,50,Formal-Eveningwear,True-to-Size,0,Safari,Android-App,Minimal-White,Silver,1
311.1,0.31,0,11,0,Formal-Eveningwear,True-to-Size,0,Chrome,Android-App,Kraft-Brown,Platinum,1
76.44,0.485,1,6,10,Formal-Eveningwear,True-to-Size,1,Edge,Android-App,Branded-Teal,Platinum,1
161.52,0.373,0,8,0,Footwear,True-to-Size,0,Firefox,Desktop-Web,Kraft-Brown,Silver,1
260.29,0.277,0,8,50,Casual-Tops,Runs-Slightly-Small,0,Chrome,Desktop-Web,Branded-Teal,Platinum,1
103.96,0.471,0,4,50,Formal-Eveningwear,True-to-Size,1,Chrome,Android-App,Minimal-White,Silver,0
88.54,0.125,0,10,50,Accessories,True-to-Size,1,Safari,Android-App,Branded-Teal,Silver,0
415.34,0.578,0,6,30,Casual-Tops,True-to-Size,1,Chrome,Android-App,Branded-Teal,Gold,1
361.73,0.191,0,11,50,Accessories,Runs-Slightly-Small,1,Edge,iOS-App,Kraft-Brown,Silver,0
319.55,0.178,0,6,40,Casual-Tops,Runs-Slightly-Small,1,Edge,iOS-App,Branded-Teal,Gold,0
313.2,0.226,0,4,50,Casual-Tops,True-to-Size,0,Chrome,Android-App,Branded-Teal,Silver,0
315.88,0.106,0,8,50,Accessories,True-to-Size,0,Chrome,Android-App,Minimal-White,Platinum,0
310.33,0.228,1,3,0,Accessories,Runs-Slightly-Small,1,Firefox,Desktop-Web,Kraft-Brown,Platinum,1
147.49,0.037,0,6,20,Casual-Tops,True-to-Size,1,Edge,Android-App,Kraft-Brown,Platinum,0
27.24,0.233,0,3,10,Casual-Tops,Runs-Slightly-Small,1,Firefox,iOS-App,Kraft-Brown,Silver,0
245.98,0.05,0,11,50,Formal-Eveningwear,True-to-Size,0,Firefox,iOS-App,Branded-Teal,Gold,0
317.02,0.453,0,11,20,Accessories,True-to-Size,0,Firefox,iOS-App,Branded-Teal,Gold,1
269.14,0.163,0,10,0,Accessories,Inconsistent-Sizing,0,Edge,Android-App,Branded-Teal,Silver,1
103.53,0.186,0,3,40,Accessories,True-to-Size,0,Edge,Desktop-Web,Kraft-Brown,Gold,0
326.84,0.455,1,8,20,Formal-Eveningwear,Runs-Slightly-Small,1,Firefox,iOS-App,Kraft-Brown,Silver,1
146.24,0.173,1,1,20,Footwear,True-to-Size,1,Safari,Android-App,Minimal-White,Gold,1
389.64,0.269,0,1,30,Accessories,True-to-Size,0,Chrome,Desktop-Web,Kraft-Brown,Silver,0
430.47,0.259,0,10,50,Casual-Tops,True-to-Size,0,Firefox,Android-App,Minimal-White,Silver,1
88.57,0.525,0,3,20,Casual-Tops,Runs-Slightly-Small,1,Firefox,iOS-App,Kraft-Brown,Gold,1
124.08,0.447,0,1,0,Formal-Eveningwear,True-to-Size,0,Firefox,Android-App,Kraft-Brown,Gold,0
239.62,0.164,0,9,10,Casual-Tops,Inconsistent-Sizing,0,Safari,Desktop-Web,Kraft-Brown,Gold,1
387.01,0.104,0,1,10,Accessories,Runs-Slightly-Small,0,Edge,Desktop-Web,Minimal-White,Silver,0
332.22,0.436,1,9,40,Formal-Eveningwear,Runs-Slightly-Small,1,Safari,iOS-App,Minimal-White,Platinum,1
387.65,0.288,1,7,50,Formal-Eveningwear,True-to-Size,1,Safari,iOS-App,Kraft-Brown,Gold,1
263.11,0.212,0,9,10,Accessories,True-to-Size,0,Edge,Android-App,Minimal-White,Silver,0
106.78,0.131,0,10,30,Formal-Eveningwear,True-to-Size,0,Chrome,iOS-App,Kraft-Brown,Gold,0
432.85,0.154,0,8,40,Casual-Tops,Runs-Slightly-Small,0,Edge,iOS-App,Kraft-Brown,Gold,1
256.92,0.422,1,11,40,Footwear,Runs-Slightly-Small,0,Chrome,Android-App,Branded-Teal,Gold,1
245.87,0.275,0,8,0,Footwear,True-to-Size,0,Chrome,Desktop-Web,Minimal-White,Platinum,1
73.17,0.405,0,4,10,Footwear,Runs-Slightly-Small,1,Safari,Desktop-Web,Kraft-Brown,Silver,1
398.91,0.167,1,11,0,Accessories,Runs-Slightly-Small,0,Edge,iOS-App,Branded-Teal,Silver,1
349.24,0.382,1,2,0,Accessories,True-to-Size,0,Firefox,Desktop-Web,Branded-Teal,Silver,1
113.18,0.289,0,8,40,Casual-Tops,True-to-Size,0,Edge,Android-App,Branded-Teal,Platinum,0
302.3,0.055,0,2,0,Accessories,Inconsistent-Sizing,1,Firefox,Desktop-Web,Minimal-White,Silver,1
110.85,0.689,1,9,20,Footwear,True-to-Size,0,Edge,Desktop-Web,Kraft-Brown,Gold,1
358.17,0.098,0,11,0,Formal-Eveningwear,Runs-Slightly-Small,0,Safari,iOS-App,Branded-Teal,Platinum,1
278.74,0.429,0,4,40,Casual-Tops,Runs-Slightly-Small,1,Safari,Desktop-Web,Kraft-Brown,Platinum,0
423.82,0.155,1,7,10,Accessories,True-to-Size,1,Safari,Android-App,Minimal-White,Silver,1
230.21,0.337,0,1,40,Casual-Tops,Runs-Slightly-Small,1,Chrome,Desktop-Web,Kraft-Brown,Platinum,0
256.52,0.58,1,6,40,Footwear,Runs-Slightly-Small,0,Safari,Android-App,Branded-Teal,Gold,1
50.53,0.476,1,1,20,Formal-Eveningwear,Runs-Slightly-Small,0,Chrome,Android-App,Branded-Teal,Silver,1
120.13,0.153,1,4,50,Footwear,True-to-Size,1,Firefox,Android-App,Kraft-Brown,Platinum,1
54.72,0.336,1,4,10,Casual-Tops,True-to-Size,0,Edge,Desktop-Web,Branded-Teal,Gold,0
110.29,0.339,1,11,10,Accessories,True-to-Size,0,Safari,iOS-App,Minimal-White,Silver,1
370.51,0.064,0,4,40,Footwear,Runs-Slightly-Small,0,Edge,Android-App,Kraft-Brown,Platinum,1
226.41,0.409,0,6,20,Formal-Eveningwear,Inconsistent-Sizing,1,Safari,Android-App,Branded-Teal,Platinum,1
433.88,0.063,1,1,20,Formal-Eveningwear,True-to-Size,0,Edge,Desktop-Web,Branded-Teal,Platinum,1
286.21,0.114,1,9,30,Casual-Tops,Runs-Slightly-Small,1,Safari,iOS-App,Branded-Teal,Platinum,1
427.3,0.208,0,1,20,Formal-Eveningwear,True-to-Size,1,Edge,Android-App,Branded-Teal,Silver,1
192.82,0.426,1,9,0,Casual-Tops,True-to-Size,0,Firefox,iOS-App,Branded-Teal,Gold,1
161.76,0.147,1,5,30,Accessories,Runs-Slightly-Small,0,Chrome,iOS-App,Branded-Teal,Platinum,0
330.28,0.28,0,7,10,Footwear,True-to-Size,1,Edge,Desktop-Web,Branded-Teal,Gold,1
330.12,0.287,0,4,20,Formal-Eveningwear,Inconsistent-Sizing,0,Chrome,iOS-App,Kraft-Brown,Platinum,1
177.18,0.246,0,4,10,Formal-Eveningwear,Runs-Slightly-Small,0,Firefox,Android-App,Kraft-Brown,Platinum,1
421.61,0.103,0,8,20,Casual-Tops,Runs-Slightly-Small,1,Chrome,iOS-App,Minimal-White,Platinum,1
251.5,0.208,0,4,50,Casual-Tops,Inconsistent-Sizing,1,Firefox,Android-App,Kraft-Brown,Platinum,1
401.56,0.34,0,1,0,Footwear,Runs-Slightly-Small,1,Edge,iOS-App,Minimal-White,Gold,1
369.12,0.267,0,6,30,Casual-Tops,True-to-Size,1,Safari,Android-App,Minimal-White,Gold,0
271.85,0.249,0,3,0,Formal-Eveningwear,Runs-Slightly-Small,0,Edge,Android-App,Kraft-Brown,Platinum,1
115.27,0.144,0,6,40,Formal-Eveningwear,Runs-Slightly-Small,1,Edge,Desktop-Web,Minimal-White,Platinum,1
345.22,0.318,0,8,10,Footwear,True-to-Size,1,Safari,Desktop-Web,Kraft-Brown,Silver,1
55.17,0.088,0,10,30,Casual-Tops,True-to-Size,0,Safari,Android-App,Kraft-Brown,Platinum,0
121.94,0.107,0,6,0,Casual-Tops,True-to-Size,1,Chrome,iOS-App,Minimal-White,Gold,0
174.02,0.123,0,10,0,Formal-Eveningwear,Inconsistent-Sizing,1,Safari,Android-App,Branded-Teal,Platinum,1
31.35,0.082,1,6,40,Casual-Tops,True-to-Size,0,Safari,Desktop-Web,Minimal-White,Platinum,0
286.96,0.443,1,9,0,Footwear,True-to-Size,1,Edge,iOS-App,Minimal-White,Platinum,1
353.13,0.55,1,8,30,Accessories,Runs-Slightly-Small,1,Safari,Android-App,Minimal-White,Platinum,1
91.14,0.287,0,2,10,Formal-Eveningwear,True-to-Size,1,Safari,iOS-App,Minimal-White,Platinum,0
367.44,0.074,0,2,30,Footwear,Inconsistent-Sizing,0,Firefox,Desktop-Web,Minimal-White,Silver,1
215.44,0.33,0,4,0,Formal-Eveningwear,Runs-Slightly-Small,1,Chrome,Android-App,Branded-Teal,Silver,1
376.79,0.185,1,1,30,Casual-Tops,True-to-Size,1,Chrome,iOS-App,Kraft-Brown,Silver,1
128.17,0.175,0,6,0,Casual-Tops,Inconsistent-Sizing,0,Edge,iOS-App,Branded-Teal,Silver,1
123.05,0.288,0,10,20,Footwear,Runs-Slightly-Small,1,Chrome,iOS-App,Branded-Teal,Platinum,1
34.95,0.151,1,2,20,Footwear,Inconsistent-Sizing,1,Chrome,iOS-App,Branded-Teal,Silver,1
444.65,0.286,1,7,10,Formal-Eveningwear,True-to-Size,0,Firefox,Desktop-Web,Kraft-Brown,Silver,1
73.9,0.208,1,9,0,Accessories,True-to-Size,0,Safari,iOS-App,Minimal-White,Platinum,0
305.72,0.197,1,10,10,Casual-Tops,Inconsistent-Sizing,1,Safari,iOS-App,Minimal-White,Platinum,1
34.58,0.057,1,3,20,Footwear,Runs-Slightly-Small,1,Edge,Android-App,Branded-Teal,Gold,1
323.71,0.645,1,4,0,Formal-Eveningwear,True-to-Size,0,Safari,Android-App,Minimal-White,Platinum,1
94.82,0.449,1,11,10,Accessories,Inconsistent-Sizing,1,Firefox,Desktop-Web,Minimal-White,Gold,1
431.26,0.273,0,5,20,Casual-Tops,Runs-Slightly-Small,0,Firefox,iOS-App,Kraft-Brown,Gold,1
235.62,0.096,0,2,30,Accessories,True-to-Size,0,Chrome,Desktop-Web,Minimal-White,Gold,0
341.29,0.061,1,7,10,Footwear,True-to-Size,0,Firefox,Android-App,Kraft-Brown,Gold,1
385.29,0.505,1,4,40,Casual-Tops,Runs-Slightly-Small,0,Firefox,Desktop-Web,Minimal-White,Gold,1
400.1,0.162,0,6,50,Accessories,True-to-Size,1,Safari,Android-App,Kraft-Brown,Silver,0
159.4,0.134,0,1,0,Formal-Eveningwear,True-to-Size,0,Safari,Android-App,Branded-Teal,Platinum,0
163.15,0.386,0,11,50,Casual-Tops,True-to-Size,1,Chrome,Android-App,Kraft-Brown,Silver,0
98.08,0.271,0,2,10,Accessories,Inconsistent-Sizing,1,Edge,Android-App,Minimal-White,Silver,0
71.6,0.075,1,9,20,Formal-Eveningwear,Inconsistent-Sizing,1,Edge,Android-App,Kraft-Brown,Platinum,1
195.03,0.544,1,1,0,Footwear,True-to-Size,0,Safari,iOS-App,Minimal-White,Platinum,1
416.74,0.145,0,11,50,Accessories,True-to-Size,1,Safari,iOS-App,Kraft-Brown,Silver,0
296.37,0.308,0,7,50,Formal-Eveningwear,True-to-Size,1,Chrome,iOS-App,Minimal-White,Gold,1
209.63,0.371,0,2,10,Casual-Tops,True-to-Size,1,Safari,iOS-App,Minimal-White,Platinum,0
293.31,0.37,1,10,40,Casual-Tops,Runs-Slightly-Small,1,Safari,Desktop-Web,Kraft-Brown,Silver,1
47.76,0.242,1,11,10,Casual-Tops,True-to-Size,1,Chrome,iOS-App,Minimal-White,Platinum,1
426.41,0.371,0,1,10,Formal-Eveningwear,True-to-Size,0,Safari,Android-App,Minimal-White,Silver,1
136.04,0.612,0,3,20,Accessories,Runs-Slightly-Small,1,Chrome,Android-App,Kraft-Brown,Silver,0
125.84,0.789,1,2,20,Accessories,True-to-Size,1,Safari,Desktop-Web,Branded-Teal,Platinum,1
402.05,0.304,0,9,10,Formal-Eveningwear,Inconsistent-Sizing,0,Edge,Android-App,Minimal-White,Platinum,1
34.68,0.422,0,11,10,Formal-Eveningwear,Runs-Slightly-Small,1,Chrome,Desktop-Web,Kraft-Brown,Platinum,1
392.47,0.46,1,10,10,Formal-Eveningwear,Runs-Slightly-Small,0,Chrome,Desktop-Web,Minimal-White,Gold,1
58.06,0.207,0,8,40,Casual-Tops,Inconsistent-Sizing,0,Firefox,Android-App,Minimal-White,Gold,0
181.9,0.42,0,1,10,Casual-Tops,Inconsistent-Sizing,1,Edge,Desktop-Web,Minimal-White,Gold,1
440.09,0.587,0,8,40,Formal-Eveningwear,True-to-Size,1,Firefox,Desktop-Web,Minimal-White,Platinum,1
287.11,0.181,0,5,10,Formal-Eveningwear,True-to-Size,0,Safari,Android-App,Minimal-White,Platinum,1
135.11,0.302,1,10,50,Casual-Tops,True-to-Size,0,Safari,iOS-App,Minimal-White,Gold,1
350.5,0.49,0,4,10,Footwear,True-to-Size,0,Chrome,Desktop-Web,Branded-Teal,Silver,1
309.7,0.311,0,10,30,Accessories,Runs-Slightly-Small,0,Edge,Android-App,Branded-Teal,Silver,1
343.14,0.168,0,4,0,Footwear,Inconsistent-Sizing,0,Chrome,Android-App,Kraft-Brown,Gold,1
112.72,0.098,0,8,40,Casual-Tops,True-to-Size,0,Firefox,Desktop-Web,Kraft-Brown,Gold,0
262.88,0.267,1,9,10,Casual-Tops,Runs-Slightly-Small,0,Chrome,Android-App,Kraft-Brown,Platinum,1
182.46,0.465,0,2,20,Footwear,Runs-Slightly-Small,0,Safari,Android-App,Branded-Teal,Platinum,1
300.52,0.223,0,10,30,Formal-Eveningwear,True-to-Size,1,Safari,iOS-App,Minimal-White,Silver,1
287.85,0.35,1,9,10,Footwear,True-to-Size,1,Firefox,iOS-App,Branded-Teal,Gold,1
173.61,0.117,0,9,30,Accessories,Inconsistent-Sizing,1,Safari,Desktop-Web,Kraft-Brown,Silver,0
79.89,0.29,1,11,30,Footwear,Inconsistent-Sizing,1,Edge,Android-App,Kraft-Brown,Gold,1
192.14,0.285,1,8,50,Footwear,Runs-Slightly-Small,1,Firefox,Desktop-Web,Minimal-White,Gold,1
301.8,0.181,0,1,30,Formal-Eveningwear,Inconsistent-Sizing,0,Edge,iOS-App,Branded-Teal,Silver,1
145.58,0.088,0,2,20,Accessories,Runs-Slightly-Small,1,Safari,Android-App,Kraft-Brown,Silver,0
298.93,0.476,1,10,10,Formal-Eveningwear,Runs-Slightly-Small,0,Edge,Android-App,Branded-Teal,Gold,1
395.59,0.442,0,2,50,Casual-Tops,Runs-Slightly-Small,1,Chrome,Android-App,Branded-Teal,Platinum,1
292.58,0.143,1,2,40,Casual-Tops,True-to-Size,0,Chrome,Desktop-Web,Branded-Teal,Gold,0
442.07,0.094,0,9,10,Casual-Tops,True-to-Size,1,Safari,Desktop-Web,Minimal-White,Silver,0
73.66,0.068,0,10,20,Accessories,Runs-Slightly-Small,0,Edge,iOS-App,Kraft-Brown,Gold,0
391.93,0.065,0,3,50,Footwear,Inconsistent-Sizing,1,Chrome,Android-App,Kraft-Brown,Silver,1
250.7,0.077,0,9,20,Accessories,True-to-Size,1,Chrome,iOS-App,Minimal-White,Silver,0
67.07,0.145,1,1,10,Casual-Tops,True-to-Size,1,Chrome,Desktop-Web,Kraft-Brown,Platinum,0
40.74,0.212,0,9,20,Footwear,Runs-Slightly-Small,0,Firefox,Desktop-Web,Branded-Teal,Gold,1
381.55,0.045,0,6,20,Footwear,Inconsistent-Sizing,1,Chrome,Desktop-Web,Branded-Teal,Platinum,1
275.91,0.191,0,9,10,Formal-Eveningwear,True-to-Size,0,Chrome,Android-App,Branded-Teal,Gold,1
434.67,0.282,0,6,20,Casual-Tops,True-to-Size,1,Safari,Android-App,Minimal-White,Gold,1
221.89,0.273,0,4,20,Formal-Eveningwear,Runs-Slightly-Small,0,Safari,Desktop-Web,Minimal-White,Silver,1
234.68,0.541,0,11,0,Footwear,True-to-Size,0,Safari,Desktop-Web,Branded-Teal,Gold,1
164.06,0.402,0,3,40,Formal-Eveningwear,True-to-Size,0,Safari,Android-App,Minimal-White,Silver,0
270.91,0.463,0,8,40,Casual-Tops,True-to-Size,0,Safari,Desktop-Web,Minimal-White,Gold,0
36.13,0.22,0,7,20,Footwear,Runs-Slightly-Small,1,Chrome,Desktop-Web,Kraft-Brown,Platinum,0
402.72,0.123,0,11,50,Accessories,True-to-Size,0,Safari,Desktop-Web,Minimal-White,Gold,0
191.54,0.541,0,2,20,Footwear,True-to-Size,1,Safari,Desktop-Web,Minimal-White,Silver,0
278.95,0.07,1,4,20,Accessories,True-to-Size,1,Edge,Android-App,Minimal-White,Gold,0
296.83,0.559,0,1,40,Formal-Eveningwear,True-to-Size,1,Safari,Android-App,Minimal-White,Silver,1
369.06,0.085,1,3,0,Formal-Eveningwear,Runs-Slightly-Small,1,Chrome,Desktop-Web,Minimal-White,Platinum,1
259.66,0.077,1,11,0,Footwear,Inconsistent-Sizing,0,Safari,iOS-App,Branded-Teal,Gold,1
169.82,0.328,0,4,0,Casual-Tops,Runs-Slightly-Small,1,Firefox,iOS-App,Kraft-Brown,Silver,1
161.29,0.192,1,4,20,Casual-Tops,Inconsistent-Sizing,0,Chrome,iOS-App,Minimal-White,Platinum,1
341.82,0.234,0,1,10,Formal-Eveningwear,True-to-Size,1,Chrome,Desktop-Web,Minimal-White,Platinum,1
128.81,0.477,0,6,40,Footwear,Runs-Slightly-Small,0,Firefox,iOS-App,Minimal-White,Gold,1
235.63,0.272,0,3,20,Casual-Tops,True-to-Size,1,Safari,Desktop-Web,Minimal-White,Silver,0
261.16,0.07,1,9,50,Formal-Eveningwear,True-to-Size,1,Safari,Android-App,Minimal-White,Platinum,1
249.84,0.442,1,7,0,Accessories,True-to-Size,1,Firefox,Android-App,Kraft-Brown,Gold,1
353.61,0.352,1,9,0,Casual-Tops,Inconsistent-Sizing,0,Edge,Desktop-Web,Minimal-White,Silver,1
367.57,0.35,0,5,0,Accessories,True-to-Size,1,Edge,iOS-App,Minimal-White,Platinum,0
110.21,0.383,1,6,50,Casual-Tops,Runs-Slightly-Small,1,Safari,Desktop-Web,Kraft-Brown,Platinum,1
26.46,0.503,1,11,0,Casual-Tops,Runs-Slightly-Small,0,Edge,Desktop-Web,Kraft-Brown,Silver,1
50.65,0.302,0,11,40,Casual-Tops,True-to-Size,1,Firefox,Desktop-Web,Minimal-White,Silver,0
229.23,0.479,1,2,50,Casual-Tops,Runs-Slightly-Small,1,Firefox,Desktop-Web,Minimal-White,Platinum,1
120.43,0.222,0,10,40,Footwear,True-to-Size,1,Safari,Desktop-Web,Branded-Teal,Gold,0
72.89,0.098,1,7,10,Casual-Tops,Runs-Slightly-Small,0,Firefox,Desktop-Web,Branded-Teal,Gold,1
198.59,0.293,0,6,50,Casual-Tops,True-to-Size,1,Edge,Desktop-Web,Minimal-White,Gold,0
266.9,0.415,1,1,40,Casual-Tops,Runs-Slightly-Small,0,Firefox,Desktop-Web,Minimal-White,Platinum,1
269.72,0.174,1,10,50,Casual-Tops,True-to-Size,1,Edge,Desktop-Web,Kraft-Brown,Silver,1
258.94,0.399,0,2,40,Casual-Tops,True-to-Size,0,Firefox,Desktop-Web,Kraft-Brown,Platinum,0
428.91,0.083,0,3,0,Footwear,Runs-Slightly-Small,0,Chrome,Desktop-Web,Minimal-White,Silver,1
333.01,0.296,0,5,40,Footwear,Inconsistent-Sizing,1,Firefox,iOS-App,Kraft-Brown,Gold,1
272.18,0.139,0,11,40,Formal-Eveningwear,Runs-Slightly-Small,1,Chrome,Android-App,Branded-Teal,Platinum,1
156.77,0.735,1,8,30,Accessories,Inconsistent-Sizing,0,Chrome,Android-App,Minimal-White,Silver,1
265.73,0.16,0,4,10,Casual-Tops,Runs-Slightly-Small,0,Chrome,iOS-App,Kraft-Brown,Silver,1
257.51,0.157,0,8,40,Formal-Eveningwear,Runs-Slightly-Small,1,Firefox,Desktop-Web,Branded-Teal,Gold,1
172.17,0.326,0,8,20,Footwear,True-to-Size,0,Safari,Android-App,Kraft-Brown,Platinum,1
331.51,0.476,0,11,10,Formal-Eveningwear,Inconsistent-Sizing,1,Firefox,iOS-App,Branded-Teal,Silver,1
214.19,0.34,0,8,50,Casual-Tops,True-to-Size,0,Safari,Android-App,Kraft-Brown,Gold,0
195.56,0.421,0,8,30,Accessories,True-to-Size,0,Safari,Android-App,Kraft-Brown,Platinum,0
185.53,0.456,0,5,40,Casual-Tops,Runs-Slightly-Small,0,Safari,iOS-App,Kraft-Brown,Gold,0
406.05,0.251,0,1,10,Footwear,True-to-Size,0,Chrome,Desktop-Web,Branded-Teal,Silver,0
337.7,0.041,1,8,50,Formal-Eveningwear,True-to-Size,0,Edge,Android-App,Minimal-White,Silver,1
204.33,0.152,1,7,40,Footwear,Runs-Slightly-Small,1,Firefox,Android-App,Kraft-Brown,Platinum,1
317.63,0.328,0,4,40,Accessories,Inconsistent-Sizing,1,Chrome,Desktop-Web,Kraft-Brown,Silver,0
209,0.277,0,10,20,Accessories,Runs-Slightly-Small,0,Chrome,iOS-App,Branded-Teal,Silver,1
264.45,0.16,1,8,0,Accessories,Inconsistent-Sizing,1,Safari,Desktop-Web,Branded-Teal,Platinum,1
371.96,0.171,0,1,40,Casual-Tops,True-to-Size,0,Safari,iOS-App,Minimal-White,Platinum,0
411.82,0.316,1,3,40,Footwear,Inconsistent-Sizing,1,Safari,iOS-App,Minimal-White,Silver,1
81.9,0.05,0,1,40,Accessories,True-to-Size,0,Firefox,Android-App,Kraft-Brown,Platinum,0
226.06,0.244,1,7,0,Formal-Eveningwear,Runs-Slightly-Small,0,Edge,Android-App,Branded-Teal,Platinum,1
397.72,0.073,1,11,30,Formal-Eveningwear,Inconsistent-Sizing,1,Edge,Desktop-Web,Kraft-Brown,Gold,1
188.47,0.354,0,11,30,Formal-Eveningwear,Runs-Slightly-Small,0,Firefox,Desktop-Web,Branded-Teal,Platinum,1
212.3,0.163,0,1,0,Accessories,True-to-Size,1,Chrome,Desktop-Web,Branded-Teal,Silver,0
145.54,0.294,0,11,50,Formal-Eveningwear,True-to-Size,0,Safari,iOS-App,Kraft-Brown,Platinum,0
447.77,0.375,0,3,20,Accessories,Runs-Slightly-Small,1,Chrome,Android-App,Branded-Teal,Gold,1
258.15,0.121,0,4,40,Formal-Eveningwear,True-to-Size,0,Edge,Desktop-Web,Minimal-White,Platinum,0
445.76,0.396,0,9,40,Footwear,Runs-Slightly-Small,1,Chrome,Desktop-Web,Minimal-White,Silver,1
433.76,0.115,1,3,30,Casual-Tops,Runs-Slightly-Small,0,Chrome,Desktop-Web,Minimal-White,Silver,1
114.76,0.378,0,4,30,Casual-Tops,Runs-Slightly-Small,1,Edge,iOS-App,Branded-Teal,Gold,0
285.51,0.115,0,8,20,Casual-Tops,True-to-Size,1,Safari,Desktop-Web,Branded-Teal,Gold,0
314.47,0.435,0,5,40,Casual-Tops,Inconsistent-Sizing,1,Firefox,iOS-App,Minimal-White,Platinum,1
156.85,0.325,1,7,40,Footwear,Runs-Slightly-Small,1,Firefox,Desktop-Web,Kraft-Brown,Gold,1
266.23,0.349,1,10,50,Footwear,Inconsistent-Sizing,1,Safari,iOS-App,Minimal-White,Gold,1
320.94,0.195,0,3,0,Accessories,True-to-Size,0,Firefox,iOS-App,Kraft-Brown,Silver,0
391.46,0.335,0,5,20,Footwear,True-to-Size,0,Chrome,iOS-App,Kraft-Brown,Gold,1
98.24,0.388,0,2,20,Formal-Eveningwear,True-to-Size,1,Edge,Android-App,Minimal-White,Platinum,0
177.94,0.521,0,7,10,Formal-Eveningwear,Inconsistent-Sizing,1,Firefox,Desktop-Web,Branded-Teal,Silver,1
442.05,0.139,0,10,50,Formal-Eveningwear,Runs-Slightly-Small,0,Safari,Android-App,Minimal-White,Silver,1
235.8,0.52,1,5,10,Formal-Eveningwear,True-to-Size,0,Firefox,Desktop-Web,Branded-Teal,Gold,1
366.05,0.517,0,8,40,Formal-Eveningwear,Runs-Slightly-Small,1,Safari,Android-App,Kraft-Brown,Platinum,1
265.89,0.095,1,1,30,Formal-Eveningwear,True-to-Size,0,Chrome,Android-App,Kraft-Brown,Silver,1
364.71,0.049,1,8,10,Casual-Tops,True-to-Size,0,Chrome,Desktop-Web,Kraft-Brown,Gold,1
279.79,0.065,0,5,30,Footwear,True-to-Size,0,Edge,Android-App,Kraft-Brown,Gold,0
445.08,0.431,0,11,0,Casual-Tops,True-to-Size,0,Firefox,Android-App,Minimal-White,Platinum,1
65.04,0.492,0,1,10,Casual-Tops,True-to-Size,0,Firefox,iOS-App,Kraft-Brown,Silver,0
310.72,0.269,0,11,30,Casual-Tops,True-to-Size,1,Firefox,iOS-App,Kraft-Brown,Platinum,0
91.91,0.125,0,9,20,Casual-Tops,True-to-Size,0,Edge,Android-App,Branded-Teal,Gold,0
100.95,0.407,0,7,30,Formal-Eveningwear,Runs-Slightly-Small,1,Edge,iOS-App,Minimal-White,Silver,1
241.32,0.418,1,9,30,Accessories,Runs-Slightly-Small,1,Chrome,Android-App,Kraft-Brown,Gold,1
161.75,0.744,0,6,10,Casual-Tops,Runs-Slightly-Small,1,Chrome,iOS-App,Minimal-White,Gold,1
380.18,0.435,0,4,20,Casual-Tops,True-to-Size,1,Edge,Android-App,Minimal-White,Silver,0
223.88,0.449,1,5,30,Casual-Tops,True-to-Size,0,Chrome,Desktop-Web,Kraft-Brown,Silver,1
222.29,0.296,0,1,10,Casual-Tops,True-to-Size,0,Safari,Android-App,Branded-Teal,Silver,0
415.39,0.337,0,11,50,Casual-Tops,Runs-Slightly-Small,0,Safari,Desktop-Web,Branded-Teal,Gold,1
236.71,0.299,1,8,0,Accessories,True-to-Size,1,Edge,Android-App,Kraft-Brown,Gold,1
89.48,0.184,1,5,10,Accessories,True-to-Size,0,Firefox,Desktop-Web,Kraft-Brown,Gold,0
334.82,0.041,0,8,50,Footwear,True-to-Size,1,Firefox,Desktop-Web,Branded-Teal,Platinum,0
199.46,0.22,1,7,10,Casual-Tops,True-to-Size,0,Safari,iOS-App,Minimal-White,Silver,1
321.4,0.329,0,4,30,Casual-Tops,Inconsistent-Sizing,1,Safari,Desktop-Web,Kraft-Brown,Gold,1
166.23,0.302,1,6,20,Accessories,Inconsistent-Sizing,1,Chrome,Desktop-Web,Kraft-Brown,Gold,1
321.89,0.287,1,3,20,Casual-Tops,Runs-Slightly-Small,1,Chrome,Desktop-Web,Branded-Teal,Platinum,1
249.7,0.125,0,8,20,Casual-Tops,True-to-Size,0,Edge,Desktop-Web,Minimal-White,Gold,0
376.92,0.173,0,3,10,Formal-Eveningwear,True-to-Size,0,Chrome,Android-App,Branded-Teal,Platinum,1
193.27,0.245,1,1,50,Accessories,Runs-Slightly-Small,0,Firefox,iOS-App,Kraft-Brown,Silver,0
134.47,0.287,0,5,30,Casual-Tops,Inconsistent-Sizing,0,Firefox,iOS-App,Kraft-Brown,Gold,1
203.26,0.476,0,7,20,Formal-Eveningwear,True-to-Size,1,Chrome,Desktop-Web,Kraft-Brown,Gold,1
113.51,0.27,1,9,50,Casual-Tops,Runs-Slightly-Small,1,Edge,Desktop-Web,Kraft-Brown,Platinum,1
428.99,0.447,1,2,0,Formal-Eveningwear,True-to-Size,1,Chrome,Desktop-Web,Branded-Teal,Silver,1
97.8,0.405,0,7,40,Casual-Tops,Inconsistent-Sizing,0,Edge,iOS-App,Branded-Teal,Platinum,1
193.39,0.273,0,9,20,Accessories,Runs-Slightly-Small,0,Safari,iOS-App,Branded-Teal,Gold,0
409.91,0.346,0,6,0,Casual-Tops,Inconsistent-Sizing,1,Safari,Desktop-Web,Minimal-White,Silver,1
263.59,0.105,1,8,20,Footwear,True-to-Size,1,Firefox,Desktop-Web,Minimal-White,Platinum,1
60.94,0.586,0,6,50,Accessories,True-to-Size,0,Chrome,iOS-App,Kraft-Brown,Platinum,0
221.35,0.3,0,4,10,Footwear,Runs-Slightly-Small,0,Chrome,iOS-App,Kraft-Brown,Gold,1
160.75,0.233,0,8,50,Formal-Eveningwear,Runs-Slightly-Small,0,Safari,Android-App,Branded-Teal,Platinum,1
206.3,0.062,0,1,20,Formal-Eveningwear,True-to-Size,1,Safari,Android-App,Kraft-Brown,Platinum,0
36.05,0.302,1,1,40,Casual-Tops,Runs-Slightly-Small,0,Edge,iOS-App,Minimal-White,Platinum,0
32.39,0.521,0,10,0,Accessories,Inconsistent-Sizing,0,Firefox,Desktop-Web,Branded-Teal,Platinum,1
428.54,0.361,0,5,50,Accessories,Runs-Slightly-Small,1,Chrome,Desktop-Web,Kraft-Brown,Silver,0
134.1,0.202,0,7,20,Accessories,Runs-Slightly-Small,1,Firefox,Android-App,Branded-Teal,Gold,0
417.6,0.218,0,2,0,Footwear,Inconsistent-Sizing,1,Chrome,Android-App,Minimal-White,Platinum,1
439.39,0.334,0,7,40,Footwear,Runs-Slightly-Small,0,Edge,iOS-App,Minimal-White,Gold,1
196.58,0.194,1,3,20,Accessories,Inconsistent-Sizing,0,Chrome,Desktop-Web,Branded-Teal,Silver,1
344.38,0.076,1,4,50,Casual-Tops,True-to-Size,1,Safari,iOS-App,Minimal-White,Silver,1
187.13,0.265,0,8,20,Accessories,Inconsistent-Sizing,1,Safari,Android-App,Minimal-White,Silver,1
381.88,0.394,0,7,20,Footwear,True-to-Size,1,Firefox,iOS-App,Branded-Teal,Gold,1
319.38,0.233,0,3,0,Footwear,Inconsistent-Sizing,1,Firefox,iOS-App,Kraft-Brown,Platinum,1
151.99,0.155,0,6,50,Casual-Tops,Runs-Slightly-Small,1,Chrome,Desktop-Web,Minimal-White,Gold,0
43.5,0.448,1,8,20,Accessories,True-to-Size,1,Firefox,iOS-App,Branded-Teal,Silver,0
357.02,0.099,0,1,10,Footwear,Runs-Slightly-Small,0,Edge,iOS-App,Kraft-Brown,Platinum,1
88.69,0.228,1,7,10,Accessories,True-to-Size,0,Chrome,Android-App,Minimal-White,Gold,0
137.18,0.2,0,1,50,Accessories,True-to-Size,1,Chrome,Desktop-Web,Kraft-Brown,Platinum,0
401.22,0.181,0,7,30,Casual-Tops,Runs-Slightly-Small,1,Edge,Android-App,Minimal-White,Silver,1
449.12,0.283,0,8,40,Footwear,Runs-Slightly-Small,1,Safari,Desktop-Web,Kraft-Brown,Gold,1
159.82,0.372,0,6,40,Casual-Tops,Runs-Slightly-Small,1,Edge,Desktop-Web,Minimal-White,Platinum,0
359,0.314,1,9,10,Accessories,True-to-Size,1,Safari,Desktop-Web,Branded-Teal,Silver,1
415.22,0.251,0,7,0,Footwear,Runs-Slightly-Small,1,Firefox,Android-App,Minimal-White,Silver,1
436.75,0.406,0,3,30,Casual-Tops,True-to-Size,1,Firefox,iOS-App,Minimal-White,Platinum,0
324.02,0.149,0,3,50,Formal-Eveningwear,True-to-Size,0,Edge,Android-App,Minimal-White,Platinum,0
30.27,0.228,0,9,20,Casual-Tops,True-to-Size,1,Chrome,Android-App,Kraft-Brown,Gold,0
405.99,0.254,1,1,0,Accessories,Runs-Slightly-Small,1,Firefox,Android-App,Kraft-Brown,Gold,1
73.97,0.108,1,11,20,Casual-Tops,Inconsistent-Sizing,1,Safari,Android-App,Branded-Teal,Gold,1
49.74,0.243,1,6,40,Accessories,True-to-Size,1,Safari,iOS-App,Kraft-Brown,Platinum,0
290.66,0.265,0,11,30,Casual-Tops,True-to-Size,1,Safari,Desktop-Web,Kraft-Brown,Silver,0
183.52,0.544,0,2,30,Casual-Tops,Inconsistent-Sizing,0,Safari,iOS-App,Branded-Teal,Platinum,1
156.52,0.238,1,1,40,Footwear,True-to-Size,1,Edge,Desktop-Web,Minimal-White,Gold,0
151.58,0.127,0,7,20,Casual-Tops,Inconsistent-Sizing,0,Safari,iOS-App,Branded-Teal,Platinum,1
81.08,0.381,1,3,10,Casual-Tops,True-to-Size,0,Safari,iOS-App,Minimal-White,Platinum,1
180.46,0.221,1,1,30,Formal-Eveningwear,Runs-Slightly-Small,1,Edge,Android-App,Branded-Teal,Platinum,1
414.16,0.341,0,5,0,Casual-Tops,True-to-Size,0,Safari,Android-App,Branded-Teal,Gold,1
199.18,0.4,0,11,0,Casual-Tops,Runs-Slightly-Small,0,Edge,Desktop-Web,Kraft-Brown,Gold,1
35.21,0.207,0,11,0,Footwear,True-to-Size,0,Chrome,iOS-App,Minimal-White,Silver,0
107.54,0.665,0,6,30,Footwear,Inconsistent-Sizing,1,Safari,Android-App,Kraft-Brown,Gold,1
153.96,0.192,0,4,10,Casual-Tops,True-to-Size,1,Firefox,Android-App,Branded-Teal,Gold,0
343.68,0.134,0,8,10,Accessories,True-to-Size,0,Edge,iOS-App,Kraft-Brown,Gold,0
278.64,0.276,0,5,20,Footwear,True-to-Size,1,Chrome,Desktop-Web,Kraft-Brown,Platinum,1
420.78,0.03,0,7,0,Casual-Tops,Inconsistent-Sizing,0,Chrome,Desktop-Web,Kraft-Brown,Platinum,1
402.62,0.136,0,10,30,Formal-Eveningwear,True-to-Size,0,Edge,Android-App,Minimal-White,Silver,1
446.29,0.413,1,2,10,Accessories,True-to-Size,0,Chrome,Desktop-Web,Kraft-Brown,Silver,1
379.15,0.371,0,8,50,Casual-Tops,True-to-Size,1,Firefox,Android-App,Branded-Teal,Gold,0
195.34,0.175,0,10,30,Casual-Tops,True-to-Size,1,Chrome,Android-App,Branded-Teal,Platinum,0
261.36,0.396,0,8,50,Accessories,Inconsistent-Sizing,0,Edge,Android-App,Kraft-Brown,Silver,1
420.56,0.329,1,1,20,Footwear,True-to-Size,1,Edge,iOS-App,Branded-Teal,Platinum,1
165.2,0.241,1,10,0,Formal-Eveningwear,Runs-Slightly-Small,0,Safari,Desktop-Web,Kraft-Brown,Silver,1
35.34,0.535,1,10,0,Footwear,True-to-Size,0,Edge,iOS-App,Kraft-Brown,Gold,1
224.58,0.023,0,11,20,Footwear,True-to-Size,0,Chrome,iOS-App,Branded-Teal,Silver,0
326.77,0.299,0,7,50,Accessories,True-to-Size,0,Safari,iOS-App,Branded-Teal,Platinum,0
255.32,0.157,0,4,50,Casual-Tops,True-to-Size,1,Edge,iOS-App,Minimal-White,Gold,0
293,0.269,0,1,0,Casual-Tops,Runs-Slightly-Small,0,Chrome,Desktop-Web,Kraft-Brown,Gold,1
185.69,0.232,0,8,50,Formal-Eveningwear,Inconsistent-Sizing,1,Safari,iOS-App,Kraft-Brown,Silver,1
382.75,0.475,0,5,20,Casual-Tops,Runs-Slightly-Small,0,Edge,Desktop-Web,Kraft-Brown,Silver,1
95.58,0.106,0,5,50,Casual-Tops,Runs-Slightly-Small,1,Firefox,Android-App,Branded-Teal,Silver,0
174.06,0.408,0,11,20,Accessories,True-to-Size,0,Firefox,Desktop-Web,Branded-Teal,Gold,0
325.56,0.419,1,8,10,Casual-Tops,True-to-Size,1,Safari,Desktop-Web,Minimal-White,Gold,1
446.1,0.408,0,11,20,Accessories,True-to-Size,0,Firefox,Desktop-Web,Branded-Teal,Silver,0
434.27,0.421,1,11,40,Casual-Tops,True-to-Size,0,Chrome,Android-App,Branded-Teal,Silver,1
248.5,0.265,1,10,10,Casual-Tops,True-to-Size,1,Edge,Android-App,Minimal-White,Silver,1
89.56,0.28,0,1,0,Accessories,True-to-Size,0,Chrome,Desktop-Web,Minimal-White,Gold,0
380.02,0.679,0,2,40,Accessories,True-to-Size,0,Chrome,Desktop-Web,Minimal-White,Platinum,0
411.59,0.554,0,7,20,Footwear,Inconsistent-Sizing,1,Edge,iOS-App,Kraft-Brown,Platinum,1
189.01,0.188,0,2,40,Casual-Tops,True-to-Size,1,Safari,Desktop-Web,Kraft-Brown,Platinum,0
185.04,0.336,1,10,30,Casual-Tops,Runs-Slightly-Small,0,Chrome,Desktop-Web,Branded-Teal,Gold,1
362.65,0.392,1,6,10,Accessories,True-to-Size,1,Chrome,iOS-App,Kraft-Brown,Silver,1
140.94,0.107,1,10,50,Accessories,Runs-Slightly-Small,0,Chrome,Android-App,Minimal-White,Silver,1
332.44,0.422,1,3,0,Formal-Eveningwear,True-to-Size,0,Firefox,iOS-App,Branded-Teal,Gold,1
264.87,0.288,0,8,50,Footwear,Runs-Slightly-Small,1,Chrome,Desktop-Web,Minimal-White,Gold,1
245.22,0.36,0,5,20,Footwear,True-to-Size,1,Edge,Desktop-Web,Branded-Teal,Silver,0
164.98,0.25,0,9,0,Footwear,True-to-Size,0,Safari,Android-App,Minimal-White,Gold,1
289.66,0.059,1,1,0,Formal-Eveningwear,Runs-Slightly-Small,1,Safari,iOS-App,Branded-Teal,Silver,1
144.36,0.159,1,3,10,Casual-Tops,Inconsistent-Sizing,1,Safari,iOS-App,Minimal-White,Platinum,1
350.29,0.367,1,4,0,Accessories,True-to-Size,0,Chrome,Desktop-Web,Kraft-Brown,Gold,1
306.53,0.144,0,1,0,Footwear,Runs-Slightly-Small,1,Safari,Desktop-Web,Kraft-Brown,Platinum,1
326.43,0.204,1,1,30,Casual-Tops,Inconsistent-Sizing,0,Firefox,Android-App,Minimal-White,Gold,1
237.81,0.206,1,2,0,Formal-Eveningwear,True-to-Size,1,Edge,Desktop-Web,Minimal-White,Platinum,1
66.67,0.571,0,9,50,Footwear,True-to-Size,1,Safari,iOS-App,Branded-Teal,Platinum,0
36.31,0.132,0,9,20,Casual-Tops,True-to-Size,1,Chrome,Android-App,Kraft-Brown,Silver,0
209.87,0.421,1,10,10,Formal-Eveningwear,True-to-Size,0,Edge,Android-App,Branded-Teal,Gold,1
430.83,0.221,1,9,0,Formal-Eveningwear,True-to-Size,0,Firefox,Desktop-Web,Branded-Teal,Gold,1
74.05,0.247,0,3,50,Formal-Eveningwear,True-to-Size,1,Safari,iOS-App,Minimal-White,Platinum,0
106.51,0.059,0,5,40,Formal-Eveningwear,Runs-Slightly-Small,0,Edge,iOS-App,Kraft-Brown,Gold,0
187.8,0.521,0,9,20,Casual-Tops,True-to-Size,1,Edge,Android-App,Branded-Teal,Gold,1
413.42,0.137,0,7,0,Formal-Eveningwear,Runs-Slightly-Small,1,Firefox,iOS-App,Branded-Teal,Gold,1
155.91,0.377,1,10,10,Accessories,True-to-Size,1,Firefox,Desktop-Web,Branded-Teal,Silver,1
432.18,0.1,1,6,30,Formal-Eveningwear,True-to-Size,0,Firefox,iOS-App,Minimal-White,Silver,1
81.21,0.555,1,6,10,Casual-Tops,Runs-Slightly-Small,0,Firefox,iOS-App,Minimal-White,Gold,1
370.16,0.509,1,9,10,Footwear,Runs-Slightly-Small,0,Edge,Android-App,Kraft-Brown,Platinum,1
421.13,0.031,0,9,20,Footwear,True-to-Size,1,Chrome,Desktop-Web,Minimal-White,Platinum,1
331.93,0.078,0,5,50,Formal-Eveningwear,Runs-Slightly-Small,0,Safari,Desktop-Web,Branded-Teal,Platinum,1
348.05,0.666,0,1,0,Casual-Tops,Inconsistent-Sizing,0,Safari,iOS-App,Branded-Teal,Platinum,1
329.97,0.258,1,2,10,Accessories,Runs-Slightly-Small,1,Firefox,iOS-App,Kraft-Brown,Platinum,1
46.41,0.463,1,6,30,Casual-Tops,True-to-Size,1,Safari,iOS-App,Branded-Teal,Silver,0
261.1,0.166,0,4,50,Formal-Eveningwear,Runs-Slightly-Small,0,Edge,Desktop-Web,Kraft-Brown,Platinum,1
207.63,0.251,1,5,20,Casual-Tops,Runs-Slightly-Small,0,Firefox,iOS-App,Kraft-Brown,Silver,1
372.45,0.319,0,8,0,Casual-Tops,True-to-Size,0,Safari,Desktop-Web,Branded-Teal,Silver,1
420.89,0.098,1,4,50,Footwear,True-to-Size,0,Chrome,Desktop-Web,Branded-Teal,Platinum,1
101.34,0.13,0,9,40,Accessories,Runs-Slightly-Small,0,Firefox,Android-App,Branded-Teal,Gold,0
172.87,0.543,1,9,30,Footwear,True-to-Size,1,Chrome,iOS-App,Minimal-White,Platinum,1
422.16,0.42,0,6,20,Casual-Tops,True-to-Size,0,Edge,iOS-App,Branded-Teal,Platinum,1
198.54,0.476,1,11,10,Footwear,True-to-Size,1,Firefox,Desktop-Web,Kraft-Brown,Silver,1
235.79,0.192,0,2,10,Accessories,Inconsistent-Sizing,0,Firefox,iOS-App,Branded-Teal,Platinum,0
440.94,0.151,1,5,0,Footwear,Inconsistent-Sizing,0,Safari,Android-App,Branded-Teal,Silver,1
217.55,0.355,0,1,50,Footwear,True-to-Size,1,Safari,Desktop-Web,Branded-Teal,Platinum,0
323.2,0.442,1,7,0,Accessories,Inconsistent-Sizing,0,Safari,iOS-App,Branded-Teal,Silver,1
405.84,0.302,0,5,0,Accessories,True-to-Size,0,Edge,iOS-App,Kraft-Brown,Platinum,0
373.36,0.481,0,4,50,Footwear,Runs-Slightly-Small,1,Firefox,iOS-App,Kraft-Brown,Gold,1
390.02,0.055,1,4,40,Accessories,True-to-Size,0,Chrome,Desktop-Web,Minimal-White,Silver,0
436.59,0.613,0,2,10,Formal-Eveningwear,Inconsistent-Sizing,1,Firefox,iOS-App,Kraft-Brown,Platinum,1
362.19,0.168,0,6,40,Formal-Eveningwear,True-to-Size,0,Chrome,iOS-App,Branded-Teal,Platinum,1
404.58,0.105,0,3,10,Casual-Tops,Inconsistent-Sizing,1,Safari,iOS-App,Minimal-White,Silver,1
219.28,0.246,0,9,40,Formal-Eveningwear,True-to-Size,1,Safari,iOS-App,Minimal-White,Platinum,0
94.92,0.334,0,9,0,Casual-Tops,True-to-Size,0,Safari,Android-App,Kraft-Brown,Gold,0
99.11,0.308,0,3,0,Footwear,Runs-Slightly-Small,0,Safari,Desktop-Web,Branded-Teal,Gold,1
31.71,0.169,1,5,40,Casual-Tops,Runs-Slightly-Small,0,Firefox,iOS-App,Branded-Teal,Silver,0
418.08,0.241,1,5,20,Footwear,True-to-Size,0,Firefox,Desktop-Web,Minimal-White,Silver,1
97.56,0.051,1,2,10,Formal-Eveningwear,Runs-Slightly-Small,0,Chrome,Android-App,Minimal-White,Platinum,1
186.27,0.181,0,10,50,Casual-Tops,Runs-Slightly-Small,0,Chrome,Desktop-Web,Branded-Teal,Gold,0
359.71,0.181,0,8,40,Accessories,True-to-Size,1,Safari,Desktop-Web,Branded-Teal,Silver,0
375.08,0.315,0,7,0,Formal-Eveningwear,True-to-Size,1,Chrome,Android-App,Branded-Teal,Platinum,1
153.04,0.436,1,3,0,Casual-Tops,True-to-Size,1,Safari,Android-App,Minimal-White,Silver,1
353.51,0.551,0,7,20,Casual-Tops,True-to-Size,1,Chrome,Android-App,Kraft-Brown,Platinum,1
308.14,0.225,0,2,40,Casual-Tops,True-to-Size,0,Chrome,Desktop-Web,Branded-Teal,Silver,0
354.69,0.308,1,11,50,Casual-Tops,True-to-Size,1,Firefox,Android-App,Kraft-Brown,Silver,1
343.93,0.068,0,1,30,Footwear,True-to-Size,1,Chrome,iOS-App,Branded-Teal,Gold,0
437.97,0.135,0,1,10,Footwear,True-to-Size,1,Firefox,Android-App,Kraft-Brown,Platinum,0
93.58,0.193,1,10,0,Formal-Eveningwear,Runs-Slightly-Small,1,Edge,iOS-App,Branded-Teal,Gold,1
93.3,0.016,0,8,40,Accessories,Runs-Slightly-Small,0,Safari,Android-App,Kraft-Brown,Platinum,0
395.71,0.194,1,10,0,Casual-Tops,True-to-Size,1,Safari,Desktop-Web,Branded-Teal,Platinum,1
242.73,0.277,0,7,40,Formal-Eveningwear,True-to-Size,0,Edge,iOS-App,Minimal-White,Platinum,0
333.88,0.152,0,10,20,Footwear,Runs-Slightly-Small,1,Firefox,Android-App,Minimal-White,Silver,1
84.15,0.258,0,2,10,Footwear,True-to-Size,1,Chrome,Android-App,Minimal-White,Platinum,0
368.79,0.409,1,4,20,Formal-Eveningwear,True-to-Size,0,Edge,Android-App,Minimal-White,Gold,1
376.69,0.216,0,4,40,Footwear,True-to-Size,1,Firefox,iOS-App,Kraft-Brown,Gold,0
79.39,0.151,0,5,0,Formal-Eveningwear,Inconsistent-Sizing,0,Edge,Android-App,Kraft-Brown,Silver,1
361.69,0.431,0,3,40,Accessories,Runs-Slightly-Small,1,Safari,iOS-App,Branded-Teal,Silver,0
178.91,0.443,0,9,40,Accessories,True-to-Size,1,Firefox,Android-App,Minimal-White,Platinum,0
317.82,0.248,0,11,30,Casual-Tops,True-to-Size,1,Edge,iOS-App,Branded-Teal,Platinum,0
60.02,0.197,1,6,10,Casual-Tops,True-to-Size,1,Firefox,iOS-App,Branded-Teal,Gold,1
43.09,0.2,1,3,40,Footwear,Runs-Slightly-Small,0,Edge,Android-App,Kraft-Brown,Platinum,1
381.38,0.261,1,9,20,Footwear,True-to-Size,0,Chrome,iOS-App,Branded-Teal,Gold,1
401.45,0.072,0,2,20,Casual-Tops,True-to-Size,0,Chrome,Android-App,Branded-Teal,Platinum,0
111.4,0.189,0,8,30,Casual-Tops,Runs-Slightly-Small,1,Firefox,Android-App,Kraft-Brown,Silver,0
296.97,0.486,1,1,30,Casual-Tops,True-to-Size,1,Safari,Android-App,Kraft-Brown,Gold,1
217.94,0.279,1,4,50,Accessories,Inconsistent-Sizing,1,Firefox,iOS-App,Minimal-White,Platinum,1
340.88,0.063,1,7,0,Formal-Eveningwear,True-to-Size,0,Edge,Desktop-Web,Branded-Teal,Platinum,1
389.57,0.366,0,6,30,Formal-Eveningwear,Runs-Slightly-Small,0,Safari,iOS-App,Kraft-Brown,Gold,1
71.78,0.386,0,9,40,Formal-Eveningwear,Inconsistent-Sizing,0,Firefox,Android-App,Branded-Teal,Silver,1
104.27,0.351,0,9,50,Casual-Tops,True-to-Size,1,Firefox,iOS-App,Branded-Teal,Gold,0
271.14,0.302,0,7,10,Formal-Eveningwear,Inconsistent-Sizing,0,Chrome,Android-App,Kraft-Brown,Gold,1
229.04,0.275,1,9,10,Footwear,Runs-Slightly-Small,1,Edge,Desktop-Web,Branded-Teal,Silver,1
200.24,0.343,0,5,0,Casual-Tops,True-to-Size,1,Safari,iOS-App,Minimal-White,Platinum,0
175.61,0.116,0,8,40,Footwear,Runs-Slightly-Small,1,Safari,Android-App,Kraft-Brown,Silver,1
203.39,0.241,1,6,30,Casual-Tops,Runs-Slightly-Small,1,Chrome,Desktop-Web,Branded-Teal,Silver,1
337.24,0.328,0,8,40,Formal-Eveningwear,Runs-Slightly-Small,0,Safari,iOS-App,Minimal-White,Platinum,1
125.1,0.203,0,11,10,Casual-Tops,Runs-Slightly-Small,0,Firefox,iOS-App,Minimal-White,Platinum,1
162.36,0.151,1,10,40,Accessories,True-to-Size,0,Firefox,iOS-App,Kraft-Brown,Platinum,0
279.47,0.528,0,2,10,Accessories,True-to-Size,1,Firefox,Desktop-Web,Branded-Teal,Silver,0
297.56,0.43,1,4,0,Casual-Tops,Inconsistent-Sizing,1,Edge,Desktop-Web,Minimal-White,Gold,1
197.39,0.422,1,5,50,Casual-Tops,True-to-Size,0,Firefox,iOS-App,Minimal-White,Gold,1
411.56,0.197,1,2,20,Casual-Tops,True-to-Size,1,Chrome,Android-App,Kraft-Brown,Platinum,1
352.78,0.353,0,6,30,Casual-Tops,Runs-Slightly-Small,1,Safari,Desktop-Web,Kraft-Brown,Silver,1
270.06,0.197,0,6,50,Casual-Tops,True-to-Size,1,Firefox,Desktop-Web,Minimal-White,Gold,0
80.29,0.219,0,7,40,Casual-Tops,Runs-Slightly-Small,0,Firefox,Android-App,Kraft-Brown,Silver,0
110.73,0.157,0,11,0,Casual-Tops,True-to-Size,0,Chrome,iOS-App,Minimal-White,Gold,0
196.38,0.214,1,2,40,Formal-Eveningwear,Inconsistent-Sizing,0,Edge,Desktop-Web,Kraft-Brown,Gold,1
295.42,0.244,1,7,50,Casual-Tops,True-to-Size,1,Safari,iOS-App,Branded-Teal,Platinum,1
269.57,0.231,1,4,10,Accessories,Runs-Slightly-Small,0,Chrome,Android-App,Minimal-White,Gold,1
57.01,0.01,1,8,50,Formal-Eveningwear,True-to-Size,0,Firefox,iOS-App,Minimal-White,Silver,0
351.8,0.374,1,5,50,Formal-Eveningwear,True-to-Size,0,Safari,iOS-App,Minimal-White,Platinum,1
246.05,0.433,0,3,0,Accessories,Runs-Slightly-Small,1,Edge,iOS-App,Minimal-White,Gold,0
338.6,0.01,0,7,40,Formal-Eveningwear,True-to-Size,1,Edge,Desktop-Web,Branded-Teal,Silver,0
88.51,0.48,1,10,30,Footwear,True-to-Size,1,Edge,iOS-App,Minimal-White,Silver,1
402.66,0.101,0,4,30,Accessories,True-to-Size,0,Chrome,Desktop-Web,Kraft-Brown,Gold,0
341.09,0.208,1,6,0,Formal-Eveningwear,Runs-Slightly-Small,1,Firefox,Desktop-Web,Minimal-White,Gold,1
95.03,0.112,1,7,10,Casual-Tops,Runs-Slightly-Small,0,Edge,iOS-App,Minimal-White,Silver,1
437.63,0.303,0,4,30,Casual-Tops,Runs-Slightly-Small,1,Firefox,Android-App,Kraft-Brown,Gold,1
290.09,0.627,1,7,20,Footwear,Inconsistent-Sizing,1,Safari,iOS-App,Branded-Teal,Silver,1
192.25,0.127,0,3,10,Casual-Tops,True-to-Size,0,Edge,Desktop-Web,Kraft-Brown,Gold,0
427.01,0.169,1,11,50,Casual-Tops,True-to-Size,0,Chrome,Android-App,Minimal-White,Gold,1
336.13,0.272,0,10,10,Casual-Tops,Inconsistent-Sizing,0,Safari,Android-App,Kraft-Brown,Gold,1
237.41,0.258,0,7,50,Accessories,True-to-Size,0,Safari,Desktop-Web,Kraft-Brown,Platinum,0
428.65,0.333,0,3,40,Accessories,Inconsistent-Sizing,1,Safari,Android-App,Minimal-White,Gold,1
291.29,0.241,0,7,40,Casual-Tops,Inconsistent-Sizing,0,Edge,Desktop-Web,Minimal-White,Silver,1
156.22,0.247,1,11,10,Formal-Eveningwear,True-to-Size,0,Firefox,iOS-App,Minimal-White,Platinum,1
202.49,0.545,0,5,40,Casual-Tops,Runs-Slightly-Small,1,Firefox,Android-App,Kraft-Brown,Platinum,1
101.44,0.278,0,4,40,Casual-Tops,True-to-Size,0,Chrome,Android-App,Branded-Teal,Platinum,0
212.53,0.407,0,11,0,Casual-Tops,Inconsistent-Sizing,0,Safari,Android-App,Branded-Teal,Gold,1
333.45,0.308,0,1,20,Casual-Tops,True-to-Size,1,Edge,Android-App,Branded-Teal,Platinum,0
215.01,0.505,0,11,0,Casual-Tops,Runs-Slightly-Small,1,Edge,Desktop-Web,Branded-Teal,Silver,1
378.39,0.401,0,3,30,Casual-Tops,Inconsistent-Sizing,1,Edge,Android-App,Branded-Teal,Silver,1
393.5,0.54,1,9,40,Footwear,Inconsistent-Sizing,0,Chrome,Android-App,Kraft-Brown,Silver,1
46.06,0.215,0,10,10,Formal-Eveningwear,Runs-Slightly-Small,0,Chrome,Desktop-Web,Branded-Teal,Gold,1
153.82,0.649,1,11,30,Casual-Tops,Inconsistent-Sizing,0,Chrome,Android-App,Branded-Teal,Silver,1
287.12,0.455,1,11,30,Formal-Eveningwear,True-to-Size,0,Chrome,Android-App,Kraft-Brown,Silver,1
170.41,0.422,0,6,50,Footwear,True-to-Size,1,Firefox,Desktop-Web,Kraft-Brown,Platinum,0
255.54,0.458,1,2,30,Casual-Tops,Runs-Slightly-Small,0,Edge,Android-App,Kraft-Brown,Platinum,1
273.92,0.613,0,10,20,Accessories,True-to-Size,1,Safari,iOS-App,Branded-Teal,Platinum,0
89.71,0.416,0,8,0,Formal-Eveningwear,Runs-Slightly-Small,0,Firefox,iOS-App,Minimal-White,Gold,1
447.62,0.275,0,11,30,Accessories,Runs-Slightly-Small,0,Firefox,iOS-App,Kraft-Brown,Platinum,1
127.95,0.515,0,10,0,Casual-Tops,Inconsistent-Sizing,1,Firefox,Desktop-Web,Branded-Teal,Silver,1
304.05,0.547,0,2,50,Footwear,Runs-Slightly-Small,0,Chrome,Android-App,Branded-Teal,Silver,1
208.88,0.144,0,8,20,Footwear,True-to-Size,0,Chrome,Desktop-Web,Branded-Teal,Platinum,0
130.47,0.466,0,2,20,Accessories,Inconsistent-Sizing,0,Chrome,iOS-App,Kraft-Brown,Gold,0
256.26,0.232,1,3,0,Accessories,True-to-Size,0,Safari,Android-App,Branded-Teal,Silver,1
246.68,0.356,0,7,30,Casual-Tops,True-to-Size,1,Edge,iOS-App,Minimal-White,Silver,1
132.6,0.288,0,1,50,Formal-Eveningwear,True-to-Size,0,Firefox,iOS-App,Minimal-White,Platinum,0
231.97,0.106,0,5,0,Formal-Eveningwear,Runs-Slightly-Small,1,Firefox,Desktop-Web,Minimal-White,Platinum,1
306.26,0.188,0,8,50,Footwear,Inconsistent-Sizing,0,Safari,iOS-App,Branded-Teal,Gold,1
150.48,0.423,1,5,0,Footwear,True-to-Size,1,Safari,Android-App,Kraft-Brown,Silver,1
199.28,0.158,0,6,50,Casual-Tops,Runs-Slightly-Small,0,Safari,iOS-App,Minimal-White,Silver,0
346.86,0.086,0,5,10,Casual-Tops,Runs-Slightly-Small,0,Firefox,Android-App,Minimal-White,Gold,1
357.1,0.164,0,9,40,Accessories,Runs-Slightly-Small,0,Safari,Desktop-Web,Branded-Teal,Platinum,0
28.12,0.356,0,9,50,Accessories,Runs-Slightly-Small,1,Edge,Android-App,Kraft-Brown,Platinum,0
291.59,0.27,0,9,0,Formal-Eveningwear,True-to-Size,0,Firefox,Desktop-Web,Kraft-Brown,Silver,1
333.93,0.568,1,7,0,Accessories,True-to-Size,1,Chrome,iOS-App,Minimal-White,Gold,1
199.01,0.788,0,9,30,Casual-Tops,True-to-Size,1,Chrome,Android-App,Minimal-White,Platinum,1
352.54,0.32,0,8,40,Casual-Tops,Runs-Slightly-Small,1,Safari,iOS-App,Kraft-Brown,Gold,1
70.07,0.211,0,3,40,Footwear,True-to-Size,1,Chrome,Android-App,Kraft-Brown,Platinum,0
123.45,0.136,0,5,50,Casual-Tops,Inconsistent-Sizing,1,Edge,iOS-App,Kraft-Brown,Gold,0
241.26,0.482,1,1,40,Casual-Tops,Runs-Slightly-Small,0,Edge,iOS-App,Branded-Teal,Platinum,1
137.64,0.469,1,5,40,Footwear,True-to-Size,1,Chrome,Android-App,Branded-Teal,Gold,1
107.81,0.292,0,8,10,Footwear,True-to-Size,1,Firefox,Android-App,Kraft-Brown,Platinum,0
408.95,0.585,0,5,0,Formal-Eveningwear,True-to-Size,1,Safari,Desktop-Web,Minimal-White,Silver,1
336.41,0.219,0,9,40,Footwear,True-to-Size,0,Edge,Desktop-Web,Branded-Teal,Silver,0
138.31,0.165,0,10,30,Casual-Tops,True-to-Size,0,Chrome,iOS-App,Minimal-White,Gold,0
54.13,0.197,0,10,10,Casual-Tops,True-to-Size,1,Firefox,Android-App,Minimal-White,Silver,0
44.65,0.171,1,4,0,Formal-Eveningwear,True-to-Size,0,Chrome,Desktop-Web,Kraft-Brown,Silver,1
163.51,0.175,0,10,50,Accessories,Runs-Slightly-Small,1,Edge,Desktop-Web,Kraft-Brown,Gold,0
67.1,0.433,0,1,30,Formal-Eveningwear,Runs-Slightly-Small,0,Chrome,Desktop-Web,Kraft-Brown,Gold,1
244.41,0.208,0,7,10,Casual-Tops,True-to-Size,0,Firefox,iOS-App,Kraft-Brown,Gold,0
257.53,0.33,0,2,40,Formal-Eveningwear,Runs-Slightly-Small,0,Edge,Android-App,Branded-Teal,Gold,1
429.38,0.116,0,4,40,Casual-Tops,Inconsistent-Sizing,1,Firefox,iOS-App,Branded-Teal,Silver,1
159.9,0.19,0,1,20,Formal-Eveningwear,Inconsistent-Sizing,0,Chrome,Android-App,Kraft-Brown,Silver,1
240.76,0.151,1,9,30,Formal-Eveningwear,Runs-Slightly-Small,1,Chrome,iOS-App,Kraft-Brown,Silver,1
160.69,0.173,1,10,0,Casual-Tops,Runs-Slightly-Small,1,Safari,Desktop-Web,Minimal-White,Platinum,1
117.26,0.368,1,9,20,Footwear,True-to-Size,1,Firefox,Desktop-Web,Branded-Teal,Silver,1
239.8,0.337,1,9,30,Casual-Tops,Runs-Slightly-Small,1,Chrome,Desktop-Web,Kraft-Brown,Gold,1
91.91,0.132,0,10,40,Footwear,Runs-Slightly-Small,1,Chrome,Desktop-Web,Kraft-Brown,Platinum,0
338.88,0.117,1,8,50,Formal-Eveningwear,Runs-Slightly-Small,1,Safari,Desktop-Web,Branded-Teal,Silver,1
209.11,0.433,1,9,50,Footwear,True-to-Size,0,Firefox,Android-App,Branded-Teal,Silver,1
441.22,0.224,1,10,0,Casual-Tops,True-to-Size,0,Edge,Desktop-Web,Minimal-White,Silver,1
171.98,0.353,0,1,40,Accessories,Runs-Slightly-Small,0,Firefox,Desktop-Web,Branded-Teal,Gold,0
353.05,0.218,0,2,20,Casual-Tops,Inconsistent-Sizing,0,Safari,Android-App,Branded-Teal,Gold,1
190.78,0.227,0,4,30,Accessories,Runs-Slightly-Small,0,Chrome,iOS-App,Branded-Teal,Platinum,0
160.45,0.248,1,6,10,Footwear,Runs-Slightly-Small,1,Safari,iOS-App,Branded-Teal,Platinum,1
397.84,0.094,0,8,40,Footwear,True-to-Size,1,Safari,Desktop-Web,Branded-Teal,Gold,0
399.7,0.237,0,2,20,Footwear,True-to-Size,1,Firefox,Android-App,Branded-Teal,Platinum,0
233.45,0.256,0,9,10,Accessories,True-to-Size,0,Edge,Android-App,Branded-Teal,Silver,0
61.41,0.185,1,8,0,Footwear,Runs-Slightly-Small,0,Chrome,iOS-App,Kraft-Brown,Gold,1
25.23,0.404,0,2,30,Accessories,True-to-Size,1,Chrome,Android-App,Kraft-Brown,Platinum,0
423.92,0.116,1,8,10,Casual-Tops,Runs-Slightly-Small,0,Firefox,Desktop-Web,Branded-Teal,Gold,1
402.12,0.315,0,4,10,Casual-Tops,Inconsistent-Sizing,0,Edge,Android-App,Branded-Teal,Platinum,1
449.22,0.419,0,5,40,Casual-Tops,Runs-Slightly-Small,1,Chrome,Android-App,Minimal-White,Silver,1
441.81,0.177,0,11,0,Casual-Tops,True-to-Size,0,Chrome,Android-App,Branded-Teal,Platinum,1
311.85,0.203,1,9,20,Casual-Tops,True-to-Size,0,Chrome,iOS-App,Kraft-Brown,Gold,1
32.5,0.305,0,3,40,Footwear,Runs-Slightly-Small,1,Firefox,iOS-App,Minimal-White,Silver,0
123.6,0.24,0,8,0,Formal-Eveningwear,Runs-Slightly-Small,0,Firefox,Desktop-Web,Minimal-White,Gold,1
309.11,0.346,1,5,0,Footwear,Inconsistent-Sizing,1,Safari,iOS-App,Branded-Teal,Silver,1
237.17,0.124,0,1,50,Casual-Tops,True-to-Size,1,Firefox,Android-App,Branded-Teal,Silver,0
431.76,0.198,0,11,40,Footwear,True-to-Size,0,Firefox,iOS-App,Kraft-Brown,Silver,1
314.32,0.157,1,3,0,Formal-Eveningwear,Runs-Slightly-Small,0,Safari,iOS-App,Kraft-Brown,Platinum,1
318.9,0.218,0,10,30,Footwear,Runs-Slightly-Small,1,Safari,Desktop-Web,Kraft-Brown,Silver,1
154.58,0.312,0,5,20,Casual-Tops,Runs-Slightly-Small,1,Edge,Desktop-Web,Kraft-Brown,Platinum,1
144.67,0.358,1,8,30,Casual-Tops,Runs-Slightly-Small,0,Edge,iOS-App,Minimal-White,Platinum,1
396.15,0.486,1,6,50,Casual-Tops,Runs-Slightly-Small,1,Edge,Android-App,Minimal-White,Gold,1
417.43,0.372,1,8,40,Footwear,Inconsistent-Sizing,0,Firefox,Desktop-Web,Minimal-White,Platinum,1
79.39,0.369,0,7,30,Casual-Tops,True-to-Size,1,Safari,Android-App,Minimal-White,Silver,0
82.24,0.533,1,2,50,Accessories,True-to-Size,1,Firefox,Desktop-Web,Branded-Teal,Gold,0
61.67,0.242,0,9,50,Casual-Tops,Inconsistent-Sizing,1,Edge,Android-App,Branded-Teal,Platinum,0
408.76,0.223,1,2,20,Footwear,Inconsistent-Sizing,1,Firefox,iOS-App,Branded-Teal,Platinum,1
330.48,0.292,0,4,0,Accessories,True-to-Size,0,Chrome,Desktop-Web,Minimal-White,Gold,0
91.61,0.594,1,8,0,Casual-Tops,True-to-Size,1,Firefox,Desktop-Web,Branded-Teal,Platinum,1
313.6,0.349,1,5,0,Casual-Tops,True-to-Size,1,Firefox,Android-App,Minimal-White,Gold,1
274.6,0.094,0,3,0,Accessories,True-to-Size,1,Chrome,iOS-App,Kraft-Brown,Gold,0
396.51,0.279,0,11,20,Footwear,True-to-Size,1,Firefox,Desktop-Web,Branded-Teal,Silver,1
100.87,0.251,0,9,30,Formal-Eveningwear,Runs-Slightly-Small,1,Firefox,iOS-App,Kraft-Brown,Silver,1
406.84,0.492,1,4,40,Formal-Eveningwear,True-to-Size,0,Edge,Android-App,Branded-Teal,Silver,1
257.62,0.206,1,7,20,Accessories,Runs-Slightly-Small,0,Chrome,iOS-App,Kraft-Brown,Silver,1
286.88,0.297,0,11,40,Accessories,True-to-Size,1,Safari,Desktop-Web,Branded-Teal,Gold,0
81.04,0.078,1,1,30,Casual-Tops,Runs-Slightly-Small,1,Edge,Android-App,Branded-Teal,Gold,0
304.01,0.114,1,8,10,Casual-Tops,Runs-Slightly-Small,1,Edge,Desktop-Web,Kraft-Brown,Silver,1
261.72,0.283,0,3,50,Casual-Tops,Runs-Slightly-Small,1,Firefox,Desktop-Web,Branded-Teal,Silver,0
419.1,0.188,0,8,0,Accessories,True-to-Size,0,Firefox,Android-App,Branded-Teal,Platinum,0
222.11,0.456,0,11,0,Casual-Tops,Runs-Slightly-Small,0,Chrome,Desktop-Web,Minimal-White,Gold,1
123.97,0.414,0,6,0,Footwear,True-to-Size,0,Edge,Desktop-Web,Minimal-White,Gold,0
205.57,0.109,1,4,0,Accessories,Runs-Slightly-Small,1,Edge,Android-App,Kraft-Brown,Silver,1
206.34,0.103,0,3,40,Footwear,True-to-Size,1,Edge,Android-App,Minimal-White,Gold,0
378.13,0.128,0,3,50,Accessories,Inconsistent-Sizing,1,Chrome,Desktop-Web,Minimal-White,Gold,0
260.18,0.15,1,9,10,Casual-Tops,True-to-Size,1,Edge,iOS-App,Branded-Teal,Platinum,1
199.12,0.236,1,9,20,Accessories,True-to-Size,0,Firefox,Android-App,Branded-Teal,Platinum,1
43.65,0.481,0,1,0,Formal-Eveningwear,Runs-Slightly-Small,1,Chrome,Desktop-Web,Kraft-Brown,Silver,1
410.14,0.346,0,6,30,Formal-Eveningwear,Inconsistent-Sizing,1,Edge,iOS-App,Kraft-Brown,Silver,1
375.97,0.344,1,9,0,Footwear,Runs-Slightly-Small,0,Firefox,iOS-App,Minimal-White,Silver,1
293.17,0.102,0,10,20,Accessories,True-to-Size,1,Chrome,Android-App,Minimal-White,Gold,0
186.19,0.136,1,9,30,Footwear,Runs-Slightly-Small,0,Edge,Desktop-Web,Kraft-Brown,Platinum,1
200.18,0.085,1,11,10,Formal-Eveningwear,Runs-Slightly-Small,0,Safari,Desktop-Web,Kraft-Brown,Platinum,1
273.89,0.348,0,4,40,Formal-Eveningwear,Inconsistent-Sizing,1,Chrome,Desktop-Web,Minimal-White,Silver,1
87.02,0.178,1,7,0,Formal-Eveningwear,Runs-Slightly-Small,0,Chrome,iOS-App,Minimal-White,Platinum,1
305.04,0.451,0,9,40,Formal-Eveningwear,True-to-Size,0,Safari,Desktop-Web,Kraft-Brown,Silver,1
287.63,0.301,0,6,10,Casual-Tops,Runs-Slightly-Small,1,Safari,Desktop-Web,Kraft-Brown,Gold,1
367.71,0.727,0,6,50,Casual-Tops,True-to-Size,1,Safari,Android-App,Minimal-White,Gold,1
368.8,0.215,0,2,0,Casual-Tops,True-to-Size,0,Firefox,Desktop-Web,Branded-Teal,Platinum,0
213,0.743,0,8,40,Casual-Tops,Inconsistent-Sizing,0,Edge,Desktop-Web,Kraft-Brown,Platinum,1
46.51,0.34,0,9,10,Formal-Eveningwear,Runs-Slightly-Small,1,Edge,iOS-App,Minimal-White,Platinum,1
81.23,0.04,1,10,0,Formal-Eveningwear,Inconsistent-Sizing,0,Safari,Android-App,Kraft-Brown,Silver,1
176.67,0.177,0,2,40,Footwear,True-to-Size,0,Chrome,Desktop-Web,Kraft-Brown,Platinum,0
123.05,0.103,1,3,10,Footwear,True-to-Size,0,Safari,iOS-App,Kraft-Brown,Silver,1
392.53,0.537,1,1,30,Footwear,Runs-Slightly-Small,0,Chrome,iOS-App,Branded-Teal,Platinum,1
286.96,0.329,1,11,30,Casual-Tops,Runs-Slightly-Small,1,Firefox,iOS-App,Branded-Teal,Gold,1
98.19,0.136,1,6,0,Casual-Tops,True-to-Size,1,Safari,Desktop-Web,Kraft-Brown,Platinum,1
57.24,0.759,0,7,30,Footwear,True-to-Size,0,Firefox,iOS-App,Minimal-White,Silver,0
364.87,0.159,0,2,10,Casual-Tops,Inconsistent-Sizing,1,Chrome,iOS-App,Kraft-Brown,Gold,1
352.14,0.312,0,11,20,Accessories,True-to-Size,1,Chrome,iOS-App,Kraft-Brown,Silver,0
368.34,0.191,0,6,20,Casual-Tops,Runs-Slightly-Small,0,Chrome,iOS-App,Minimal-White,Platinum,1
208.22,0.356,0,7,10,Formal-Eveningwear,Inconsistent-Sizing,1,Chrome,iOS-App,Kraft-Brown,Gold,1
94.78,0.187,0,11,0,Formal-Eveningwear,Inconsistent-Sizing,0,Safari,Desktop-Web,Kraft-Brown,Platinum,1
185.87,0.209,1,1,10,Formal-Eveningwear,True-to-Size,1,Chrome,Desktop-Web,Kraft-Brown,Gold,1
49.18,0.404,0,2,0,Accessories,Runs-Slightly-Small,1,Chrome,Android-App,Kraft-Brown,Silver,0
88.96,0.166,1,3,50,Casual-Tops,True-to-Size,1,Edge,Desktop-Web,Kraft-Brown,Silver,0
210.52,0.276,0,11,0,Formal-Eveningwear,Inconsistent-Sizing,0,Firefox,iOS-App,Kraft-Brown,Gold,1
70.97,0.29,1,8,0,Casual-Tops,True-to-Size,1,Edge,Android-App,Kraft-Brown,Gold,1
346.27,0.265,0,9,40,Formal-Eveningwear,Inconsistent-Sizing,0,Safari,Android-App,Minimal-White,Gold,1
100.44,0.48,1,11,0,Casual-Tops,True-to-Size,1,Safari,Desktop-Web,Kraft-Brown,Gold,1
65.01,0.392,0,4,50,Footwear,Inconsistent-Sizing,1,Edge,Android-App,Kraft-Brown,Silver,1
269.4,0.329,0,4,0,Footwear,True-to-Size,0,Edge,Android-App,Kraft-Brown,Platinum,1
104.53,0.293,1,11,50,Footwear,True-to-Size,1,Edge,iOS-App,Minimal-White,Silver,1
220.29,0.345,1,1,0,Casual-Tops,True-to-Size,0,Edge,iOS-App,Kraft-Brown,Gold,1
441.07,0.082,0,7,30,Formal-Eveningwear,True-to-Size,1,Chrome,Android-App,Branded-Teal,Silver,1
247.09,0.25,1,7,50,Formal-Eveningwear,Inconsistent-Sizing,1,Edge,Desktop-Web,Kraft-Brown,Gold,1
338.83,0.249,1,5,20,Casual-Tops,Runs-Slightly-Small,1,Chrome,Desktop-Web,Branded-Teal,Silver,1
27.69,0.173,0,3,30,Formal-Eveningwear,Runs-Slightly-Small,0,Chrome,Android-App,Kraft-Brown,Silver,0
225.58,0.111,0,5,10,Casual-Tops,True-to-Size,1,Edge,iOS-App,Branded-Teal,Platinum,0
118.39,0.06,0,11,20,Casual-Tops,Runs-Slightly-Small,1,Firefox,Android-App,Kraft-Brown,Gold,0
157.53,0.19,0,11,0,Formal-Eveningwear,Runs-Slightly-Small,1,Firefox,iOS-App,Kraft-Brown,Gold,1
419.95,0.256,0,3,50,Accessories,Runs-Slightly-Small,0,Firefox,iOS-App,Minimal-White,Platinum,0
303.18,0.124,0,4,0,Formal-Eveningwear,Inconsistent-Sizing,0,Safari,iOS-App,Branded-Teal,Gold,1
157.61,0.127,0,1,30,Footwear,Runs-Slightly-Small,0,Edge,Desktop-Web,Branded-Teal,Platinum,0
36.79,0.429,1,3,40,Formal-Eveningwear,Inconsistent-Sizing,1,Edge,Desktop-Web,Minimal-White,Platinum,1
171.64,0.609,0,1,50,Footwear,Inconsistent-Sizing,0,Edge,Desktop-Web,Minimal-White,Gold,1
94.57,0.386,1,5,20,Formal-Eveningwear,True-to-Size,1,Chrome,Android-App,Branded-Teal,Platinum,1
293.82,0.27,0,3,0,Formal-Eveningwear,True-to-Size,0,Safari,Android-App,Branded-Teal,Gold,1
360.77,0.116,1,8,0,Casual-Tops,Runs-Slightly-Small,0,Chrome,Desktop-Web,Branded-Teal,Gold,1
151.07,0.091,0,11,0,Casual-Tops,Runs-Slightly-Small,1,Chrome,Desktop-Web,Minimal-White,Gold,1
328.07,0.27,0,7,20,Footwear,True-to-Size,0,Firefox,iOS-App,Kraft-Brown,Silver,1
194.57,0.12,1,6,0,Casual-Tops,True-to-Size,1,Firefox,Android-App,Kraft-Brown,Gold,1
193.96,0.278,0,5,20,Casual-Tops,True-to-Size,1,Firefox,Android-App,Minimal-White,Silver,0
440.74,0.357,1,1,40,Casual-Tops,True-to-Size,0,Firefox,Desktop-Web,Branded-Teal,Silver,1
268.25,0.226,1,6,40,Casual-Tops,True-to-Size,1,Firefox,iOS-App,Branded-Teal,Platinum,1
291.98,0.558,0,2,20,Footwear,True-to-Size,0,Edge,Android-App,Minimal-White,Gold,1
125.97,0.2,1,7,20,Casual-Tops,True-to-Size,0,Edge,iOS-App,Kraft-Brown,Gold,1
31.51,0.452,1,4,0,Formal-Eveningwear,True-to-Size,0,Chrome,Desktop-Web,Branded-Teal,Silver,1
302.46,0.514,0,11,20,Casual-Tops,True-to-Size,0,Firefox,Desktop-Web,Kraft-Brown,Silver,1
117.75,0.388,0,3,50,Accessories,True-to-Size,1,Edge,Desktop-Web,Branded-Teal,Silver,0
170.88,0.436,0,1,10,Footwear,Runs-Slightly-Small,1,Chrome,Android-App,Branded-Teal,Silver,1
385.61,0.079,1,2,10,Footwear,True-to-Size,0,Safari,Android-App,Branded-Teal,Gold,1
35.77,0.232,1,3,40,Footwear,Inconsistent-Sizing,1,Safari,Android-App,Minimal-White,Gold,1
372.08,0.759,1,10,10,Casual-Tops,Runs-Slightly-Small,1,Chrome,iOS-App,Minimal-White,Gold,1
290.53,0.383,0,11,20,Accessories,Runs-Slightly-Small,0,Safari,Android-App,Branded-Teal,Gold,1
156.33,0.296,0,6,40,Casual-Tops,Runs-Slightly-Small,1,Edge,Desktop-Web,Branded-Teal,Platinum,0
292.73,0.192,1,1,50,Casual-Tops,Runs-Slightly-Small,0,Chrome,iOS-App,Kraft-Brown,Silver,1
141.77,0.145,0,5,50,Accessories,True-to-Size,0,Chrome,iOS-App,Kraft-Brown,Gold,0
333.6,0.228,1,2,10,Accessories,True-to-Size,0,Chrome,Android-App,Minimal-White,Gold,1
376.04,0.439,0,7,0,Accessories,Runs-Slightly-Small,1,Firefox,Android-App,Minimal-White,Platinum,1
220.31,0.158,0,1,20,Casual-Tops,Runs-Slightly-Small,1,Firefox,Desktop-Web,Branded-Teal,Platinum,0
320.77,0.105,0,2,30,Casual-Tops,Runs-Slightly-Small,1,Chrome,Android-App,Minimal-White,Silver,0
102.24,0.047,1,7,0,Casual-Tops,Runs-Slightly-Small,0,Firefox,iOS-App,Kraft-Brown,Silver,1
150.1,0.309,0,5,30,Accessories,Inconsistent-Sizing,0,Safari,Desktop-Web,Minimal-White,Silver,0
324.77,0.211,0,1,0,Casual-Tops,True-to-Size,1,Safari,iOS-App,Branded-Teal,Silver,0
406.73,0.28,0,8,0,Accessories,Runs-Slightly-Small,0,Chrome,Desktop-Web,Kraft-Brown,Platinum,1
135.98,0.232,0,5,10,Footwear,True-to-Size,0,Edge,Desktop-Web,Kraft-Brown,Silver,0
84.3,0.249,0,2,0,Footwear,Inconsistent-Sizing,0,Safari,Android-App,Branded-Teal,Silver,1
231.02,0.171,0,4,50,Casual-Tops,Inconsistent-Sizing,1,Safari,Android-App,Kraft-Brown,Platinum,0
146.96,0.306,0,10,10,Accessories,Runs-Slightly-Small,1,Safari,Android-App,Kraft-Brown,Gold,0
353.73,0.158,0,7,20,Footwear,Runs-Slightly-Small,1,Chrome,iOS-App,Minimal-White,Gold,1
282.13,0.559,1,9,0,Accessories,Runs-Slightly-Small,1,Chrome,Desktop-Web,Minimal-White,Platinum,1
350.7,0.154,0,7,20,Accessories,Runs-Slightly-Small,1,Edge,iOS-App,Minimal-White,Silver,0
352.11,0.297,0,6,20,Formal-Eveningwear,True-to-Size,1,Safari,Android-App,Kraft-Brown,Silver,1
104.76,0.072,0,6,40,Accessories,Runs-Slightly-Small,0,Firefox,iOS-App,Minimal-White,Silver,0
258.35,0.179,1,10,40,Formal-Eveningwear,True-to-Size,0,Chrome,Desktop-Web,Minimal-White,Platinum,1
200.52,0.242,0,9,20,Footwear,True-to-Size,0,Firefox,Android-App,Minimal-White,Silver,1
238.74,0.093,1,5,10,Accessories,Runs-Slightly-Small,1,Firefox,Desktop-Web,Kraft-Brown,Gold,1
374.13,0.241,0,10,50,Casual-Tops,Runs-Slightly-Small,1,Safari,Desktop-Web,Branded-Teal,Platinum,1
41,0.128,0,9,30,Footwear,Inconsistent-Sizing,0,Safari,Android-App,Branded-Teal,Silver,1
439.99,0.189,1,3,20,Formal-Eveningwear,True-to-Size,1,Firefox,iOS-App,Kraft-Brown,Platinum,1
184.69,0.318,1,2,30,Accessories,Inconsistent-Sizing,1,Chrome,Android-App,Kraft-Brown,Gold,1
420.42,0.31,0,9,20,Casual-Tops,Inconsistent-Sizing,0,Chrome,Desktop-Web,Branded-Teal,Platinum,1
143.95,0.187,0,4,30,Casual-Tops,True-to-Size,0,Edge,Desktop-Web,Branded-Teal,Platinum,0
108.21,0.077,0,9,10,Casual-Tops,Inconsistent-Sizing,0,Safari,Desktop-Web,Branded-Teal,Platinum,1
442.51,0.17,0,10,10,Footwear,Runs-Slightly-Small,1,Firefox,iOS-App,Kraft-Brown,Silver,1
359.18,0.506,0,4,50,Formal-Eveningwear,Inconsistent-Sizing,0,Safari,Desktop-Web,Branded-Teal,Platinum,1
359.94,0.389,0,6,0,Formal-Eveningwear,Runs-Slightly-Small,1,Safari,Desktop-Web,Minimal-White,Platinum,1
243.27,0.03,0,1,30,Accessories,Runs-Slightly-Small,1,Firefox,Desktop-Web,Kraft-Brown,Platinum,0
438.68,0.409,1,9,10,Casual-Tops,True-to-Size,1,Firefox,Android-App,Branded-Teal,Silver,1
344.26,0.19,0,7,0,Casual-Tops,True-to-Size,1,Edge,iOS-App,Branded-Teal,Platinum,1
168.12,0.395,0,6,20,Accessories,Runs-Slightly-Small,1,Edge,iOS-App,Kraft-Brown,Gold,0
443.91,0.414,0,11,10,Casual-Tops,True-to-Size,1,Safari,Desktop-Web,Branded-Teal,Silver,1
413.77,0.3,0,11,20,Footwear,True-to-Size,1,Chrome,Android-App,Branded-Teal,Platinum,1
189.21,0.078,1,2,50,Casual-Tops,True-to-Size,0,Safari,iOS-App,Kraft-Brown,Platinum,0
62.71,0.224,0,4,20,Accessories,True-to-Size,0,Safari,Android-App,Kraft-Brown,Silver,0
314.47,0.572,1,5,20,Casual-Tops,True-to-Size,0,Safari,iOS-App,Branded-Teal,Platinum,1
432.73,0.275,1,9,30,Casual-Tops,Inconsistent-Sizing,0,Safari,iOS-App,Kraft-Brown,Silver,1
239.63,0.359,0,9,50,Footwear,Runs-Slightly-Small,1,Edge,iOS-App,Branded-Teal,Platinum,1
162.72,0.027,1,1,40,Casual-Tops,True-to-Size,1,Firefox,Android-App,Branded-Teal,Platinum,0
314.99,0.208,0,9,50,Casual-Tops,Inconsistent-Sizing,1,Firefox,iOS-App,Branded-Teal,Platinum,1
378.43,0.277,0,5,30,Casual-Tops,True-to-Size,1,Edge,Desktop-Web,Kraft-Brown,Silver,0
43.75,0.552,1,2,0,Casual-Tops,Inconsistent-Sizing,0,Edge,Android-App,Minimal-White,Gold,1
393.28,0.446,1,6,50,Casual-Tops,Runs-Slightly-Small,0,Edge,Android-App,Minimal-White,Silver,1
252.18,0.415,0,7,50,Casual-Tops,True-to-Size,1,Edge,Desktop-Web,Minimal-White,Silver,0
413.57,0.203,0,8,20,Casual-Tops,Inconsistent-Sizing,1,Safari,Android-App,Branded-Teal,Platinum,1
238.02,0.165,1,7,50,Accessories,Runs-Slightly-Small,1,Chrome,Desktop-Web,Minimal-White,Platinum,1
40.55,0.071,0,1,40,Formal-Eveningwear,Runs-Slightly-Small,0,Edge,Android-App,Minimal-White,Platinum,0
168.38,0.541,0,6,40,Formal-Eveningwear,Inconsistent-Sizing,0,Firefox,Android-App,Minimal-White,Platinum,1
382.95,0.237,0,1,0,Accessories,Runs-Slightly-Small,0,Edge,iOS-App,Kraft-Brown,Silver,1
229.45,0.335,0,10,50,Casual-Tops,True-to-Size,0,Firefox,iOS-App,Kraft-Brown,Gold,0
424.7,0.292,0,6,50,Formal-Eveningwear,Runs-Slightly-Small,1,Chrome,iOS-App,Kraft-Brown,Platinum,1
122.62,0.33,0,3,30,Footwear,True-to-Size,1,Edge,Android-App,Kraft-Brown,Platinum,0
314.25,0.194,1,6,50,Casual-Tops,Runs-Slightly-Small,1,Firefox,Desktop-Web,Branded-Teal,Platinum,1
88.18,0.343,0,6,0,Footwear,Inconsistent-Sizing,1,Safari,Desktop-Web,Minimal-White,Gold,1
341.23,0.156,1,2,10,Formal-Eveningwear,Runs-Slightly-Small,0,Safari,iOS-App,Branded-Teal,Silver,1
118.21,0.323,1,5,50,Accessories,Inconsistent-Sizing,1,Firefox,iOS-App,Kraft-Brown,Platinum,1
234.9,0.13,1,11,30,Casual-Tops,Runs-Slightly-Small,0,Chrome,Desktop-Web,Kraft-Brown,Gold,1
443.88,0.23,0,4,30,Casual-Tops,Inconsistent-Sizing,1,Safari,Desktop-Web,Minimal-White,Platinum,1
115.3,0.09,1,6,50,Formal-Eveningwear,Runs-Slightly-Small,1,Firefox,Android-App,Kraft-Brown,Silver,1
78.68,0.062,1,7,10,Accessories,True-to-Size,1,Chrome,Android-App,Kraft-Brown,Platinum,0
339.49,0.596,0,10,30,Formal-Eveningwear,Runs-Slightly-Small,1,Firefox,Desktop-Web,Minimal-White,Silver,1
269.43,0.288,1,1,10,Accessories,True-to-Size,0,Edge,Desktop-Web,Minimal-White,Gold,0
220.27,0.397,0,1,40,Footwear,Inconsistent-Sizing,0,Firefox,Desktop-Web,Branded-Teal,Silver,1
321.71,0.202,1,11,0,Formal-Eveningwear,Runs-Slightly-Small,1,Chrome,iOS-App,Kraft-Brown,Gold,1
318.46,0.201,0,9,50,Casual-Tops,Runs-Slightly-Small,1,Firefox,iOS-App,Branded-Teal,Platinum,0
186.02,0.084,0,8,50,Footwear,Runs-Slightly-Small,0,Safari,Android-App,Branded-Teal,Silver,1
350.5,0.14,0,4,10,Accessories,Inconsistent-Sizing,1,Edge,Desktop-Web,Minimal-White,Platinum,1
120.47,0.691,0,9,0,Casual-Tops,Runs-Slightly-Small,1,Chrome,iOS-App,Branded-Teal,Silver,1
185.43,0.31,0,9,20,Footwear,Runs-Slightly-Small,0,Safari,Android-App,Minimal-White,Silver,1
180.35,0.378,1,2,20,Formal-Eveningwear,True-to-Size,0,Safari,iOS-App,Minimal-White,Silver,1
112.02,0.353,0,9,30,Footwear,True-to-Size,0,Safari,Android-App,Minimal-White,Gold,0
35.86,0.284,0,4,30,Footwear,Runs-Slightly-Small,0,Safari,iOS-App,Kraft-Brown,Gold,0
293.7,0.364,0,4,10,Footwear,Inconsistent-Sizing,1,Safari,Android-App,Branded-Teal,Gold,1
84.77,0.482,0,8,10,Footwear,True-to-Size,0,Safari,Android-App,Minimal-White,Platinum,1
294.66,0.236,1,4,40,Footwear,True-to-Size,0,Firefox,Desktop-Web,Kraft-Brown,Silver,1
110.08,0.422,0,5,40,Footwear,Inconsistent-Sizing,1,Chrome,Desktop-Web,Branded-Teal,Silver,1
204.02,0.567,0,3,50,Accessories,Inconsistent-Sizing,1,Safari,Android-App,Kraft-Brown,Platinum,0
165.02,0.134,0,3,50,Formal-Eveningwear,True-to-Size,0,Firefox,iOS-App,Kraft-Brown,Platinum,0
398.1,0.468,0,7,20,Formal-Eveningwear,True-to-Size,1,Chrome,Android-App,Minimal-White,Silver,1
138.16,0.213,1,4,50,Formal-Eveningwear,True-to-Size,1,Safari,Desktop-Web,Kraft-Brown,Gold,1
362.03,0.126,0,2,20,Footwear,Runs-Slightly-Small,1,Chrome,Android-App,Kraft-Brown,Gold,1
214.54,0.5,0,8,0,Casual-Tops,True-to-Size,1,Chrome,iOS-App,Minimal-White,Silver,1
60.67,0.291,1,7,40,Casual-Tops,True-to-Size,1,Safari,Android-App,Branded-Teal,Gold,0
387.5,0.281,1,10,0,Formal-Eveningwear,True-to-Size,1,Firefox,iOS-App,Kraft-Brown,Platinum,1
383.12,0.308,1,8,30,Formal-Eveningwear,True-to-Size,1,Edge,Android-App,Minimal-White,Silver,1
402.68,0.239,0,1,10,Accessories,True-to-Size,1,Safari,Android-App,Minimal-White,Platinum,0
369.27,0.29,0,9,30,Formal-Eveningwear,Runs-Slightly-Small,1,Safari,iOS-App,Kraft-Brown,Platinum,1
219.23,0.447,1,1,0,Accessories,Inconsistent-Sizing,0,Firefox,Desktop-Web,Branded-Teal,Gold,1
165.61,0.406,1,6,30,Accessories,True-to-Size,1,Safari,Desktop-Web,Branded-Teal,Silver,1
86.62,0.485,0,4,20,Formal-Eveningwear,Runs-Slightly-Small,0,Chrome,Desktop-Web,Branded-Teal,Silver,1
37.2,0.263,0,11,40,Footwear,True-to-Size,1,Firefox,Desktop-Web,Kraft-Brown,Gold,0
109.92,0.208,0,1,40,Accessories,True-to-Size,0,Firefox,Desktop-Web,Minimal-White,Silver,0
372.85,0.306,0,4,0,Casual-Tops,Inconsistent-Sizing,0,Edge,Desktop-Web,Kraft-Brown,Platinum,1
41.07,0.372,0,10,0,Footwear,Inconsistent-Sizing,1,Chrome,iOS-App,Minimal-White,Platinum,1
443.97,0.073,0,11,10,Footwear,Runs-Slightly-Small,0,Firefox,Android-App,Kraft-Brown,Platinum,1
184.1,0.042,1,2,10,Casual-Tops,Runs-Slightly-Small,0,Edge,Desktop-Web,Branded-Teal,Gold,1
119.31,0.507,0,10,40,Footwear,True-to-Size,0,Chrome,Desktop-Web,Kraft-Brown,Silver,1
249.28,0.576,0,11,40,Formal-Eveningwear,Inconsistent-Sizing,0,Chrome,iOS-App,Minimal-White,Silver,1
434.5,0.591,0,6,30,Casual-Tops,True-to-Size,0,Safari,Desktop-Web,Branded-Teal,Platinum,1
261.62,0.543,0,3,10,Accessories,True-to-Size,0,Edge,Desktop-Web,Minimal-White,Platinum,0
115.69,0.05,1,8,20,Footwear,True-to-Size,1,Firefox,iOS-App,Minimal-White,Platinum,1
426.14,0.353,0,3,0,Accessories,True-to-Size,0,Safari,Android-App,Minimal-White,Silver,0
251.42,0.164,0,1,20,Formal-Eveningwear,True-to-Size,0,Safari,iOS-App,Minimal-White,Platinum,0
252.7,0.277,0,7,0,Footwear,True-to-Size,0,Chrome,Android-App,Kraft-Brown,Platinum,1
396.29,0.45,1,11,50,Footwear,Runs-Slightly-Small,1,Safari,iOS-App,Branded-Teal,Silver,1
171.27,0.151,1,2,40,Casual-Tops,True-to-Size,1,Safari,Desktop-Web,Minimal-White,Silver,0
209.19,0.112,1,9,30,Accessories,Inconsistent-Sizing,1,Edge,Desktop-Web,Kraft-Brown,Silver,1
61.93,0.335,1,4,10,Formal-Eveningwear,Runs-Slightly-Small,1,Chrome,iOS-App,Kraft-Brown,Platinum,1
232.6,0.321,0,7,50,Footwear,True-to-Size,1,Chrome,Android-App,Minimal-White,Platinum,0
343.17,0.463,1,6,20,Accessories,Inconsistent-Sizing,1,Safari,Android-App,Branded-Teal,Silver,1
88.73,0.158,1,3,0,Footwear,Inconsistent-Sizing,0,Safari,iOS-App,Kraft-Brown,Gold,1
199.63,0.184,0,11,50,Casual-Tops,Runs-Slightly-Small,0,Safari,Desktop-Web,Kraft-Brown,Gold,0
328.93,0.342,0,10,10,Casual-Tops,Runs-Slightly-Small,0,Safari,Android-App,Branded-Teal,Silver,1
430.41,0.526,1,5,0,Formal-Eveningwear,Inconsistent-Sizing,1,Safari,Android-App,Minimal-White,Silver,1
439.91,0.108,0,2,20,Footwear,True-to-Size,0,Firefox,Android-App,Minimal-White,Gold,0
341.69,0.308,0,3,30,Footwear,Runs-Slightly-Small,0,Safari,Android-App,Branded-Teal,Silver,1
159.58,0.095,0,9,30,Footwear,True-to-Size,1,Firefox,Desktop-Web,Kraft-Brown,Platinum,0
185.51,0.092,0,1,0,Casual-Tops,Runs-Slightly-Small,0,Chrome,Desktop-Web,Branded-Teal,Platinum,0
91.21,0.474,1,7,50,Casual-Tops,Inconsistent-Sizing,0,Chrome,iOS-App,Branded-Teal,Silver,1
244.4,0.199,1,6,10,Accessories,Runs-Slightly-Small,0,Edge,Android-App,Kraft-Brown,Gold,1
32.36,0.224,0,7,10,Casual-Tops,Inconsistent-Sizing,0,Safari,Android-App,Kraft-Brown,Gold,1
358.23,0.468,0,2,40,Formal-Eveningwear,True-to-Size,1,Edge,Android-App,Kraft-Brown,Platinum,1
443.33,0.27,0,1,0,Footwear,True-to-Size,0,Safari,Android-App,Branded-Teal,Gold,0
143.87,0.257,1,3,10,Footwear,True-to-Size,1,Firefox,Android-App,Minimal-White,Silver,1
317.88,0.152,1,8,0,Footwear,True-to-Size,0,Chrome,Android-App,Minimal-White,Silver,1
171.92,0.285,0,10,0,Accessories,True-to-Size,1,Firefox,Android-App,Minimal-White,Gold,0
387.05,0.103,1,5,40,Footwear,True-to-Size,0,Safari,Android-App,Branded-Teal,Platinum,1
322.14,0.18,1,5,0,Formal-Eveningwear,Inconsistent-Sizing,1,Edge,Android-App,Kraft-Brown,Platinum,1
293.74,0.551,0,6,0,Accessories,Runs-Slightly-Small,1,Edge,Android-App,Minimal-White,Platinum,1
289.86,0.147,0,11,50,Accessories,Runs-Slightly-Small,0,Safari,Android-App,Kraft-Brown,Silver,1
226.08,0.241,1,4,50,Casual-Tops,Runs-Slightly-Small,1,Chrome,Android-App,Branded-Teal,Silver,1
368.52,0.573,1,2,30,Casual-Tops,True-to-Size,0,Edge,Android-App,Branded-Teal,Silver,1
265.01,0.11,1,5,10,Formal-Eveningwear,Runs-Slightly-Small,1,Safari,iOS-App,Kraft-Brown,Gold,1
126.41,0.238,1,5,40,Casual-Tops,Inconsistent-Sizing,1,Edge,Desktop-Web,Minimal-White,Gold,1
135.13,0.012,0,8,20,Casual-Tops,Runs-Slightly-Small,0,Safari,Desktop-Web,Kraft-Brown,Platinum,0
429.39,0.318,1,6,50,Casual-Tops,True-to-Size,1,Safari,Android-App,Kraft-Brown,Silver,1
31.21,0.201,1,7,10,Footwear,Inconsistent-Sizing,1,Safari,iOS-App,Kraft-Brown,Platinum,1
443.02,0.373,0,9,10,Formal-Eveningwear,True-to-Size,0,Chrome,Android-App,Branded-Teal,Silver,1
333.3,0.43,1,8,0,Footwear,Runs-Slightly-Small,1,Chrome,iOS-App,Kraft-Brown,Gold,1
395.11,0.504,0,11,40,Formal-Eveningwear,Inconsistent-Sizing,1,Firefox,Android-App,Branded-Teal,Platinum,1
98.96,0.31,0,2,30,Formal-Eveningwear,True-to-Size,0,Safari,Desktop-Web,Minimal-White,Gold,0
331.24,0.56,1,1,0,Casual-Tops,Runs-Slightly-Small,0,Safari,iOS-App,Minimal-White,Platinum,1
353.06,0.287,0,5,0,Footwear,True-to-Size,0,Chrome,Android-App,Kraft-Brown,Gold,1
176.38,0.407,1,7,30,Footwear,Runs-Slightly-Small,0,Safari,Android-App,Kraft-Brown,Gold,1
359.85,0.361,0,1,50,Casual-Tops,Runs-Slightly-Small,1,Firefox,Desktop-Web,Kraft-Brown,Silver,0
348.75,0.144,0,1,10,Footwear,True-to-Size,0,Edge,Android-App,Minimal-White,Silver,0
440.6,0.251,0,10,20,Casual-Tops,True-to-Size,1,Firefox,Android-App,Branded-Teal,Gold,1
326.71,0.126,1,3,0,Accessories,True-to-Size,0,Safari,iOS-App,Kraft-Brown,Silver,1
51.04,0.238,1,3,50,Footwear,True-to-Size,1,Safari,Desktop-Web,Minimal-White,Silver,0
369.14,0.317,0,7,50,Footwear,True-to-Size,0,Edge,iOS-App,Branded-Teal,Gold,1
54.6,0.307,0,4,50,Formal-Eveningwear,True-to-Size,1,Safari,Android-App,Branded-Teal,Platinum,0
78.56,0.129,1,7,10,Footwear,Runs-Slightly-Small,1,Edge,Android-App,Branded-Teal,Gold,1
400.48,0.218,0,8,0,Casual-Tops,Runs-Slightly-Small,1,Chrome,iOS-App,Branded-Teal,Platinum,1
336.35,0.651,1,4,20,Footwear,True-to-Size,0,Safari,Desktop-Web,Minimal-White,Platinum,1
322.89,0.222,0,7,10,Casual-Tops,Runs-Slightly-Small,0,Safari,iOS-App,Branded-Teal,Silver,1
209.44,0.321,0,4,20,Formal-Eveningwear,Runs-Slightly-Small,1,Chrome,iOS-App,Branded-Teal,Silver,1
26.15,0.411,0,11,50,Formal-Eveningwear,Runs-Slightly-Small,0,Edge,iOS-App,Minimal-White,Platinum,1
55.99,0.152,1,11,50,Casual-Tops,True-to-Size,1,Edge,iOS-App,Kraft-Brown,Gold,0
226.47,0.433,0,1,50,Casual-Tops,True-to-Size,0,Safari,Android-App,Branded-Teal,Silver,0
233.82,0.503,1,4,10,Formal-Eveningwear,Runs-Slightly-Small,1,Firefox,Desktop-Web,Minimal-White,Platinum,1
51.98,0.147,0,10,0,Formal-Eveningwear,True-to-Size,0,Chrome,Android-App,Minimal-White,Gold,1
100.08,0.325,0,3,40,Accessories,Runs-Slightly-Small,1,Chrome,Android-App,Minimal-White,Silver,0
163.32,0.341,0,6,50,Footwear,True-to-Size,0,Edge,Android-App,Minimal-White,Platinum,0
274.13,0.642,1,10,30,Casual-Tops,True-to-Size,0,Safari,iOS-App,Kraft-Brown,Silver,1
209.08,0.266,1,11,10,Footwear,True-to-Size,0,Chrome,iOS-App,Kraft-Brown,Platinum,1
380.74,0.226,1,1,40,Accessories,Inconsistent-Sizing,0,Chrome,Android-App,Kraft-Brown,Silver,1
360.8,0.14,0,5,10,Casual-Tops,True-to-Size,1,Edge,Android-App,Kraft-Brown,Platinum,0
302.3,0.124,0,5,10,Footwear,Inconsistent-Sizing,0,Chrome,iOS-App,Kraft-Brown,Platinum,1
354.76,0.269,0,10,40,Casual-Tops,Runs-Slightly-Small,0,Firefox,iOS-App,Kraft-Brown,Silver,1
82.98,0.172,0,7,50,Accessories,Inconsistent-Sizing,1,Chrome,Desktop-Web,Minimal-White,Platinum,0
297.65,0.366,0,10,0,Accessories,True-to-Size,0,Safari,Desktop-Web,Minimal-White,Gold,0
350.15,0.068,0,10,40,Accessories,True-to-Size,0,Edge,iOS-App,Minimal-White,Platinum,0
62.67,0.307,0,3,10,Casual-Tops,True-to-Size,0,Safari,Android-App,Minimal-White,Gold,0
254.57,0.318,0,3,40,Accessories,True-to-Size,1,Firefox,Desktop-Web,Minimal-White,Silver,0
437.06,0.189,1,10,20,Casual-Tops,Inconsistent-Sizing,1,Safari,Desktop-Web,Branded-Teal,Silver,1
193.69,0.249,0,8,20,Formal-Eveningwear,True-to-Size,1,Firefox,iOS-App,Kraft-Brown,Gold,0
202.9,0.105,0,11,0,Casual-Tops,True-to-Size,0,Firefox,Desktop-Web,Branded-Teal,Platinum,0
257.72,0.333,1,6,0,Footwear,True-to-Size,0,Edge,iOS-App,Minimal-White,Gold,1
392.14,0.165,0,4,0,Footwear,True-to-Size,1,Firefox,Android-App,Kraft-Brown,Silver,1
110.65,0.354,0,5,40,Footwear,Runs-Slightly-Small,0,Firefox,Android-App,Kraft-Brown,Silver,1
217.63,0.569,0,4,10,Casual-Tops,True-to-Size,0,Safari,Desktop-Web,Minimal-White,Gold,1
55.14,0.077,1,3,40,Casual-Tops,True-to-Size,1,Firefox,iOS-App,Kraft-Brown,Gold,0
319.19,0.449,1,11,10,Casual-Tops,True-to-Size,1,Edge,Desktop-Web,Kraft-Brown,Gold,1
430.75,0.263,0,4,0,Casual-Tops,Runs-Slightly-Small,1,Safari,Android-App,Kraft-Brown,Platinum,1
420.04,0.168,0,7,40,Casual-Tops,Runs-Slightly-Small,1,Safari,Desktop-Web,Kraft-Brown,Gold,1
97.75,0.184,0,3,0,Casual-Tops,True-to-Size,0,Safari,Android-App,Kraft-Brown,Gold,0
25.13,0.133,1,7,40,Footwear,True-to-Size,1,Edge,Desktop-Web,Branded-Teal,Silver,0
126.88,0.098,0,5,20,Footwear,True-to-Size,0,Chrome,Desktop-Web,Branded-Teal,Silver,0
104.7,0.518,0,5,20,Formal-Eveningwear,Inconsistent-Sizing,1,Safari,iOS-App,Branded-Teal,Silver,1
224.31,0.44,0,11,40,Casual-Tops,True-to-Size,1,Safari,iOS-App,Kraft-Brown,Platinum,0
170.1,0.078,0,8,40,Casual-Tops,Runs-Slightly-Small,1,Chrome,Desktop-Web,Branded-Teal,Silver,0
317.39,0.162,0,2,0,Accessories,Runs-Slightly-Small,1,Safari,iOS-App,Kraft-Brown,Gold,0
77,0.391,0,3,10,Casual-Tops,True-to-Size,1,Chrome,Desktop-Web,Kraft-Brown,Silver,0
322.28,0.262,0,9,50,Accessories,Inconsistent-Sizing,1,Chrome,Android-App,Kraft-Brown,Gold,1
329.02,0.139,0,7,50,Casual-Tops,True-to-Size,1,Edge,Android-App,Branded-Teal,Gold,0
115.16,0.67,0,2,0,Casual-Tops,True-to-Size,1,Edge,iOS-App,Branded-Teal,Silver,0
435.26,0.298,0,8,10,Formal-Eveningwear,Inconsistent-Sizing,0,Safari,Desktop-Web,Minimal-White,Silver,1
399.01,0.237,1,10,40,Footwear,Inconsistent-Sizing,1,Chrome,Android-App,Minimal-White,Silver,1
217.91,0.258,1,1,40,Casual-Tops,Inconsistent-Sizing,0,Firefox,Android-App,Branded-Teal,Silver,1
176.85,0.625,1,10,10,Formal-Eveningwear,True-to-Size,0,Edge,iOS-App,Branded-Teal,Platinum,1
172.72,0.237,0,5,10,Footwear,Runs-Slightly-Small,0,Firefox,Desktop-Web,Kraft-Brown,Platinum,1
93.36,0.328,0,9,10,Footwear,Inconsistent-Sizing,1,Edge,iOS-App,Branded-Teal,Platinum,1
184.81,0.408,0,1,20,Casual-Tops,True-to-Size,0,Edge,Android-App,Branded-Teal,Gold,0
394.26,0.325,0,9,20,Formal-Eveningwear,True-to-Size,0,Chrome,iOS-App,Branded-Teal,Gold,1
331.41,0.611,0,3,0,Casual-Tops,True-to-Size,1,Edge,iOS-App,Minimal-White,Platinum,1
41,0.289,0,11,0,Formal-Eveningwear,Inconsistent-Sizing,1,Firefox,iOS-App,Branded-Teal,Gold,1
116.93,0.203,0,7,0,Formal-Eveningwear,Inconsistent-Sizing,0,Safari,Android-App,Minimal-White,Platinum,1
296.77,0.079,0,5,10,Accessories,Runs-Slightly-Small,0,Safari,iOS-App,Branded-Teal,Gold,0
352.8,0.074,1,5,40,Footwear,True-to-Size,1,Firefox,Android-App,Kraft-Brown,Platinum,1
326.04,0.312,1,5,50,Casual-Tops,True-to-Size,0,Firefox,Android-App,Kraft-Brown,Platinum,1
67.32,0.113,1,1,0,Casual-Tops,True-to-Size,0,Safari,Desktop-Web,Minimal-White,Platinum,0
431.81,0.349,0,11,0,Casual-Tops,True-to-Size,0,Firefox,iOS-App,Branded-Teal,Platinum,1
447.66,0.16,0,6,30,Formal-Eveningwear,True-to-Size,0,Edge,Desktop-Web,Branded-Teal,Platinum,1
421.56,0.19,0,6,0,Casual-Tops,Inconsistent-Sizing,1,Safari,Android-App,Minimal-White,Platinum,1
417.41,0.338,0,1,40,Casual-Tops,True-to-Size,1,Edge,iOS-App,Kraft-Brown,Silver,0
81.61,0.153,1,7,0,Casual-Tops,True-to-Size,0,Chrome,iOS-App,Kraft-Brown,Silver,1
281.06,0.234,0,4,20,Casual-Tops,True-to-Size,1,Chrome,Desktop-Web,Branded-Teal,Gold,0
365.23,0.288,1,1,30,Formal-Eveningwear,True-to-Size,1,Firefox,Desktop-Web,Branded-Teal,Silver,1
361.77,0.186,1,10,10,Formal-Eveningwear,Inconsistent-Sizing,1,Edge,Desktop-Web,Branded-Teal,Silver,1