creator_followers_k,engagement_rate_pct,paid_boost_spend_usd,avg_watch_time_sec,promo_discount_pct,content_format,audience_intent_tier,caption_word_count,hashtags_used_count,creator_phone_os,contract_payment_terms,posting_day_weather,campaign_revenue_usd
425.4,2.14,1331,35.2,10,Static-Carousel,High-Intent-Niche,35,16,Android,Net-30,Sunny,15192.26
171.3,5.73,3925,25.4,10,YouTube-Deep-Dive,Lifestyle-Warm,26,16,Android,Upfront,Cloudy,20018.44
356.4,8.03,1817,9.4,0,Short-Video-Reel,High-Intent-Niche,43,24,Android,Upfront,Cloudy,21146.87
272.2,7.7,942,32.1,15,Short-Video-Reel,Lifestyle-Warm,113,9,Android,Net-15,Rainy,17639.62
143,6.06,3347,51,20,Short-Video-Reel,Broad-Entertainment,72,18,Android,Net-30,Cloudy,17375.6
416.4,1.78,2575,13.7,25,Short-Video-Reel,High-Intent-Niche,121,24,iOS,Net-15,Cloudy,17996.37
393.2,3.05,1252,12.8,25,YouTube-Deep-Dive,High-Intent-Niche,100,14,Android,Net-15,Cloudy,18538.81
173.4,8.74,793,10.8,20,Short-Video-Reel,Lifestyle-Warm,96,4,iOS,Net-15,Sunny,16009.73
438.3,3.11,1543,28.3,20,Short-Video-Reel,Lifestyle-Warm,86,12,iOS,Net-15,Rainy,17619.51
112.7,8.38,1356,30.7,20,Short-Video-Reel,High-Intent-Niche,82,7,iOS,Net-15,Sunny,16845.69
365.4,8.17,425,33.1,25,Short-Video-Reel,Broad-Entertainment,36,8,Android,Net-30,Sunny,19292.96
311.2,3.96,4278,8.3,10,Short-Video-Reel,High-Intent-Niche,72,13,iOS,Net-30,Sunny,20197.21
219.9,1.06,2104,26.4,0,YouTube-Deep-Dive,Broad-Entertainment,78,20,iOS,Net-15,Rainy,10249.33
28.4,5.26,2753,24,0,YouTube-Deep-Dive,Lifestyle-Warm,139,22,iOS,Upfront,Cloudy,13504.17
404.2,9.39,3394,34,25,Short-Video-Reel,Lifestyle-Warm,75,9,iOS,Upfront,Rainy,29169.01
264.5,0.98,814,7.9,10,Short-Video-Reel,Broad-Entertainment,32,14,Android,Net-30,Sunny,7540.75
184.8,6.48,4225,15.9,5,YouTube-Deep-Dive,Broad-Entertainment,106,14,Android,Net-15,Cloudy,19252.82
169.3,5.94,4104,54.9,0,Short-Video-Reel,Broad-Entertainment,87,16,iOS,Net-30,Rainy,17968.47
298.6,2.63,192,29.2,25,Static-Carousel,Lifestyle-Warm,12,15,Android,Net-30,Sunny,10760.79
166,6.78,1648,16.7,20,Static-Carousel,Broad-Entertainment,138,16,iOS,Net-30,Sunny,11553.51
235.8,1.58,2379,7.5,15,Short-Video-Reel,Lifestyle-Warm,24,2,iOS,Net-15,Sunny,11850.37
176.4,2.39,3351,35,10,Short-Video-Reel,High-Intent-Niche,142,14,iOS,Net-30,Sunny,17081.92
39,7.75,2451,6.5,20,Short-Video-Reel,High-Intent-Niche,79,1,Android,Net-30,Rainy,15888.55
123.9,2.69,4242,35.8,25,Static-Carousel,Lifestyle-Warm,101,3,Android,Upfront,Cloudy,15812.61
380.8,1.02,4182,15.8,10,Short-Video-Reel,High-Intent-Niche,32,11,Android,Net-30,Rainy,18914.4
370.9,4.34,4111,11.2,15,Short-Video-Reel,High-Intent-Niche,117,23,iOS,Net-30,Cloudy,21560.63
305.3,8.09,414,53.6,15,Static-Carousel,High-Intent-Niche,110,16,iOS,Upfront,Rainy,19607.29
219.7,8.91,2619,33.9,10,Short-Video-Reel,Broad-Entertainment,140,19,Android,Upfront,Rainy,19698.2
436.9,9.16,1232,9.2,0,Short-Video-Reel,High-Intent-Niche,28,8,iOS,Upfront,Sunny,23416.22
380.5,3.68,3247,44.2,10,Static-Carousel,Lifestyle-Warm,68,18,Android,Net-30,Sunny,18509.29
121.6,1.96,1712,14.7,5,YouTube-Deep-Dive,Lifestyle-Warm,30,16,iOS,Net-15,Sunny,11262.93
261.9,3.83,3919,20.4,0,Static-Carousel,Broad-Entertainment,58,2,iOS,Net-15,Rainy,13493.85
430.8,2.06,2126,9.6,10,Static-Carousel,High-Intent-Niche,39,3,iOS,Upfront,Rainy,15442.16
356.7,1.2,2888,6.1,5,Short-Video-Reel,Broad-Entertainment,98,12,iOS,Net-15,Rainy,11295.69
175.7,1.75,520,43.2,0,YouTube-Deep-Dive,High-Intent-Niche,27,3,Android,Net-30,Cloudy,12540.59
219.4,6.03,814,13,15,Static-Carousel,Lifestyle-Warm,117,21,Android,Upfront,Cloudy,12557.86
240.3,3.41,1847,35.5,15,YouTube-Deep-Dive,Lifestyle-Warm,37,23,iOS,Net-30,Cloudy,16819.78
407.3,1.79,2937,43.5,5,Static-Carousel,Lifestyle-Warm,15,17,iOS,Net-15,Rainy,15040.7
325.7,5.29,3731,49,0,Short-Video-Reel,High-Intent-Niche,94,11,iOS,Net-15,Sunny,22585.64
188.2,6.3,2891,24.4,15,YouTube-Deep-Dive,Broad-Entertainment,143,19,Android,Net-15,Sunny,18069.68
216,8.45,3926,14.8,0,Short-Video-Reel,Broad-Entertainment,22,8,iOS,Upfront,Cloudy,18805.26
55.2,1,3845,43.6,25,Short-Video-Reel,High-Intent-Niche,147,23,Android,Upfront,Cloudy,17080.85
229,1.72,104,15.3,25,YouTube-Deep-Dive,Lifestyle-Warm,52,21,iOS,Net-15,Cloudy,12147.84
114.6,4.94,4494,50.1,15,Static-Carousel,Lifestyle-Warm,41,4,Android,Net-15,Rainy,18297.25
55.5,8.52,958,48.4,25,Short-Video-Reel,High-Intent-Niche,59,16,Android,Upfront,Sunny,16768.97
54.7,3.3,3147,41.2,20,YouTube-Deep-Dive,High-Intent-Niche,89,11,iOS,Upfront,Rainy,17785.15
108.9,1.29,3057,7.4,25,Short-Video-Reel,High-Intent-Niche,67,4,Android,Net-15,Sunny,14546.18
319.1,3.6,2419,49.7,0,YouTube-Deep-Dive,High-Intent-Niche,148,16,iOS,Net-30,Sunny,19062.11
92.9,7.69,2327,23.2,15,Short-Video-Reel,High-Intent-Niche,100,4,Android,Upfront,Rainy,18369.46
262.2,3.9,1117,24.2,15,Short-Video-Reel,High-Intent-Niche,73,21,Android,Net-15,Sunny,14828.27
277.1,9.06,1691,24.3,15,Short-Video-Reel,High-Intent-Niche,84,22,iOS,Upfront,Rainy,22596.52
435.3,5.56,2694,43.1,10,Static-Carousel,Broad-Entertainment,16,24,iOS,Net-15,Rainy,19471.67
214.3,4.06,2819,47.1,0,Short-Video-Reel,Lifestyle-Warm,65,2,Android,Net-30,Cloudy,15967.14
351.9,1.71,1995,34.1,10,YouTube-Deep-Dive,Broad-Entertainment,21,7,iOS,Net-15,Cloudy,14317.64
30.2,5.42,3037,43.4,10,Static-Carousel,Broad-Entertainment,24,10,iOS,Upfront,Cloudy,10283.25
295.4,1.36,3628,10.6,0,Short-Video-Reel,Broad-Entertainment,94,24,Android,Net-30,Cloudy,11775.4
441.4,5.25,964,21.8,5,YouTube-Deep-Dive,Lifestyle-Warm,102,20,iOS,Net-30,Cloudy,18973.5
35.6,1.15,186,17.7,0,YouTube-Deep-Dive,Broad-Entertainment,92,9,iOS,Net-30,Sunny,5198.06
409.8,4.36,3377,13.3,15,Static-Carousel,Broad-Entertainment,57,5,iOS,Upfront,Sunny,17120.19
82.8,5.42,4180,21.2,0,Short-Video-Reel,Lifestyle-Warm,135,17,iOS,Net-30,Rainy,16339.82
308.7,1.4,2454,40,10,Short-Video-Reel,High-Intent-Niche,13,9,iOS,Net-15,Rainy,16171.36
26,8.28,1786,31.6,20,Static-Carousel,Broad-Entertainment,24,21,iOS,Upfront,Rainy,10950.85
41.7,2.78,4037,24.8,5,Short-Video-Reel,Broad-Entertainment,117,13,Android,Upfront,Sunny,11387.66
73.6,8.84,2268,46.4,15,Short-Video-Reel,Lifestyle-Warm,84,4,Android,Net-15,Sunny,17148.66
407.1,1.01,2062,6.7,10,Short-Video-Reel,Lifestyle-Warm,37,12,Android,Net-15,Sunny,11977.11
355.6,8.47,4255,38.1,15,Static-Carousel,Broad-Entertainment,35,11,Android,Upfront,Cloudy,23941.47
302.9,5.74,423,11.4,10,YouTube-Deep-Dive,Broad-Entertainment,150,24,Android,Upfront,Sunny,13952.93
297.5,4.17,2949,14.7,20,YouTube-Deep-Dive,High-Intent-Niche,155,11,iOS,Net-15,Sunny,21041.71
142.8,2.99,601,8.8,20,Static-Carousel,High-Intent-Niche,40,3,iOS,Net-15,Cloudy,9699.07
244.7,7.49,3091,38.7,15,Short-Video-Reel,High-Intent-Niche,104,6,Android,Net-30,Sunny,22796.66
224.6,1.87,231,46.5,20,YouTube-Deep-Dive,High-Intent-Niche,131,8,Android,Upfront,Sunny,15109.03
428.7,1.63,1758,37.4,15,Short-Video-Reel,Lifestyle-Warm,12,19,iOS,Upfront,Cloudy,15602.6
212.6,2.58,1888,49.4,5,Short-Video-Reel,High-Intent-Niche,70,4,iOS,Net-30,Sunny,15113.42
339.9,5.2,1703,6.1,5,Short-Video-Reel,Lifestyle-Warm,71,2,iOS,Net-30,Rainy,15054.96
171,1.9,3081,46.4,0,Short-Video-Reel,Lifestyle-Warm,36,24,iOS,Upfront,Sunny,14515.14
417.6,7.58,3699,31.1,0,Short-Video-Reel,Broad-Entertainment,154,7,iOS,Upfront,Sunny,23583.22
385.8,7.78,407,39.5,20,YouTube-Deep-Dive,High-Intent-Niche,94,13,Android,Upfront,Rainy,25479.06
446.5,7.2,841,18.6,0,Static-Carousel,Lifestyle-Warm,119,10,iOS,Net-30,Cloudy,17145.62
113.8,6.95,857,18,15,Short-Video-Reel,Lifestyle-Warm,116,1,iOS,Upfront,Rainy,11940.55
393.6,1.44,4286,14.3,15,Static-Carousel,Lifestyle-Warm,33,22,Android,Net-30,Cloudy,15740.99
222.5,1.33,2453,38,5,Static-Carousel,Lifestyle-Warm,147,14,iOS,Net-15,Rainy,11125.8
236.6,5.8,4106,16,20,YouTube-Deep-Dive,High-Intent-Niche,147,13,Android,Net-30,Sunny,23874.22
250.7,7.91,3827,49.7,25,Short-Video-Reel,High-Intent-Niche,122,2,iOS,Net-15,Cloudy,27788.71
55,5.89,2218,7.7,20,Static-Carousel,High-Intent-Niche,87,14,iOS,Net-15,Sunny,13118.7
398.3,2.46,3474,10.6,25,Short-Video-Reel,Lifestyle-Warm,130,18,iOS,Net-15,Sunny,17907.95
277.9,2.12,2250,15.2,0,Static-Carousel,Lifestyle-Warm,12,2,Android,Net-30,Sunny,9510.95
60.8,1.36,3778,20.4,5,Static-Carousel,High-Intent-Niche,62,1,Android,Net-15,Cloudy,11933.61
336.5,4.61,1877,32.5,20,Short-Video-Reel,High-Intent-Niche,76,2,Android,Net-30,Rainy,20238.72
64.3,6.65,3159,44.7,0,Short-Video-Reel,Lifestyle-Warm,137,5,iOS,Net-30,Rainy,14923.44
180.8,5.47,4050,6.1,5,Static-Carousel,Lifestyle-Warm,113,11,iOS,Net-15,Rainy,14784.96
306.2,2.29,835,10.1,10,Short-Video-Reel,High-Intent-Niche,119,20,iOS,Net-15,Sunny,12574.63
217.4,3.74,1920,29.6,5,Short-Video-Reel,Broad-Entertainment,110,13,Android,Net-30,Rainy,13140.78
43.3,8.1,4236,40.2,0,Short-Video-Reel,Broad-Entertainment,68,23,iOS,Net-30,Cloudy,15898.21
285.7,6.1,4233,27.1,20,Short-Video-Reel,High-Intent-Niche,68,19,Android,Net-30,Rainy,24550.9
174.5,2.16,1974,10.7,15,YouTube-Deep-Dive,Broad-Entertainment,146,8,Android,Net-30,Sunny,11357.65
180.9,2.25,3145,12.2,10,YouTube-Deep-Dive,Broad-Entertainment,47,22,Android,Net-15,Cloudy,13336.96
85.9,7.5,664,45.5,10,Short-Video-Reel,Broad-Entertainment,114,2,iOS,Net-15,Cloudy,11087.19
95,5.36,3672,15.8,0,Short-Video-Reel,Lifestyle-Warm,70,9,Android,Upfront,Sunny,14288.67
447,1.45,3932,37.4,25,YouTube-Deep-Dive,High-Intent-Niche,107,11,iOS,Upfront,Sunny,24017.57
277.9,8.59,1503,36.2,15,Short-Video-Reel,High-Intent-Niche,42,21,iOS,Net-15,Sunny,23191
270.5,8.77,3554,44.3,0,YouTube-Deep-Dive,High-Intent-Niche,152,6,Android,Upfront,Rainy,26072.58
354.7,6.29,1201,25.5,25,Static-Carousel,Broad-Entertainment,20,8,iOS,Net-15,Rainy,16664.58
181.8,1.14,4274,31.3,25,YouTube-Deep-Dive,Lifestyle-Warm,23,9,iOS,Net-30,Sunny,18000.75
82.1,7.45,3098,36.4,25,YouTube-Deep-Dive,Lifestyle-Warm,106,16,iOS,Net-15,Rainy,20712.08
279.1,2.03,1982,35.2,5,Short-Video-Reel,High-Intent-Niche,115,21,iOS,Upfront,Rainy,15009.93
191.1,4.63,520,16.1,0,Short-Video-Reel,Broad-Entertainment,90,20,Android,Net-30,Cloudy,8168.62
190.5,4.78,622,15.4,5,YouTube-Deep-Dive,Lifestyle-Warm,111,7,Android,Net-15,Rainy,12218.67
53.2,8.02,2572,26.6,0,Static-Carousel,High-Intent-Niche,123,13,Android,Net-30,Cloudy,14153.58
198.1,3.99,3395,48.7,15,Short-Video-Reel,High-Intent-Niche,78,13,Android,Net-15,Rainy,19156.94
37.6,1.52,2365,45.1,15,YouTube-Deep-Dive,Broad-Entertainment,97,13,Android,Upfront,Sunny,12873.95
407.4,2.77,2147,15.2,5,Static-Carousel,High-Intent-Niche,53,17,Android,Net-30,Cloudy,15758.59
178.1,2.79,2903,15.5,15,Short-Video-Reel,Broad-Entertainment,26,12,iOS,Upfront,Rainy,12656.94
326.2,7.08,2569,7.7,0,YouTube-Deep-Dive,High-Intent-Niche,133,20,Android,Net-30,Sunny,21740.66
270.9,1.81,3056,24.7,5,YouTube-Deep-Dive,Broad-Entertainment,144,20,iOS,Net-15,Sunny,14541.06
206.5,7.61,3761,27.8,20,Static-Carousel,Broad-Entertainment,25,18,iOS,Net-30,Cloudy,17922.44
162.2,5.61,1105,9,10,Short-Video-Reel,High-Intent-Niche,19,21,Android,Net-15,Cloudy,13416.36
28.9,3.94,3427,24.9,15,Static-Carousel,Lifestyle-Warm,115,22,iOS,Net-15,Cloudy,11878.43
299.7,1.05,4276,13.8,25,Static-Carousel,High-Intent-Niche,121,23,Android,Upfront,Cloudy,17413.03
58.3,3.05,1637,8.3,20,Short-Video-Reel,Broad-Entertainment,33,24,Android,Net-30,Sunny,9661.25
117.1,9.08,2733,28.3,10,Static-Carousel,High-Intent-Niche,158,1,iOS,Net-15,Cloudy,17828.17
432.1,9.14,3060,40.5,25,Short-Video-Reel,Lifestyle-Warm,156,7,iOS,Net-15,Sunny,29865.42
178.5,3.14,3137,43.5,5,Short-Video-Reel,Lifestyle-Warm,145,17,iOS,Net-30,Rainy,15252.99
172.7,7.82,1939,9,5,Short-Video-Reel,Broad-Entertainment,35,21,iOS,Net-15,Cloudy,14026.33
315.1,8.51,1711,10,15,Short-Video-Reel,Broad-Entertainment,104,22,Android,Net-15,Cloudy,18603.15
132.3,9.42,2465,16.1,0,Short-Video-Reel,Lifestyle-Warm,32,10,iOS,Net-30,Cloudy,15991.67
175.2,9.48,4169,27.4,5,Short-Video-Reel,Lifestyle-Warm,27,5,Android,Net-30,Cloudy,21122.52
148.8,5.47,2445,37.3,5,YouTube-Deep-Dive,High-Intent-Niche,130,17,Android,Net-30,Rainy,18040.21
317.5,2.29,1432,8.5,5,Short-Video-Reel,Lifestyle-Warm,39,17,iOS,Net-30,Rainy,11399.73
48.6,8.54,3794,23.5,20,YouTube-Deep-Dive,High-Intent-Niche,85,7,Android,Net-15,Rainy,22071.94
180.7,7.07,537,10.9,5,Short-Video-Reel,High-Intent-Niche,140,4,iOS,Net-30,Sunny,14531.59
448.8,4.58,1584,43.1,20,Static-Carousel,Lifestyle-Warm,136,17,Android,Net-30,Sunny,18854.25
293.8,3.44,3968,53.9,25,Short-Video-Reel,High-Intent-Niche,68,22,Android,Net-30,Cloudy,23829.26
221.7,4.97,4294,11.8,0,Short-Video-Reel,Lifestyle-Warm,27,2,iOS,Net-15,Sunny,17064.44
140.8,7.13,363,22.7,25,YouTube-Deep-Dive,Broad-Entertainment,61,11,Android,Net-30,Sunny,14761.26
24.9,5.38,2929,37.4,5,Short-Video-Reel,High-Intent-Niche,139,19,iOS,Upfront,Rainy,15441.83
410.6,7.66,904,50,20,Short-Video-Reel,Lifestyle-Warm,50,21,Android,Net-30,Sunny,23070.76
415.5,0.86,831,20.3,0,Static-Carousel,Lifestyle-Warm,128,6,iOS,Net-30,Cloudy,9537.18
440.7,7.73,573,48.1,0,YouTube-Deep-Dive,High-Intent-Niche,152,13,iOS,Upfront,Rainy,24134.27
223.6,2.82,842,22.2,5,YouTube-Deep-Dive,High-Intent-Niche,74,2,iOS,Net-30,Cloudy,14376.41
273.1,6.83,1578,24.3,15,Static-Carousel,Broad-Entertainment,129,16,Android,Net-30,Cloudy,14364.14
140.7,5.97,953,29.7,25,Static-Carousel,Lifestyle-Warm,99,3,iOS,Net-30,Cloudy,12294.9
375.4,2.96,2811,50.4,5,Short-Video-Reel,Lifestyle-Warm,17,9,iOS,Upfront,Sunny,18290.34
268.5,7.64,747,8.9,15,Short-Video-Reel,High-Intent-Niche,99,7,Android,Upfront,Sunny,18291.08
144.1,6.24,1157,8.2,25,Static-Carousel,High-Intent-Niche,90,9,Android,Net-30,Cloudy,14317.28
143.4,7.17,433,17.5,25,YouTube-Deep-Dive,Broad-Entertainment,59,19,iOS,Net-30,Cloudy,14243.65
170,5.21,2127,10.6,15,Short-Video-Reel,Lifestyle-Warm,48,22,Android,Net-15,Rainy,14450.36
306.8,1.66,975,29,0,YouTube-Deep-Dive,High-Intent-Niche,73,3,Android,Net-15,Sunny,14352.89
349.8,6.48,1448,43.4,5,YouTube-Deep-Dive,Lifestyle-Warm,150,1,iOS,Net-30,Cloudy,20592.09
60.1,7.48,4417,32,0,Short-Video-Reel,Broad-Entertainment,28,1,iOS,Net-30,Rainy,14556.34
419.1,8,2049,50.8,25,Static-Carousel,High-Intent-Niche,80,20,iOS,Net-15,Sunny,27074.24
342.6,8.29,474,49.9,10,Short-Video-Reel,Lifestyle-Warm,16,13,Android,Net-30,Cloudy,20443.87
365.1,5.15,3440,44,20,Static-Carousel,Broad-Entertainment,86,4,Android,Upfront,Sunny,19847.17
100.9,8.73,2352,39.5,0,Short-Video-Reel,Lifestyle-Warm,142,24,iOS,Net-30,Cloudy,15779.98
77.2,2.68,2847,8.2,15,Short-Video-Reel,Broad-Entertainment,57,10,Android,Net-30,Cloudy,11428.35
334.4,1.77,229,8.9,0,Short-Video-Reel,Broad-Entertainment,127,3,Android,Upfront,Cloudy,6996.14
423.4,7.32,2692,10,25,Static-Carousel,Lifestyle-Warm,64,23,iOS,Net-15,Sunny,22186.05
165.8,7.49,4463,10.2,20,Short-Video-Reel,Lifestyle-Warm,122,9,iOS,Net-30,Sunny,20328.81
58.5,8.99,2849,35.6,15,Short-Video-Reel,High-Intent-Niche,150,22,Android,Upfront,Sunny,18998.75
157,7.04,1111,49,25,Static-Carousel,Lifestyle-Warm,79,1,iOS,Net-30,Rainy,15019.95
379.4,7.71,1781,34.6,25,Short-Video-Reel,High-Intent-Niche,54,23,Android,Upfront,Rainy,25122.7
373.3,5.07,3206,18.9,5,Short-Video-Reel,Broad-Entertainment,133,1,iOS,Upfront,Rainy,18044.44
116.9,2.56,2298,38.8,20,Short-Video-Reel,High-Intent-Niche,141,23,Android,Upfront,Rainy,16066.29
82.4,2.28,4468,31.2,5,YouTube-Deep-Dive,High-Intent-Niche,131,4,iOS,Upfront,Sunny,17973.69
230.5,9.01,1981,48.2,0,Short-Video-Reel,High-Intent-Niche,144,2,iOS,Upfront,Rainy,21306.13
154.4,3.65,3483,48.6,5,YouTube-Deep-Dive,Broad-Entertainment,44,19,iOS,Net-15,Rainy,16442.41
385,0.88,2853,52.7,10,YouTube-Deep-Dive,Lifestyle-Warm,59,4,Android,Net-15,Sunny,18168
217.3,6.91,1233,51.2,0,Short-Video-Reel,Broad-Entertainment,43,14,Android,Net-30,Rainy,14967.52
113.6,4.58,666,39.3,15,Short-Video-Reel,Lifestyle-Warm,137,3,Android,Upfront,Rainy,12158.58
202.3,8.75,1652,30.1,20,Short-Video-Reel,Broad-Entertainment,103,24,iOS,Net-15,Rainy,17795.53
111.8,6.57,205,6.9,5,Short-Video-Reel,Lifestyle-Warm,53,11,Android,Net-30,Cloudy,9431.74
321.2,8.02,1829,42.2,5,Static-Carousel,Broad-Entertainment,145,20,iOS,Net-30,Sunny,17281.72
437.8,1.64,3846,43,20,Short-Video-Reel,Broad-Entertainment,41,21,iOS,Upfront,Sunny,19420.81
279.7,4.42,3372,15.1,25,Short-Video-Reel,Broad-Entertainment,104,20,iOS,Net-15,Cloudy,17893.36
118.3,6.49,1144,41.1,20,Short-Video-Reel,Broad-Entertainment,101,4,iOS,Upfront,Sunny,12521.91
368.2,5.87,3645,37.2,25,Static-Carousel,Broad-Entertainment,93,6,iOS,Net-30,Sunny,21587.52
173.7,4.63,774,42.5,5,Short-Video-Reel,High-Intent-Niche,73,9,Android,Net-30,Rainy,15206.69
53.3,7.56,1281,42.7,10,YouTube-Deep-Dive,High-Intent-Niche,83,1,iOS,Upfront,Sunny,16741.54
81.9,6.96,4210,45.9,10,Static-Carousel,Broad-Entertainment,110,10,iOS,Net-15,Sunny,15726.56
176.3,3.81,587,9.2,20,Short-Video-Reel,Lifestyle-Warm,80,1,Android,Net-30,Cloudy,11430.53
378.2,1.51,1762,51.6,20,YouTube-Deep-Dive,Lifestyle-Warm,82,15,iOS,Net-30,Cloudy,17997.87
113.6,8.4,3363,50.4,5,Short-Video-Reel,High-Intent-Niche,33,11,iOS,Net-15,Cloudy,21186.4
355.4,2.87,2841,20.4,25,Short-Video-Reel,Lifestyle-Warm,70,15,Android,Net-15,Cloudy,17661.66
50.8,8.39,4188,10.1,15,YouTube-Deep-Dive,Lifestyle-Warm,131,24,iOS,Net-30,Rainy,18962.16
380.2,4.25,710,7.6,10,Short-Video-Reel,High-Intent-Niche,42,2,Android,Net-15,Rainy,16173.88
326,7.14,1933,51.3,25,Short-Video-Reel,Broad-Entertainment,112,7,iOS,Upfront,Sunny,21300.46
53.4,7.48,3171,10.4,0,Static-Carousel,Broad-Entertainment,137,13,iOS,Net-15,Rainy,10057.08
33.4,3.52,2226,43.2,5,YouTube-Deep-Dive,Broad-Entertainment,79,14,Android,Net-30,Sunny,11884.88
124.4,2.62,1047,18.1,25,Static-Carousel,Broad-Entertainment,128,10,Android,Net-15,Sunny,7300.64
93,7.73,3026,37.2,15,Short-Video-Reel,High-Intent-Niche,61,20,Android,Net-30,Sunny,19590.62
296.6,2.95,2373,37.2,0,YouTube-Deep-Dive,High-Intent-Niche,54,18,iOS,Net-30,Cloudy,17840.36
219.9,9,1425,27.8,25,Short-Video-Reel,Lifestyle-Warm,114,9,iOS,Net-15,Sunny,19671.87
264.3,4.21,1899,18.1,5,Short-Video-Reel,High-Intent-Niche,157,19,iOS,Upfront,Rainy,16252.6
139.1,7.52,3312,54.5,0,Short-Video-Reel,Lifestyle-Warm,101,11,iOS,Upfront,Cloudy,18117.57
440.6,6.04,3070,38.5,15,Static-Carousel,Broad-Entertainment,133,24,Android,Net-30,Cloudy,21778.55
59.4,6.33,1647,48.3,10,Static-Carousel,High-Intent-Niche,50,1,iOS,Upfront,Sunny,13785.27
303.4,6.18,2009,28.2,5,Static-Carousel,Broad-Entertainment,41,23,iOS,Net-30,Rainy,14134.1
246.2,8.02,2171,45,5,Short-Video-Reel,Broad-Entertainment,157,4,iOS,Net-30,Rainy,18289.25
445.6,2.54,3515,34.7,0,Static-Carousel,Lifestyle-Warm,135,4,iOS,Net-15,Sunny,16992.24
430.4,4.83,2167,24,0,Short-Video-Reel,Lifestyle-Warm,89,1,Android,Net-30,Cloudy,18090.51
223.6,5.48,4303,38.7,0,Short-Video-Reel,Broad-Entertainment,136,16,Android,Net-15,Rainy,17307.22
209.9,4.99,1749,51,20,Static-Carousel,Broad-Entertainment,151,16,Android,Upfront,Cloudy,13757.4
170.1,5.81,3357,6.8,20,Short-Video-Reel,Lifestyle-Warm,41,23,iOS,Upfront,Sunny,16771.72
89.8,2.62,1869,13.1,20,Short-Video-Reel,Broad-Entertainment,102,15,Android,Upfront,Cloudy,9311.73
311.6,5.81,4189,31.5,5,Short-Video-Reel,Broad-Entertainment,37,17,Android,Net-30,Cloudy,19806.42
400.8,4.9,1527,43.6,10,YouTube-Deep-Dive,Lifestyle-Warm,31,9,Android,Net-15,Rainy,20023.97
222.1,2.44,2441,14.3,0,Short-Video-Reel,Broad-Entertainment,94,4,iOS,Net-15,Rainy,10860.14
414.2,5.98,570,43.3,10,YouTube-Deep-Dive,Lifestyle-Warm,140,5,Android,Net-15,Sunny,21253.53
121.6,2.15,2466,49,15,YouTube-Deep-Dive,Broad-Entertainment,14,24,Android,Net-30,Rainy,14187.49
131.2,2.1,367,20.6,10,Short-Video-Reel,High-Intent-Niche,13,12,Android,Upfront,Sunny,9923.84
430.5,5.56,940,45.3,5,Short-Video-Reel,Lifestyle-Warm,99,9,Android,Upfront,Cloudy,19075.09
415,2.21,3910,21,25,Static-Carousel,High-Intent-Niche,144,6,Android,Upfront,Cloudy,20380.92
237.9,1.81,4238,7.8,25,Short-Video-Reel,Lifestyle-Warm,41,1,iOS,Upfront,Rainy,16539.7
254.6,8.39,860,48.6,20,Short-Video-Reel,High-Intent-Niche,89,17,Android,Net-15,Sunny,21591.04
168.6,7.69,147,34.3,25,Short-Video-Reel,Broad-Entertainment,156,4,Android,Net-30,Sunny,14602.95
27.4,2.49,2284,50.4,20,Short-Video-Reel,Broad-Entertainment,85,23,iOS,Upfront,Rainy,11759.72
178.1,9.22,896,14.6,0,Short-Video-Reel,Lifestyle-Warm,17,5,Android,Net-15,Sunny,14466.11
443.5,3.98,4281,29.9,15,Static-Carousel,Broad-Entertainment,158,8,iOS,Net-30,Rainy,19307.14
236.1,7.92,138,23.3,25,Short-Video-Reel,Lifestyle-Warm,115,2,Android,Upfront,Cloudy,17203.22
366.1,5.43,642,43.3,15,Short-Video-Reel,Lifestyle-Warm,82,3,Android,Upfront,Rainy,18117.91
85,9.22,2394,22,15,YouTube-Deep-Dive,High-Intent-Niche,15,17,iOS,Upfront,Sunny,19825.26
334.4,8.98,3203,25.5,20,YouTube-Deep-Dive,Broad-Entertainment,147,17,Android,Net-15,Rainy,25182.36
271.8,9.34,1366,24.9,25,Short-Video-Reel,Broad-Entertainment,145,1,Android,Net-30,Sunny,19169.74
444.2,1.84,3104,8.3,0,Short-Video-Reel,High-Intent-Niche,34,21,Android,Net-15,Sunny,17334.25
150.7,0.89,769,8.3,15,YouTube-Deep-Dive,Broad-Entertainment,47,17,iOS,Upfront,Sunny,8634.62
217.9,4.3,2741,17.8,15,Static-Carousel,Broad-Entertainment,65,7,iOS,Upfront,Sunny,12892.12
133.1,1.55,2497,19,5,Short-Video-Reel,Broad-Entertainment,74,4,iOS,Net-15,Rainy,9202.99
335.8,8.32,3732,48.9,25,Short-Video-Reel,Broad-Entertainment,145,17,iOS,Upfront,Rainy,25672.61
44.8,1.16,710,26.8,25,Short-Video-Reel,Broad-Entertainment,143,1,iOS,Net-30,Sunny,7646.09
333.1,5.95,828,45.4,15,Short-Video-Reel,Lifestyle-Warm,77,6,iOS,Upfront,Rainy,18355.43
378,2.96,2325,30.3,25,Static-Carousel,Lifestyle-Warm,21,23,iOS,Net-30,Sunny,16522.52
122.9,6.69,2936,47.2,0,Short-Video-Reel,High-Intent-Niche,27,7,Android,Net-15,Rainy,18525.17
171,3.14,2846,17.3,25,Short-Video-Reel,Lifestyle-Warm,139,9,iOS,Net-15,Sunny,14952.11
165.3,6.14,3912,23.5,10,YouTube-Deep-Dive,High-Intent-Niche,153,9,Android,Upfront,Rainy,21658.87
396.2,6.67,1769,46.2,5,Short-Video-Reel,Lifestyle-Warm,89,4,iOS,Net-15,Rainy,20879.5
82.8,3.39,4052,22.5,15,Static-Carousel,Broad-Entertainment,80,12,Android,Net-30,Rainy,12436.61
412.7,8.29,2764,24.9,25,Short-Video-Reel,Lifestyle-Warm,53,22,iOS,Net-30,Sunny,26004.49
55.3,4.06,4073,19.3,5,Static-Carousel,High-Intent-Niche,87,7,Android,Upfront,Cloudy,14009.85
31.1,5.81,4463,55,0,Short-Video-Reel,High-Intent-Niche,111,1,iOS,Upfront,Sunny,19698.75
368.1,9.07,1886,53.8,20,Short-Video-Reel,Broad-Entertainment,136,1,iOS,Upfront,Rainy,24390.62
43.4,1.63,2163,35.5,25,YouTube-Deep-Dive,Broad-Entertainment,145,19,Android,Net-15,Cloudy,13042.11
262.2,2.54,4208,39.2,15,Short-Video-Reel,High-Intent-Niche,62,5,Android,Upfront,Cloudy,21463.7
240.3,9.11,3402,30.6,5,YouTube-Deep-Dive,Broad-Entertainment,142,15,iOS,Upfront,Sunny,21845.66
400.3,7.9,3665,19.1,0,Short-Video-Reel,High-Intent-Niche,24,7,iOS,Net-15,Cloudy,26062.94
308.3,6.44,1779,40,20,Static-Carousel,Broad-Entertainment,39,6,iOS,Upfront,Sunny,17030.52
442.2,7.06,3170,30.4,10,Static-Carousel,High-Intent-Niche,80,24,iOS,Net-15,Sunny,25595.8
311.5,2.21,1713,32.3,0,YouTube-Deep-Dive,Lifestyle-Warm,154,21,iOS,Net-30,Rainy,14436.36
160.4,3.82,1052,27.6,0,Short-Video-Reel,Broad-Entertainment,90,13,iOS,Net-15,Cloudy,9360.03
422.8,9.08,1280,39.2,25,Short-Video-Reel,Broad-Entertainment,32,13,Android,Net-30,Sunny,24043.81
49.4,5.85,3124,49.9,0,YouTube-Deep-Dive,Broad-Entertainment,124,16,Android,Net-30,Rainy,14779.37
311.8,6.93,3847,20.9,0,Short-Video-Reel,Lifestyle-Warm,121,14,iOS,Net-15,Sunny,21473.68
62.1,3.7,2940,42.7,5,YouTube-Deep-Dive,Lifestyle-Warm,38,4,Android,Net-30,Rainy,14982.65
93,6.79,1206,32.8,15,YouTube-Deep-Dive,Lifestyle-Warm,27,10,iOS,Net-15,Rainy,15092.91
183,2.39,2434,31,5,Static-Carousel,Broad-Entertainment,58,21,iOS,Net-15,Rainy,9382.89
232.4,5.75,889,44.6,25,YouTube-Deep-Dive,Lifestyle-Warm,12,3,Android,Net-30,Cloudy,18660.89
38.3,1.76,2630,12.8,25,Short-Video-Reel,Lifestyle-Warm,23,18,Android,Net-30,Sunny,12188.89
191.5,4.18,1990,31.6,15,YouTube-Deep-Dive,Lifestyle-Warm,128,24,iOS,Net-30,Cloudy,17165.97
248.6,1.49,596,40.3,0,Static-Carousel,Broad-Entertainment,117,17,Android,Net-15,Rainy,5959.28
136.3,4.96,3324,26.7,15,YouTube-Deep-Dive,Broad-Entertainment,126,10,Android,Upfront,Sunny,16434.73
191.7,7.59,824,39.4,10,Short-Video-Reel,High-Intent-Niche,18,17,iOS,Net-15,Sunny,16549.68
354.1,6.61,100,32.4,10,Short-Video-Reel,Lifestyle-Warm,136,2,iOS,Net-15,Cloudy,17419.8
97.9,7.13,559,30.7,5,Short-Video-Reel,Lifestyle-Warm,12,23,iOS,Net-30,Sunny,11614.7
149.4,3.72,2421,11.2,20,Static-Carousel,Broad-Entertainment,152,3,Android,Upfront,Cloudy,10235.7
135.1,1.02,561,40.1,5,Short-Video-Reel,Lifestyle-Warm,122,13,iOS,Net-15,Cloudy,9068.49
123.3,3.83,505,50.1,0,Short-Video-Reel,Broad-Entertainment,24,2,Android,Net-30,Cloudy,8798.43
31.2,6.32,4098,44.1,10,YouTube-Deep-Dive,Broad-Entertainment,104,5,iOS,Upfront,Rainy,17131.98
431.2,6.69,3236,46.5,5,Static-Carousel,Lifestyle-Warm,67,16,iOS,Net-15,Rainy,22642.33
236.2,2.37,1050,46.3,15,Short-Video-Reel,Lifestyle-Warm,109,22,Android,Net-15,Rainy,13378.11
157.2,9.14,2463,33.3,5,Short-Video-Reel,Broad-Entertainment,142,16,Android,Upfront,Rainy,15854.89
398,5.16,3800,14.6,5,Short-Video-Reel,Broad-Entertainment,83,7,iOS,Net-15,Sunny,18870.43
24.5,4.57,3545,41,15,Short-Video-Reel,Broad-Entertainment,113,13,iOS,Net-30,Rainy,13223.78
61.1,8.92,563,43,0,Short-Video-Reel,Broad-Entertainment,155,10,Android,Net-30,Sunny,9978.88
23.2,4.51,3625,28.6,15,Static-Carousel,Broad-Entertainment,61,18,Android,Net-15,Sunny,12160.5
28.3,9.21,4052,23.9,15,Short-Video-Reel,Lifestyle-Warm,38,4,Android,Net-15,Sunny,17538.27
16.1,3.49,198,22.7,15,Short-Video-Reel,Lifestyle-Warm,134,14,Android,Upfront,Cloudy,6739.86
279.7,8.88,3660,8.7,5,Static-Carousel,High-Intent-Niche,159,6,Android,Net-15,Sunny,21977.59
327.1,5.5,1370,48.7,5,Short-Video-Reel,Lifestyle-Warm,58,1,Android,Net-15,Rainy,18279.66
169,6.25,486,46.7,20,Static-Carousel,Broad-Entertainment,37,15,Android,Net-30,Rainy,12046.02
418.7,2.24,1721,37.6,20,Short-Video-Reel,Lifestyle-Warm,145,3,iOS,Net-30,Sunny,16437.41
343.7,2.44,2588,7.6,10,Short-Video-Reel,Lifestyle-Warm,103,5,Android,Upfront,Cloudy,14078.98
444.7,8.42,2523,16.7,15,Short-Video-Reel,Broad-Entertainment,58,5,iOS,Upfront,Cloudy,24151.26
349.2,5.6,2030,43.2,10,Static-Carousel,Broad-Entertainment,99,1,Android,Net-15,Rainy,15517.21
242.3,4.39,3577,37.2,0,Static-Carousel,Lifestyle-Warm,57,8,Android,Upfront,Rainy,15719.74
39.4,4.59,2140,29.1,5,YouTube-Deep-Dive,High-Intent-Niche,134,13,Android,Net-15,Sunny,14297.8
67.1,9.18,4459,46.8,20,Short-Video-Reel,Lifestyle-Warm,111,11,iOS,Net-15,Sunny,21999.32
157.2,2.05,4232,16.2,10,Static-Carousel,Broad-Entertainment,85,11,Android,Net-15,Cloudy,12737.31
74.1,4.97,3228,44.8,10,Static-Carousel,Broad-Entertainment,120,20,Android,Net-30,Rainy,11972.23
292.3,9.43,4196,36.1,25,Static-Carousel,Broad-Entertainment,63,19,iOS,Net-15,Sunny,24410.46
45.2,6.94,468,33.2,15,Static-Carousel,Broad-Entertainment,71,7,iOS,Net-15,Cloudy,8715.42
251,9.24,2104,11.4,10,Static-Carousel,Broad-Entertainment,15,5,iOS,Net-30,Sunny,16196.59
173,0.81,3850,53.2,20,Short-Video-Reel,Lifestyle-Warm,21,18,Android,Net-15,Rainy,16655.73
182,2.91,2703,13.8,10,Static-Carousel,Lifestyle-Warm,142,5,Android,Net-30,Sunny,11754.21
49.4,8.34,4241,50.4,15,Short-Video-Reel,Broad-Entertainment,24,2,iOS,Net-30,Rainy,18590.61
327.8,8.61,1545,43.6,20,Short-Video-Reel,Lifestyle-Warm,82,6,iOS,Upfront,Rainy,22646.9
347.3,1.67,912,13.3,15,Short-Video-Reel,Lifestyle-Warm,53,7,iOS,Upfront,Sunny,11889.25
153.8,3.1,3851,10,10,Short-Video-Reel,Broad-Entertainment,72,6,iOS,Net-15,Rainy,13416.18
178.7,4.49,2285,38,10,Short-Video-Reel,Lifestyle-Warm,123,18,iOS,Net-15,Sunny,15154.65
316.2,8.74,2998,48.8,10,YouTube-Deep-Dive,High-Intent-Niche,104,16,Android,Net-15,Rainy,27762.37
72.4,7.57,3019,45.9,15,Short-Video-Reel,High-Intent-Niche,79,19,Android,Upfront,Sunny,19475.37
282.3,8.79,2100,27.9,15,YouTube-Deep-Dive,High-Intent-Niche,34,21,iOS,Upfront,Cloudy,24397.87
163.8,4.45,3039,8,25,YouTube-Deep-Dive,High-Intent-Niche,74,2,iOS,Net-15,Cloudy,19698.01
319.7,3.64,3219,43.2,10,Short-Video-Reel,Broad-Entertainment,55,20,Android,Net-30,Cloudy,17069.27
291.4,4.91,2241,32.2,15,Short-Video-Reel,Broad-Entertainment,130,11,Android,Upfront,Rainy,16482.92
150.6,2.69,151,15.3,25,Short-Video-Reel,Lifestyle-Warm,132,1,Android,Net-15,Cloudy,10447.93
136.8,6.89,1980,16.4,5,Short-Video-Reel,Broad-Entertainment,110,8,Android,Net-15,Cloudy,12139.19
185.5,1.83,2825,52,10,YouTube-Deep-Dive,Broad-Entertainment,156,20,Android,Net-15,Rainy,15131.22
143.7,5.08,1158,7.7,10,Short-Video-Reel,Broad-Entertainment,89,20,iOS,Upfront,Sunny,9663.18
345.1,5.35,1782,47.9,0,YouTube-Deep-Dive,Lifestyle-Warm,43,14,Android,Net-30,Cloudy,19881.32
358.9,5.9,3647,10.1,25,YouTube-Deep-Dive,Lifestyle-Warm,92,4,iOS,Upfront,Sunny,24210.34
230.5,4.36,3224,12.5,15,YouTube-Deep-Dive,Lifestyle-Warm,33,12,iOS,Upfront,Rainy,18118.47
118.1,3.48,2506,13.2,15,Short-Video-Reel,Lifestyle-Warm,62,23,iOS,Upfront,Cloudy,13010.68
229.2,8.25,2993,7.4,10,Static-Carousel,Lifestyle-Warm,51,21,iOS,Upfront,Rainy,17093.94
344.1,9.03,3144,6.3,20,Short-Video-Reel,High-Intent-Niche,133,7,Android,Upfront,Cloudy,26890.32
252.3,3.84,965,11.7,10,Short-Video-Reel,High-Intent-Niche,152,4,Android,Upfront,Sunny,13007.35
21.8,7.71,1391,49.1,15,Static-Carousel,Broad-Entertainment,135,11,iOS,Upfront,Rainy,9942.52
53.1,1.44,3814,24.3,25,Short-Video-Reel,Broad-Entertainment,89,4,iOS,Net-30,Rainy,13161.1
182.2,9.41,121,21.5,15,Short-Video-Reel,Broad-Entertainment,81,9,Android,Net-30,Sunny,13795.63
381.5,9.32,2899,39.7,10,Short-Video-Reel,Lifestyle-Warm,92,2,Android,Net-30,Sunny,26133.18
201,4,3640,22.9,20,Short-Video-Reel,High-Intent-Niche,69,18,iOS,Net-30,Cloudy,19018.63
286.2,2.86,3841,12,5,Short-Video-Reel,Lifestyle-Warm,34,10,iOS,Net-30,Cloudy,16253.26
260.5,8.44,4434,29.9,15,YouTube-Deep-Dive,Broad-Entertainment,92,5,iOS,Net-30,Cloudy,25457.76
50.2,7.86,1735,42.4,10,Short-Video-Reel,Broad-Entertainment,81,5,iOS,Upfront,Sunny,12701
222.7,3.13,108,37.6,25,Short-Video-Reel,Lifestyle-Warm,146,13,iOS,Net-30,Sunny,12751.69
202.8,1.28,1175,38.2,10,Short-Video-Reel,High-Intent-Niche,40,10,iOS,Net-30,Cloudy,12463.84
214.2,8.17,847,26.6,25,YouTube-Deep-Dive,Lifestyle-Warm,64,10,Android,Net-30,Sunny,18825.15
411.2,3.28,2622,32.1,25,Short-Video-Reel,Lifestyle-Warm,60,19,iOS,Upfront,Cloudy,19658.82
145.2,7.24,729,11.9,10,Short-Video-Reel,High-Intent-Niche,85,19,Android,Net-15,Rainy,13996.34
440.2,5.7,3484,10.9,20,Short-Video-Reel,Broad-Entertainment,90,4,Android,Net-15,Sunny,21582.77
220.3,6.29,475,40.4,20,Static-Carousel,Broad-Entertainment,84,4,Android,Net-15,Sunny,11876.6
222.8,7.78,4113,17.1,5,YouTube-Deep-Dive,High-Intent-Niche,130,11,iOS,Net-15,Cloudy,23815.51
324.9,6.97,2152,31.6,15,Short-Video-Reel,High-Intent-Niche,67,23,Android,Net-15,Cloudy,22782.33
222.5,2.7,3865,29.6,25,Short-Video-Reel,Broad-Entertainment,81,14,Android,Net-30,Cloudy,17278.28
40.7,1.74,705,44.6,10,Short-Video-Reel,High-Intent-Niche,111,10,Android,Net-30,Sunny,10424.72
259.5,0.86,2013,51.3,15,Short-Video-Reel,Lifestyle-Warm,132,23,iOS,Net-30,Cloudy,14746.91
52.7,7.94,4354,14.1,10,Static-Carousel,Broad-Entertainment,112,23,Android,Net-15,Cloudy,13370.46
419.3,5.59,1988,44.6,10,Static-Carousel,High-Intent-Niche,33,10,Android,Net-15,Cloudy,21135.18
150.4,5.62,236,50.9,10,Short-Video-Reel,Lifestyle-Warm,83,10,iOS,Upfront,Cloudy,13167.02
421.2,6.88,1517,17.8,10,Static-Carousel,Broad-Entertainment,79,6,Android,Upfront,Rainy,17428.58
240.6,2.22,235,42.6,25,Short-Video-Reel,Broad-Entertainment,79,8,Android,Upfront,Rainy,11713
354.9,3.76,907,24.4,15,Short-Video-Reel,Broad-Entertainment,40,4,Android,Upfront,Rainy,12925.71
235.3,8.84,317,27.3,25,Static-Carousel,Broad-Entertainment,43,17,Android,Net-15,Cloudy,15381.6
106.6,4.84,950,45.9,10,YouTube-Deep-Dive,High-Intent-Niche,130,8,Android,Net-15,Sunny,15066.94
448.7,5.58,2494,34.9,5,YouTube-Deep-Dive,Broad-Entertainment,44,1,Android,Upfront,Cloudy,21638.93
291,6.18,2412,9.5,5,YouTube-Deep-Dive,Lifestyle-Warm,69,1,iOS,Net-15,Cloudy,18612.65
211,8.45,3436,41,5,Short-Video-Reel,Lifestyle-Warm,158,9,Android,Net-30,Rainy,21222.78
424,2.08,1332,15.4,0,Short-Video-Reel,High-Intent-Niche,18,2,Android,Net-30,Rainy,13959.87
257.1,6.79,3793,28.4,0,Short-Video-Reel,Lifestyle-Warm,147,2,iOS,Net-30,Cloudy,19712.34
191.7,7.57,1109,16.9,10,Short-Video-Reel,Lifestyle-Warm,108,14,Android,Net-30,Rainy,15019.58
101.4,6.36,2989,44.6,25,Short-Video-Reel,Broad-Entertainment,63,16,iOS,Upfront,Sunny,16389.37
160.2,7.25,1991,14.4,5,Short-Video-Reel,Broad-Entertainment,114,5,iOS,Net-30,Rainy,13366.14
368,2.79,2867,16.4,20,YouTube-Deep-Dive,Broad-Entertainment,129,20,Android,Net-15,Rainy,18055.29
85.3,8.91,3926,36.7,25,YouTube-Deep-Dive,Lifestyle-Warm,131,7,iOS,Net-30,Rainy,22176.43
216.4,4.22,1175,15.6,25,Short-Video-Reel,Broad-Entertainment,69,3,Android,Upfront,Sunny,13128.83
294.6,7.99,158,27.9,5,YouTube-Deep-Dive,Lifestyle-Warm,16,9,iOS,Net-30,Cloudy,17845.74
208.2,5.26,4125,48.2,0,YouTube-Deep-Dive,Broad-Entertainment,80,3,iOS,Upfront,Cloudy,18827.42
188.5,8.7,3599,54.9,25,YouTube-Deep-Dive,Lifestyle-Warm,18,21,Android,Upfront,Sunny,25945.66
31.1,7.03,2826,35.9,15,Static-Carousel,Lifestyle-Warm,86,6,Android,Net-30,Rainy,13750.53
369.8,4.01,2504,28.8,5,YouTube-Deep-Dive,High-Intent-Niche,99,22,iOS,Net-15,Cloudy,20596.61
47.2,6.26,961,48.4,25,YouTube-Deep-Dive,Broad-Entertainment,57,6,Android,Upfront,Cloudy,14275.37
203.2,9.21,728,40.5,10,Static-Carousel,Lifestyle-Warm,57,18,Android,Upfront,Cloudy,15022.57
51.7,3.09,193,46.9,5,Short-Video-Reel,High-Intent-Niche,158,22,Android,Upfront,Cloudy,10077.61
151.6,4.39,4444,25.3,15,Static-Carousel,Lifestyle-Warm,125,16,Android,Net-15,Cloudy,16427.08
354.7,5.66,1048,22,10,Short-Video-Reel,High-Intent-Niche,132,8,iOS,Upfront,Sunny,18565.5
417.4,1.74,3768,20.7,20,Short-Video-Reel,High-Intent-Niche,24,23,iOS,Net-30,Sunny,21539.98
32.5,9.01,4049,35.2,0,Short-Video-Reel,Lifestyle-Warm,128,2,iOS,Net-15,Sunny,16868.87
146,5.97,337,39.2,15,Short-Video-Reel,Lifestyle-Warm,135,17,Android,Net-30,Cloudy,12838.75
314.5,3.85,3809,18.2,0,Short-Video-Reel,Lifestyle-Warm,42,10,iOS,Upfront,Cloudy,17491.77
176.8,4.03,2318,51.7,5,Static-Carousel,High-Intent-Niche,14,9,iOS,Net-15,Sunny,14172.93
444.4,1.99,3304,52.5,5,Static-Carousel,Lifestyle-Warm,151,22,Android,Net-30,Sunny,17061.28
76.8,2.07,1970,9.1,25,Short-Video-Reel,Broad-Entertainment,60,23,Android,Net-15,Sunny,9846.06
75,2.62,3933,54.8,15,Short-Video-Reel,Broad-Entertainment,114,5,Android,Net-15,Rainy,14960.53
331.7,2.52,177,54.3,25,YouTube-Deep-Dive,Broad-Entertainment,65,21,Android,Net-15,Sunny,15214.52
317,1.9,398,41,0,Short-Video-Reel,Broad-Entertainment,103,2,iOS,Net-15,Cloudy,9276.39
422.5,8.64,2273,41,20,Static-Carousel,Lifestyle-Warm,125,8,iOS,Upfront,Rainy,25252.74
47.3,5.5,4049,53.3,5,Static-Carousel,Lifestyle-Warm,147,10,Android,Upfront,Cloudy,15628.24
22.2,3.91,3510,22.9,25,Short-Video-Reel,Lifestyle-Warm,23,21,iOS,Upfront,Cloudy,14920.88
70.8,4.08,1717,27.8,15,Static-Carousel,High-Intent-Niche,147,4,iOS,Net-15,Cloudy,12570.66
416.1,1.3,1418,31.4,25,Static-Carousel,Broad-Entertainment,34,13,iOS,Upfront,Rainy,12017.66
203.8,3.49,927,21.2,20,Static-Carousel,Lifestyle-Warm,124,9,iOS,Net-15,Cloudy,10424.28
201.6,2.42,4154,29.5,0,YouTube-Deep-Dive,Broad-Entertainment,48,11,Android,Net-30,Sunny,15957.72
132.4,5.2,3966,19.4,10,Short-Video-Reel,Broad-Entertainment,127,3,iOS,Net-30,Sunny,15181.25
99.7,1.86,4337,15.9,25,YouTube-Deep-Dive,Lifestyle-Warm,124,21,Android,Net-15,Cloudy,17771.18
65.8,8.99,3933,46.4,25,Short-Video-Reel,High-Intent-Niche,17,21,Android,Net-30,Rainy,23197.13
342.7,0.84,801,51.7,10,YouTube-Deep-Dive,High-Intent-Niche,84,9,Android,Net-15,Sunny,15553.41
33.7,2.21,405,39.4,5,YouTube-Deep-Dive,High-Intent-Niche,132,20,iOS,Upfront,Rainy,9990.19
337.4,1.9,2992,23.1,0,YouTube-Deep-Dive,Lifestyle-Warm,47,20,iOS,Upfront,Cloudy,15431.46
232.9,5.44,2931,9.7,10,Short-Video-Reel,High-Intent-Niche,27,8,Android,Upfront,Cloudy,18952.38
93.6,7.3,2524,25.9,20,YouTube-Deep-Dive,Broad-Entertainment,113,18,Android,Net-15,Rainy,15940.38
114.6,8.21,1700,13.8,15,Short-Video-Reel,High-Intent-Niche,18,11,iOS,Net-30,Cloudy,17031.66
33.9,2.83,3769,29.3,0,Static-Carousel,High-Intent-Niche,116,5,Android,Net-30,Cloudy,13525.03
381.4,7.5,4340,17.6,5,Short-Video-Reel,Broad-Entertainment,12,16,Android,Net-15,Sunny,22313.08
274.7,4.79,2566,17.4,25,Short-Video-Reel,Lifestyle-Warm,143,9,Android,Net-15,Cloudy,18134.28
334.9,3.28,2209,8.7,20,YouTube-Deep-Dive,Broad-Entertainment,70,11,Android,Net-15,Cloudy,15519.36
249.4,1.1,516,8.8,15,YouTube-Deep-Dive,Lifestyle-Warm,156,6,iOS,Upfront,Cloudy,9609.7
41.1,8.34,3458,14.6,10,YouTube-Deep-Dive,Lifestyle-Warm,70,6,Android,Net-15,Sunny,16548.24
324.1,0.84,4146,47.6,0,Static-Carousel,Broad-Entertainment,43,21,Android,Net-15,Cloudy,13200.04
401.8,1.78,1721,49.2,25,Short-Video-Reel,High-Intent-Niche,137,7,iOS,Upfront,Cloudy,18959.79
130,7.96,3463,47.2,25,YouTube-Deep-Dive,High-Intent-Niche,14,13,Android,Net-15,Cloudy,24577.86
184.7,5.85,4278,27.5,10,Static-Carousel,High-Intent-Niche,117,12,Android,Upfront,Sunny,19760.69
446.3,4.74,3230,16.4,20,YouTube-Deep-Dive,Lifestyle-Warm,111,17,iOS,Upfront,Sunny,24455.66
283.5,8.96,2001,47.3,0,Static-Carousel,Lifestyle-Warm,71,12,iOS,Net-30,Cloudy,19447.45
71.8,1.22,900,34.8,25,Static-Carousel,Broad-Entertainment,76,22,iOS,Net-30,Sunny,7804.23
90.6,1.8,3917,46.8,10,Static-Carousel,Lifestyle-Warm,153,1,iOS,Net-30,Rainy,13251.72
127.1,3.76,1676,18.4,10,Short-Video-Reel,Broad-Entertainment,119,14,Android,Net-30,Cloudy,9405.8
418.6,4.88,1508,6.8,0,Static-Carousel,High-Intent-Niche,92,15,Android,Net-15,Rainy,15544.76
366.7,1.57,1278,9.3,15,YouTube-Deep-Dive,Lifestyle-Warm,27,1,iOS,Net-30,Rainy,13766.21
22.3,8.68,2608,44.4,0,Short-Video-Reel,Broad-Entertainment,112,1,iOS,Upfront,Sunny,12743.7
259.5,4.08,3257,46.5,15,YouTube-Deep-Dive,Lifestyle-Warm,46,21,Android,Net-15,Cloudy,21015.86
102,4.75,3584,27.9,0,YouTube-Deep-Dive,Lifestyle-Warm,29,18,Android,Net-15,Rainy,16969.82
123.7,4.53,3149,30.7,0,Static-Carousel,High-Intent-Niche,110,18,iOS,Net-15,Cloudy,14129.59
244.3,3.7,2069,42.6,25,Static-Carousel,Lifestyle-Warm,15,8,iOS,Upfront,Rainy,15677.51
98.8,9.02,2517,28.7,20,YouTube-Deep-Dive,Lifestyle-Warm,68,1,Android,Net-15,Rainy,19153.45
313.6,7.5,3404,7,15,Short-Video-Reel,Lifestyle-Warm,48,7,iOS,Net-15,Cloudy,21478.02
31.5,8.73,4314,41.7,15,YouTube-Deep-Dive,Broad-Entertainment,19,2,Android,Upfront,Rainy,18571.03
28.8,3.95,4011,12.8,25,Static-Carousel,High-Intent-Niche,55,12,Android,Net-15,Cloudy,15804.22
140.8,3.41,325,21.5,20,Static-Carousel,Lifestyle-Warm,34,7,Android,Net-15,Sunny,8562.79
55.2,8.55,4180,27.5,0,Short-Video-Reel,Broad-Entertainment,56,6,Android,Upfront,Cloudy,15443.3
386.8,9.42,1497,36.3,25,Short-Video-Reel,High-Intent-Niche,153,4,Android,Net-30,Cloudy,27285.81
349.5,4.1,202,6.6,0,Short-Video-Reel,Broad-Entertainment,142,2,iOS,Net-30,Rainy,10187.57
258.6,2.66,1468,6.6,5,Short-Video-Reel,Lifestyle-Warm,149,24,iOS,Net-15,Rainy,10902.14
334.5,3.22,478,30.2,0,YouTube-Deep-Dive,Lifestyle-Warm,82,16,Android,Net-15,Cloudy,14159.47
19.3,3.51,3250,16.1,10,YouTube-Deep-Dive,Lifestyle-Warm,75,2,iOS,Upfront,Sunny,13883.04
119.1,3.38,2547,19.6,25,Static-Carousel,Broad-Entertainment,108,17,Android,Net-30,Sunny,11590.38
240.5,5.87,223,9.3,10,YouTube-Deep-Dive,Broad-Entertainment,137,22,iOS,Net-30,Rainy,11965.97
364.9,3.35,533,10,25,Short-Video-Reel,Broad-Entertainment,55,22,Android,Net-30,Sunny,12900.4
272,8.82,3362,42.3,15,YouTube-Deep-Dive,Lifestyle-Warm,110,20,Android,Net-15,Sunny,26115.49
159.1,2.71,3830,32.7,20,Static-Carousel,Lifestyle-Warm,122,16,Android,Net-30,Sunny,14927.25
123.8,4.8,1161,12.5,0,Short-Video-Reel,Lifestyle-Warm,151,8,Android,Upfront,Sunny,10153.26
388.9,6.1,3742,11.9,0,YouTube-Deep-Dive,Lifestyle-Warm,158,13,Android,Net-15,Rainy,22986.27
257.1,8.32,1549,34.5,20,Static-Carousel,Lifestyle-Warm,139,14,Android,Net-30,Rainy,18236.98
386.3,2.02,521,24.4,0,Short-Video-Reel,High-Intent-Niche,128,15,iOS,Net-30,Sunny,12979.34
60,4.18,1159,19.5,15,Short-Video-Reel,Lifestyle-Warm,109,21,Android,Net-15,Cloudy,10486.24
364.2,7.99,2191,27.8,15,Static-Carousel,Broad-Entertainment,29,3,Android,Upfront,Sunny,19464.04
45.3,6.1,1258,39.3,20,Short-Video-Reel,Broad-Entertainment,129,3,iOS,Net-15,Rainy,11895.86
167.6,6.48,1223,35.5,15,Static-Carousel,Broad-Entertainment,93,8,Android,Net-15,Sunny,12106.22
189.5,7.36,2841,14.5,15,YouTube-Deep-Dive,Broad-Entertainment,106,16,Android,Upfront,Sunny,17923.93
43.1,8.02,1147,22.8,15,Short-Video-Reel,Broad-Entertainment,123,23,iOS,Net-30,Sunny,11274.86
419.2,8.9,1173,52.4,15,Short-Video-Reel,Lifestyle-Warm,49,5,Android,Net-15,Rainy,24460.62
195.7,5.55,2127,15.9,0,Short-Video-Reel,Broad-Entertainment,137,5,iOS,Net-15,Cloudy,12063.7
43.1,8.09,3950,40.8,25,Short-Video-Reel,Lifestyle-Warm,66,24,iOS,Net-15,Rainy,19814.33
315.5,5.68,150,42.4,25,Short-Video-Reel,Lifestyle-Warm,52,24,iOS,Upfront,Rainy,17711.27
160.6,8.03,3506,30.7,5,Short-Video-Reel,Broad-Entertainment,53,21,iOS,Upfront,Sunny,17022.7
275.7,8.09,4413,29.9,5,Short-Video-Reel,High-Intent-Niche,148,24,iOS,Net-15,Rainy,24378.78
304.9,3.37,1659,16.3,0,Short-Video-Reel,High-Intent-Niche,99,13,iOS,Upfront,Rainy,15226.56
437.3,3.48,236,25.6,10,Short-Video-Reel,Lifestyle-Warm,82,22,iOS,Upfront,Cloudy,14122.68
265.3,2.36,4271,49.5,5,Static-Carousel,Lifestyle-Warm,149,15,iOS,Net-30,Rainy,16673.7
294.6,6.28,3008,31.7,0,Short-Video-Reel,High-Intent-Niche,135,17,Android,Upfront,Sunny,20762.52
432.6,3.32,1268,38.4,20,Static-Carousel,High-Intent-Niche,116,2,Android,Upfront,Sunny,17830.93
155.6,9.27,277,24.4,0,YouTube-Deep-Dive,High-Intent-Niche,136,20,Android,Upfront,Cloudy,16681.47
159.6,4.51,3016,23.2,15,Short-Video-Reel,Lifestyle-Warm,51,2,Android,Net-15,Sunny,16086.92
324.5,7.32,1549,44.7,10,Short-Video-Reel,Broad-Entertainment,46,18,iOS,Net-15,Sunny,18825.57
295.2,5.7,4341,21.3,10,Short-Video-Reel,Broad-Entertainment,58,22,iOS,Net-15,Rainy,19966.89
158.1,4.81,1217,29.4,5,Short-Video-Reel,Lifestyle-Warm,68,16,iOS,Upfront,Rainy,11803.05
421.5,7.52,645,30,15,YouTube-Deep-Dive,Lifestyle-Warm,134,5,Android,Upfront,Sunny,23114.64
440.3,6.16,546,10.8,20,Short-Video-Reel,Lifestyle-Warm,45,8,Android,Net-15,Rainy,18867.02
447.7,5.65,4478,44.4,15,Static-Carousel,High-Intent-Niche,154,24,Android,Net-15,Sunny,25889.06
318.2,4.72,1106,54.7,20,YouTube-Deep-Dive,Broad-Entertainment,61,15,iOS,Net-30,Sunny,18339.9
376.4,4.69,859,32.6,0,Static-Carousel,High-Intent-Niche,146,14,Android,Upfront,Rainy,15594.22
406.8,7.97,2724,8.9,5,Short-Video-Reel,Broad-Entertainment,119,19,iOS,Net-30,Cloudy,20571.74
275.8,5.66,2802,34.8,0,Short-Video-Reel,Broad-Entertainment,49,17,iOS,Net-15,Cloudy,15412.7
408.7,1.12,4095,47.8,25,Short-Video-Reel,Lifestyle-Warm,62,16,Android,Net-30,Rainy,20948.55
254.7,9.39,3923,21.5,0,YouTube-Deep-Dive,Lifestyle-Warm,69,13,iOS,Net-15,Rainy,24071.99
156.3,1.35,1468,51.6,0,Short-Video-Reel,Lifestyle-Warm,103,13,iOS,Upfront,Sunny,11331.79
241,9.39,2644,10.5,10,YouTube-Deep-Dive,Lifestyle-Warm,25,8,Android,Net-15,Sunny,21541.31
85.1,6.38,3964,48.7,0,Short-Video-Reel,Lifestyle-Warm,30,16,Android,Upfront,Sunny,16864.99
437.9,1.77,830,53.7,25,Short-Video-Reel,Lifestyle-Warm,99,2,iOS,Net-30,Sunny,16970.42
85.1,7.47,1896,31.8,20,Short-Video-Reel,Lifestyle-Warm,29,23,iOS,Upfront,Cloudy,15048.38
159.8,6.12,3674,31.5,15,Short-Video-Reel,Lifestyle-Warm,46,2,iOS,Net-15,Cloudy,19127.59
69.4,8.92,2128,52,20,YouTube-Deep-Dive,Broad-Entertainment,82,14,Android,Upfront,Cloudy,18292.18
375.8,2.94,592,49.7,25,Static-Carousel,Broad-Entertainment,74,16,Android,Net-15,Rainy,13208.2
338.5,3.88,2430,22.3,20,Short-Video-Reel,Lifestyle-Warm,73,15,iOS,Upfront,Cloudy,18510.13
382.8,2.4,306,34.6,0,YouTube-Deep-Dive,Broad-Entertainment,117,22,Android,Upfront,Sunny,11864.38
416.6,6.46,309,7.1,5,YouTube-Deep-Dive,High-Intent-Niche,96,13,Android,Net-30,Cloudy,19278.11
355.4,8.87,4436,36.4,0,Short-Video-Reel,Lifestyle-Warm,28,2,Android,Net-30,Cloudy,27438.93
276.4,3.99,3385,22.1,15,Short-Video-Reel,High-Intent-Niche,107,3,iOS,Net-15,Sunny,19586.98
318.2,4.36,3392,32.8,25,YouTube-Deep-Dive,Lifestyle-Warm,87,18,Android,Upfront,Rainy,21874.84
384.7,5.1,3636,50.5,10,YouTube-Deep-Dive,Lifestyle-Warm,57,20,iOS,Upfront,Rainy,25084.56
84.2,1.6,3447,38.7,15,Static-Carousel,Broad-Entertainment,89,17,Android,Net-15,Cloudy,10783.37
115.1,6.73,2912,26.9,20,YouTube-Deep-Dive,Broad-Entertainment,145,14,iOS,Net-15,Sunny,17495.7
267,2.46,2503,54.3,20,Short-Video-Reel,Lifestyle-Warm,157,13,Android,Upfront,Sunny,17284.78
221.6,5.59,2714,16.7,25,YouTube-Deep-Dive,High-Intent-Niche,31,20,Android,Net-15,Cloudy,21602.99
421.3,0.82,968,31.9,10,YouTube-Deep-Dive,Lifestyle-Warm,36,14,Android,Net-15,Cloudy,14577.02
158.9,4.66,3412,51.6,15,Static-Carousel,High-Intent-Niche,65,12,Android,Net-15,Cloudy,19141.98
44.9,3.81,3331,9.5,5,Short-Video-Reel,High-Intent-Niche,67,6,iOS,Upfront,Cloudy,14250.66
139,6.16,956,51.2,25,Short-Video-Reel,Broad-Entertainment,46,21,Android,Upfront,Rainy,14860.07
92.6,2.69,1854,12,15,Static-Carousel,Broad-Entertainment,152,2,Android,Upfront,Sunny,7127.26
199.8,0.99,129,27.6,20,Static-Carousel,Lifestyle-Warm,48,14,iOS,Net-15,Rainy,8209.56
61.1,8.44,244,15.7,20,Short-Video-Reel,Lifestyle-Warm,89,6,iOS,Upfront,Rainy,12012.65
285.6,3.11,517,44.4,20,Short-Video-Reel,High-Intent-Niche,142,5,Android,Upfront,Cloudy,16544.23
183.7,4.52,3969,41.4,0,Short-Video-Reel,Lifestyle-Warm,15,20,Android,Net-15,Sunny,16993.92
114.5,3.78,2559,7,25,Static-Carousel,Broad-Entertainment,16,7,iOS,Upfront,Rainy,11277.35
401.1,1.23,3483,26.6,25,Short-Video-Reel,Lifestyle-Warm,26,21,Android,Net-30,Rainy,18256.96
444.9,6.04,864,51.5,5,Static-Carousel,Lifestyle-Warm,105,3,iOS,Upfront,Cloudy,18540.95
313.1,4.83,1920,23.3,10,Short-Video-Reel,Lifestyle-Warm,56,2,iOS,Net-15,Rainy,16283.96
61.5,4.4,4497,20.4,10,YouTube-Deep-Dive,High-Intent-Niche,22,21,Android,Upfront,Rainy,18996.25
243.9,1.71,3679,29,0,Short-Video-Reel,Broad-Entertainment,78,14,Android,Net-15,Cloudy,13390.05
319.4,4.15,4004,37.1,15,Short-Video-Reel,Lifestyle-Warm,145,5,Android,Upfront,Sunny,20879.92
218.5,1.97,2260,20.2,25,Short-Video-Reel,High-Intent-Niche,159,21,iOS,Net-15,Rainy,15788.71
88.3,4.52,2214,34.5,5,Static-Carousel,Broad-Entertainment,91,1,Android,Net-15,Rainy,9920.2
165.9,6.09,2957,18.9,20,Static-Carousel,Broad-Entertainment,46,22,Android,Net-15,Rainy,14644.58
404.4,1.3,1432,20.8,5,Static-Carousel,High-Intent-Niche,82,2,Android,Upfront,Cloudy,13074.06
32.8,8.72,2231,13.5,5,Short-Video-Reel,High-Intent-Niche,48,14,Android,Upfront,Sunny,14488.79
37.5,7.13,3459,11.3,0,Static-Carousel,Lifestyle-Warm,15,17,Android,Net-30,Sunny,11363.2
318.5,8.11,1517,43.6,15,Short-Video-Reel,Lifestyle-Warm,63,4,iOS,Upfront,Sunny,21713.78
375.6,4.55,1162,8.2,15,Short-Video-Reel,High-Intent-Niche,100,2,iOS,Net-15,Cloudy,17656.95
283.4,7.44,375,47,10,Short-Video-Reel,High-Intent-Niche,95,2,iOS,Net-30,Sunny,18889.21
407,8.17,2444,25.9,20,Short-Video-Reel,Lifestyle-Warm,60,1,Android,Upfront,Cloudy,24173.93
238.5,3.19,1753,50.6,5,Static-Carousel,Lifestyle-Warm,24,17,Android,Upfront,Rainy,12823.05
297.9,8.83,4454,27,15,Short-Video-Reel,Lifestyle-Warm,137,18,Android,Upfront,Rainy,25512.55
202.7,6.23,2874,31.3,10,Short-Video-Reel,High-Intent-Niche,79,24,Android,Net-30,Cloudy,19193.43
359.4,6.21,763,25.8,0,Short-Video-Reel,Lifestyle-Warm,126,23,Android,Net-30,Rainy,16101.75
30.3,9.1,1610,27.1,20,Short-Video-Reel,Lifestyle-Warm,124,12,Android,Net-15,Rainy,15185.35
185.3,4.8,3471,44,10,Short-Video-Reel,High-Intent-Niche,79,14,Android,Net-30,Cloudy,19946.9
172.5,9.26,1044,46.4,15,Short-Video-Reel,Broad-Entertainment,123,5,Android,Net-15,Cloudy,16782.42
62.5,5.51,2621,15.7,0,Short-Video-Reel,Broad-Entertainment,114,6,iOS,Upfront,Cloudy,10078.75
222.9,6.17,2282,23.9,10,Static-Carousel,Broad-Entertainment,36,7,iOS,Net-15,Sunny,13913.37
338.9,7.91,730,36.7,5,Short-Video-Reel,Broad-Entertainment,109,9,iOS,Net-30,Sunny,17004.51
79.6,5,1444,28.1,10,Static-Carousel,Lifestyle-Warm,114,17,Android,Net-30,Rainy,10272.88
447.6,3.41,1483,23.5,20,Short-Video-Reel,Broad-Entertainment,135,10,Android,Net-15,Cloudy,15719.34
102,2.16,2747,36.7,15,Short-Video-Reel,Broad-Entertainment,104,17,iOS,Net-15,Sunny,12568.49
406.7,2.81,2960,6.2,5,Short-Video-Reel,Broad-Entertainment,134,23,iOS,Upfront,Rainy,14847.19
23.4,9.37,2877,25.2,5,YouTube-Deep-Dive,Broad-Entertainment,47,1,Android,Net-30,Sunny,14924.78
237,7.48,4494,20.6,5,Static-Carousel,Lifestyle-Warm,30,6,iOS,Net-30,Cloudy,20152.28
41.8,5.97,1837,41.5,10,Short-Video-Reel,Broad-Entertainment,133,2,Android,Net-15,Rainy,11365
143,9.1,1056,20.8,25,Static-Carousel,Lifestyle-Warm,120,15,iOS,Upfront,Cloudy,14690.96
365.4,9,3966,24.4,5,Short-Video-Reel,Lifestyle-Warm,35,18,Android,Upfront,Cloudy,26307.18
280.2,8.2,1463,45.1,15,Short-Video-Reel,Lifestyle-Warm,121,12,Android,Net-15,Cloudy,20789.53
402.4,7.76,1429,38.3,25,Short-Video-Reel,Lifestyle-Warm,104,11,iOS,Net-30,Sunny,23575.81
227.5,5.47,3302,40.4,10,Short-Video-Reel,Lifestyle-Warm,105,13,iOS,Upfront,Cloudy,18903.69
62.4,2.09,1861,8.5,0,Short-Video-Reel,High-Intent-Niche,57,14,iOS,Upfront,Cloudy,9587.01
48.4,9.35,1041,39.6,10,YouTube-Deep-Dive,Broad-Entertainment,139,20,Android,Net-15,Rainy,13315.24
245.1,2,1939,34.5,10,Short-Video-Reel,High-Intent-Niche,65,2,iOS,Upfront,Sunny,15316.48
414.6,4.18,1735,31.8,20,Static-Carousel,Broad-Entertainment,19,15,iOS,Upfront,Rainy,15777.87
443.7,5.51,3886,34.6,20,YouTube-Deep-Dive,Broad-Entertainment,63,15,Android,Net-30,Rainy,24943.34
341.9,7.79,3692,15.9,0,Static-Carousel,Broad-Entertainment,32,24,iOS,Net-15,Cloudy,18219.92
45.4,3.39,1979,11.5,0,Short-Video-Reel,Broad-Entertainment,83,18,Android,Upfront,Cloudy,7247.71
90.9,1.18,1200,30.2,10,YouTube-Deep-Dive,High-Intent-Niche,68,14,iOS,Upfront,Cloudy,12714.56
290.3,3.99,504,10.4,15,Short-Video-Reel,Lifestyle-Warm,30,20,Android,Upfront,Cloudy,12802.46
271,4.94,2436,32.8,0,Short-Video-Reel,Lifestyle-Warm,62,16,Android,Net-15,Rainy,16875.63
411.1,3.34,377,51.1,0,Short-Video-Reel,Lifestyle-Warm,36,4,iOS,Net-30,Rainy,13991.35
224.8,4.43,620,28.2,0,YouTube-Deep-Dive,Lifestyle-Warm,98,17,Android,Upfront,Cloudy,13257.67
135.3,1.6,953,16.8,0,Short-Video-Reel,Broad-Entertainment,126,9,iOS,Net-30,Rainy,6127.43
67.2,1.1,3939,42.9,5,Short-Video-Reel,Broad-Entertainment,54,11,iOS,Net-30,Sunny,12531.82
342.1,1.75,732,47.9,25,Short-Video-Reel,Broad-Entertainment,52,17,iOS,Upfront,Cloudy,13352.66
409.4,8.75,943,33.1,20,YouTube-Deep-Dive,Broad-Entertainment,63,18,Android,Upfront,Cloudy,23777.57
331.9,3.4,1464,12,5,YouTube-Deep-Dive,High-Intent-Niche,20,4,iOS,Upfront,Sunny,17027.39
85.1,3.41,2485,50.9,20,Short-Video-Reel,Broad-Entertainment,114,23,Android,Net-15,Sunny,13716.19
283.5,3.28,2756,7.1,5,Static-Carousel,Broad-Entertainment,95,7,Android,Net-15,Sunny,10452.15
406.2,4.09,794,19.4,20,Short-Video-Reel,High-Intent-Niche,111,2,iOS,Net-15,Rainy,18084.08
223,6.15,1736,40.6,5,YouTube-Deep-Dive,Lifestyle-Warm,48,12,iOS,Net-30,Sunny,18133.38
32,6.2,3167,52.4,10,Short-Video-Reel,Broad-Entertainment,102,18,iOS,Upfront,Rainy,14605.55
133.1,7.19,3601,47.2,10,Short-Video-Reel,Lifestyle-Warm,72,4,Android,Upfront,Cloudy,18797.84
301.4,5.01,110,22.8,25,Short-Video-Reel,Lifestyle-Warm,90,9,Android,Net-15,Cloudy,14794.6
69.7,3.26,1434,38.9,20,Static-Carousel,Broad-Entertainment,12,4,iOS,Upfront,Sunny,8622.02
167.2,3.52,4294,15.7,25,YouTube-Deep-Dive,Broad-Entertainment,103,19,Android,Net-15,Cloudy,18171.86
441.3,2.38,353,32.8,20,Short-Video-Reel,Lifestyle-Warm,137,5,iOS,Net-15,Cloudy,14347.21
71.7,1.95,2303,34.6,20,Short-Video-Reel,Broad-Entertainment,127,12,Android,Upfront,Sunny,10790.56
204.8,7.27,3234,47.2,5,YouTube-Deep-Dive,High-Intent-Niche,153,3,iOS,Upfront,Cloudy,23987.59
297.3,8.38,2596,31.5,20,Short-Video-Reel,Broad-Entertainment,19,5,Android,Net-15,Sunny,21124.73
107.3,4.82,2741,26.7,15,Static-Carousel,High-Intent-Niche,115,14,iOS,Upfront,Cloudy,14323.59
367.2,5.44,758,14.9,5,Short-Video-Reel,Broad-Entertainment,119,18,iOS,Upfront,Cloudy,13960.04
89.9,4.78,3678,16.4,20,YouTube-Deep-Dive,High-Intent-Niche,22,4,Android,Net-15,Sunny,19422.63
275.3,2.39,3926,38,15,Short-Video-Reel,Lifestyle-Warm,18,21,Android,Net-30,Sunny,18961.22
31.3,6.8,2109,23.7,5,Static-Carousel,Lifestyle-Warm,131,11,Android,Net-30,Sunny,10400.75
449.9,7.9,834,26.6,15,Short-Video-Reel,Broad-Entertainment,153,14,iOS,Upfront,Rainy,20489.23
244.3,2.61,1281,36.5,5,Short-Video-Reel,High-Intent-Niche,94,2,Android,Upfront,Cloudy,13461.49
118.9,1.14,2128,14.9,5,Short-Video-Reel,Broad-Entertainment,36,16,iOS,Net-15,Rainy,7938.89
73.8,5.68,3251,9.6,5,Short-Video-Reel,Lifestyle-Warm,55,24,Android,Net-30,Sunny,13473.39
32.7,9.31,2430,43.1,20,Short-Video-Reel,Lifestyle-Warm,75,6,Android,Net-30,Rainy,16722.52
131.1,9.42,4214,24.9,10,Short-Video-Reel,High-Intent-Niche,99,23,iOS,Net-30,Sunny,22898.46
381.4,7.3,4448,9,15,YouTube-Deep-Dive,High-Intent-Niche,79,20,iOS,Upfront,Sunny,28940.04
123.1,3.92,2019,46.3,0,Short-Video-Reel,High-Intent-Niche,35,5,iOS,Net-30,Cloudy,14264.63
423.7,1.03,1038,16.7,15,Short-Video-Reel,High-Intent-Niche,90,15,iOS,Net-15,Sunny,13598.25
446.7,7.92,3253,45.7,5,YouTube-Deep-Dive,Lifestyle-Warm,145,13,iOS,Upfront,Sunny,27929.44
264.7,8.43,2462,15.7,20,Short-Video-Reel,Broad-Entertainment,109,8,iOS,Net-30,Sunny,19252.19
65.8,5.13,2805,53.8,15,YouTube-Deep-Dive,Lifestyle-Warm,126,18,iOS,Upfront,Rainy,17697.75
163.1,2.37,969,40.1,25,Static-Carousel,Lifestyle-Warm,105,24,Android,Net-15,Cloudy,11282.03
321.2,7.1,4127,41.4,5,Short-Video-Reel,High-Intent-Niche,126,20,iOS,Net-30,Sunny,24678.7
177.3,8.8,3680,21,15,Short-Video-Reel,Lifestyle-Warm,55,14,iOS,Net-30,Rainy,21143.21
297.9,4.72,4048,54.2,15,Short-Video-Reel,Lifestyle-Warm,137,7,iOS,Net-15,Sunny,22585.87
315.3,5.16,4268,19.1,15,Short-Video-Reel,Broad-Entertainment,81,14,iOS,Net-30,Cloudy,20033.12
88.7,1.97,4286,10,20,Short-Video-Reel,Broad-Entertainment,67,7,Android,Net-30,Rainy,13292.6
143,6.13,2076,32.6,0,Static-Carousel,High-Intent-Niche,134,17,iOS,Net-15,Sunny,14984.95
300.5,8.83,1834,54.1,0,YouTube-Deep-Dive,Lifestyle-Warm,137,19,iOS,Upfront,Cloudy,22487.14
237.3,6.82,3612,49.1,10,YouTube-Deep-Dive,Broad-Entertainment,77,1,Android,Upfront,Sunny,22018.66
235.1,3.39,2754,49.8,20,YouTube-Deep-Dive,Lifestyle-Warm,150,19,iOS,Net-30,Rainy,19432.99
67.5,1.13,3289,31,25,YouTube-Deep-Dive,Broad-Entertainment,151,5,Android,Net-30,Rainy,14001.11
407.9,4.95,1601,21.5,5,YouTube-Deep-Dive,Lifestyle-Warm,39,20,Android,Net-15,Cloudy,19819.49
27.7,5.51,733,29.8,15,Static-Carousel,High-Intent-Niche,115,13,Android,Net-15,Sunny,10588.43
341.7,5.59,4115,49.5,5,YouTube-Deep-Dive,Lifestyle-Warm,136,14,iOS,Upfront,Rainy,24035.89
141.9,2.56,277,10.1,0,Short-Video-Reel,High-Intent-Niche,158,23,iOS,Upfront,Sunny,8891.51
350,7.36,3005,48.8,5,Static-Carousel,High-Intent-Niche,48,18,Android,Net-30,Cloudy,23397.4
151.3,1.64,1156,17.5,20,YouTube-Deep-Dive,Lifestyle-Warm,138,10,iOS,Net-15,Rainy,12740.88
364.8,6.39,4253,39.2,25,Short-Video-Reel,High-Intent-Niche,80,2,iOS,Net-30,Cloudy,27803.13
284.3,9.16,653,7.2,10,YouTube-Deep-Dive,Broad-Entertainment,31,16,Android,Net-15,Rainy,17341.96
433.7,8.63,3497,43.3,15,Short-Video-Reel,Lifestyle-Warm,121,14,iOS,Upfront,Cloudy,28405.12
326.2,1.54,2905,37.6,15,YouTube-Deep-Dive,Lifestyle-Warm,48,13,Android,Net-15,Cloudy,18074.13
405.3,5.55,329,12.7,15,YouTube-Deep-Dive,Lifestyle-Warm,93,2,Android,Net-30,Sunny,18410.52
168.3,1.14,1943,54.2,15,Static-Carousel,Broad-Entertainment,128,16,Android,Net-30,Cloudy,10051.65
320.4,6.99,4098,40.6,20,Short-Video-Reel,Broad-Entertainment,14,16,iOS,Net-15,Sunny,24323.43
313.9,2.26,2577,46.6,25,Static-Carousel,Lifestyle-Warm,52,18,iOS,Net-15,Sunny,16435.19
104.8,8.87,3897,54.1,15,Short-Video-Reel,Lifestyle-Warm,39,1,iOS,Net-30,Cloudy,20277.65
347.7,9.4,145,42.6,10,Short-Video-Reel,Lifestyle-Warm,86,18,Android,Net-30,Cloudy,19613.78
251.4,9.11,3539,35.9,5,Static-Carousel,High-Intent-Niche,73,21,iOS,Upfront,Rainy,22536.24
413.9,3.07,3614,43.5,15,Static-Carousel,Broad-Entertainment,101,20,Android,Net-15,Sunny,17800.8
237.1,2.92,948,19.5,5,Short-Video-Reel,High-Intent-Niche,159,4,iOS,Net-30,Cloudy,12602.84
392.9,8.9,537,25.6,25,Short-Video-Reel,Broad-Entertainment,110,19,iOS,Net-15,Rainy,21402.46
149.8,7.4,3519,52.3,15,YouTube-Deep-Dive,Broad-Entertainment,149,10,Android,Net-30,Cloudy,21229.02
168.3,1.53,1370,15.9,0,YouTube-Deep-Dive,Broad-Entertainment,90,22,Android,Net-15,Cloudy,9202.13
257,2.62,208,10,0,Short-Video-Reel,Broad-Entertainment,75,9,iOS,Net-15,Rainy,7223.98
45.8,2.55,995,9.8,0,YouTube-Deep-Dive,Broad-Entertainment,155,4,iOS,Upfront,Sunny,6730.42
205.2,1.82,4457,19.3,15,Static-Carousel,Broad-Entertainment,123,18,Android,Upfront,Sunny,13866.58
402.9,7.2,3864,52.5,0,Static-Carousel,Broad-Entertainment,126,5,Android,Net-15,Sunny,22611.1
301.3,2.73,3295,35.6,25,Static-Carousel,High-Intent-Niche,55,24,Android,Upfront,Sunny,18937.45
421.8,8.45,787,8.7,20,Static-Carousel,High-Intent-Niche,131,24,iOS,Upfront,Rainy,22528.38
415.6,4.68,3309,9.7,10,YouTube-Deep-Dive,High-Intent-Niche,37,19,Android,Net-15,Rainy,23322.46
60.1,8.85,4462,50.1,0,Short-Video-Reel,Broad-Entertainment,51,16,Android,Net-15,Sunny,17384.57
126.8,3.53,829,25.8,10,Static-Carousel,High-Intent-Niche,105,4,iOS,Net-30,Cloudy,10143.62
336.3,1.77,3230,27.8,5,Short-Video-Reel,High-Intent-Niche,130,22,iOS,Net-15,Sunny,17130.23
208.9,3.39,1090,52.8,0,Static-Carousel,Broad-Entertainment,81,2,Android,Net-15,Rainy,9173.44
359.5,8.28,512,34.4,5,Short-Video-Reel,Lifestyle-Warm,28,6,Android,Net-15,Rainy,18654.32
223.7,8.93,4451,49.4,15,Short-Video-Reel,Broad-Entertainment,22,19,iOS,Net-30,Cloudy,23533.65
99.7,4.33,4404,17.1,25,Static-Carousel,High-Intent-Niche,36,5,Android,Net-30,Cloudy,17766.87
139,5.57,117,11.9,5,Short-Video-Reel,High-Intent-Niche,87,5,Android,Upfront,Rainy,11018.66
258,9.19,475,16.7,10,Short-Video-Reel,Lifestyle-Warm,73,2,iOS,Net-15,Sunny,17367.92
401.6,3.16,3798,35.4,5,Short-Video-Reel,Lifestyle-Warm,76,16,iOS,Net-15,Sunny,19465.21
24.7,4.75,160,40.5,25,Short-Video-Reel,Lifestyle-Warm,17,7,Android,Net-30,Rainy,10493.92
236.9,5.8,473,13.9,25,YouTube-Deep-Dive,Lifestyle-Warm,145,2,Android,Upfront,Sunny,17161.18
257.7,9.46,264,10.6,20,YouTube-Deep-Dive,Lifestyle-Warm,71,24,Android,Net-30,Rainy,19040.63
412.3,3.14,541,34.3,0,Static-Carousel,Lifestyle-Warm,47,14,iOS,Net-15,Cloudy,11779.15
38,1.47,854,33.9,20,Short-Video-Reel,Broad-Entertainment,113,13,iOS,Upfront,Cloudy,7920.29
189.4,5.6,4119,37.9,5,Short-Video-Reel,Lifestyle-Warm,65,18,Android,Net-15,Sunny,18882.13
324.3,2.62,960,14.1,20,Static-Carousel,Broad-Entertainment,29,9,Android,Net-30,Rainy,9431.13
103.5,3.78,2546,52.5,15,Short-Video-Reel,Broad-Entertainment,108,1,Android,Upfront,Rainy,13777.98
303.9,2.33,1838,24.1,5,Short-Video-Reel,Broad-Entertainment,31,9,iOS,Net-30,Cloudy,11521.58
126.3,9.34,1167,48.5,20,Short-Video-Reel,Broad-Entertainment,23,1,Android,Net-30,Sunny,15481.53
245.5,8.81,3500,31,25,Static-Carousel,Lifestyle-Warm,134,7,iOS,Net-30,Cloudy,22301.03
254.6,9.26,1806,14.8,0,Static-Carousel,High-Intent-Niche,93,18,iOS,Upfront,Cloudy,18039.98
61.2,4.98,2553,12.3,15,Static-Carousel,Lifestyle-Warm,126,23,Android,Upfront,Cloudy,10885.84
252.2,7.83,4454,23.7,5,Short-Video-Reel,High-Intent-Niche,64,3,Android,Net-30,Rainy,23799.12
230,9.48,2567,30.9,15,YouTube-Deep-Dive,Broad-Entertainment,91,5,iOS,Upfront,Cloudy,22087.72
108.2,8.78,3041,52.1,15,Short-Video-Reel,Broad-Entertainment,72,13,iOS,Net-30,Rainy,17991.26
21.1,6.87,3968,42.5,15,Static-Carousel,Lifestyle-Warm,20,10,Android,Upfront,Sunny,15953.7
356.9,3.8,4052,36.8,20,Short-Video-Reel,High-Intent-Niche,34,2,iOS,Net-15,Rainy,24061.26
213.3,8.77,3678,34.3,25,Short-Video-Reel,Lifestyle-Warm,43,24,iOS,Net-15,Sunny,23423.24
229.7,8.81,4439,27.5,25,Short-Video-Reel,Broad-Entertainment,101,20,iOS,Net-30,Sunny,23551.5
176.4,6.57,1934,21.2,0,Short-Video-Reel,Broad-Entertainment,94,5,Android,Net-30,Sunny,12521.28
173.2,3,2349,22.5,5,YouTube-Deep-Dive,Broad-Entertainment,33,8,iOS,Net-15,Rainy,12528.04
261.9,4.47,1886,27.3,15,Static-Carousel,Broad-Entertainment,50,17,iOS,Upfront,Sunny,12426.27
256,2.63,3938,6.8,25,YouTube-Deep-Dive,High-Intent-Niche,63,7,iOS,Upfront,Rainy,20042.5
170.2,3.37,2331,21.6,20,Short-Video-Reel,Broad-Entertainment,119,12,iOS,Net-30,Sunny,11892.99
267.9,5.63,1818,25,5,Short-Video-Reel,Lifestyle-Warm,126,17,Android,Net-15,Rainy,15813.87
171.5,7.87,1305,42.4,0,Static-Carousel,Lifestyle-Warm,63,18,Android,Net-15,Cloudy,14217.82
207.3,9.06,2671,29.6,0,Short-Video-Reel,Broad-Entertainment,119,17,Android,Net-15,Sunny,16973.67
172,6.06,2965,27.8,10,YouTube-Deep-Dive,Lifestyle-Warm,90,12,Android,Net-30,Sunny,18615.71
25.9,3.17,3770,16.7,25,Short-Video-Reel,Lifestyle-Warm,33,12,Android,Upfront,Cloudy,14347.54
44.2,0.83,3451,18.3,5,YouTube-Deep-Dive,Broad-Entertainment,101,11,iOS,Net-30,Sunny,11743.08
411.2,6.18,992,47.6,0,YouTube-Deep-Dive,Lifestyle-Warm,48,13,Android,Net-15,Cloudy,21269.91
221.3,8.67,698,44.6,0,YouTube-Deep-Dive,High-Intent-Niche,33,19,iOS,Net-15,Sunny,19790.67
75.6,8.86,4342,29.1,0,Short-Video-Reel,Broad-Entertainment,26,6,Android,Net-30,Cloudy,16101.41
290.8,1.26,584,18.4,25,YouTube-Deep-Dive,High-Intent-Niche,13,18,iOS,Net-30,Cloudy,14598.67
380.6,1.01,729,22.6,20,YouTube-Deep-Dive,Lifestyle-Warm,21,13,Android,Net-15,Sunny,13892.08
168.4,4.3,2745,7.1,20,YouTube-Deep-Dive,Lifestyle-Warm,65,13,iOS,Net-15,Sunny,17039.63
197,6.59,443,51.3,10,Static-Carousel,High-Intent-Niche,23,10,Android,Upfront,Sunny,15524.2
413.8,9.29,2692,46.2,15,Short-Video-Reel,Lifestyle-Warm,56,9,Android,Upfront,Cloudy,27892.66
418.3,4.63,631,26.1,5,Static-Carousel,Broad-Entertainment,29,20,iOS,Upfront,Cloudy,12476.41
374.5,9.33,3199,8.4,0,Short-Video-Reel,Broad-Entertainment,107,12,iOS,Net-15,Sunny,21992.5
214.4,3.97,4010,27.7,10,YouTube-Deep-Dive,Broad-Entertainment,141,10,iOS,Upfront,Cloudy,17752.27
168,1.71,3217,32.8,0,Static-Carousel,Lifestyle-Warm,150,8,iOS,Net-15,Sunny,10997.63
41.3,1.59,3380,28.5,10,YouTube-Deep-Dive,High-Intent-Niche,52,16,iOS,Net-15,Rainy,15379.99
326.4,3.25,2658,22.6,10,Short-Video-Reel,High-Intent-Niche,34,14,iOS,Net-30,Sunny,17952.09
101,6.8,2475,41.4,0,YouTube-Deep-Dive,Broad-Entertainment,118,9,Android,Net-30,Cloudy,15056.14
345.8,4.27,306,6.2,20,Static-Carousel,High-Intent-Niche,81,14,iOS,Upfront,Rainy,13576.2
389.2,1.73,2424,24.9,25,Short-Video-Reel,Broad-Entertainment,44,2,Android,Net-15,Cloudy,15347.71
231,7.61,1574,46.6,10,YouTube-Deep-Dive,High-Intent-Niche,80,16,iOS,Net-15,Cloudy,21528.18
278.8,3.77,4082,42.6,10,Short-Video-Reel,High-Intent-Niche,115,2,Android,Upfront,Rainy,21249.25
289,3.31,3878,32.3,5,Short-Video-Reel,Broad-Entertainment,84,23,iOS,Net-15,Cloudy,16810.94
129.2,6.8,3840,45.2,5,YouTube-Deep-Dive,Lifestyle-Warm,122,13,Android,Net-30,Rainy,20139.57
147.5,3.37,3783,11.4,0,Static-Carousel,Lifestyle-Warm,17,3,Android,Net-15,Sunny,12257
150.4,3.84,2983,37.1,5,Static-Carousel,Broad-Entertainment,142,19,iOS,Upfront,Rainy,12475.98
294.6,8.84,3905,43.2,20,Short-Video-Reel,High-Intent-Niche,105,8,Android,Net-15,Cloudy,29007.25
386.2,7.74,900,33.7,20,Short-Video-Reel,High-Intent-Niche,140,20,Android,Net-30,Cloudy,23197.97
339.2,1.82,4365,10.3,25,Short-Video-Reel,Broad-Entertainment,117,20,Android,Net-30,Cloudy,16699.33
283.2,9.47,3338,42.7,20,Short-Video-Reel,High-Intent-Niche,79,18,iOS,Net-15,Cloudy,27306.17
53.4,9.33,2604,40.1,5,YouTube-Deep-Dive,High-Intent-Niche,57,2,Android,Net-30,Rainy,19497.96
177.9,3.18,4247,22.5,10,YouTube-Deep-Dive,Broad-Entertainment,100,22,Android,Net-30,Rainy,16119.78
210.9,3.09,4200,51.8,5,Short-Video-Reel,Lifestyle-Warm,12,12,Android,Upfront,Rainy,18274.16
314.6,6.62,2176,47.4,0,Static-Carousel,Lifestyle-Warm,34,18,Android,Net-15,Cloudy,17971.92
371.3,4.42,3610,29.9,0,Short-Video-Reel,Lifestyle-Warm,52,14,iOS,Net-30,Rainy,20586.47
220.4,6.09,4168,14.1,0,Static-Carousel,Broad-Entertainment,140,8,iOS,Net-30,Rainy,15219.61
366.7,2.12,648,14.4,15,YouTube-Deep-Dive,High-Intent-Niche,12,8,iOS,Net-30,Rainy,15235.69
214.2,3,2308,10.8,0,Short-Video-Reel,Lifestyle-Warm,125,13,Android,Net-30,Rainy,11307.07
122.4,2.64,127,15.6,25,Short-Video-Reel,High-Intent-Niche,13,21,iOS,Net-15,Rainy,11166.66
58,4.04,1304,52.4,15,Static-Carousel,Broad-Entertainment,111,13,iOS,Upfront,Sunny,8869.83
144.6,1.79,1918,18.2,5,Static-Carousel,Broad-Entertainment,85,8,Android,Net-15,Rainy,7850.04
215.7,7.95,4378,55,25,YouTube-Deep-Dive,Lifestyle-Warm,96,16,iOS,Net-15,Cloudy,27639.89
337.1,3.4,4299,31.5,20,YouTube-Deep-Dive,High-Intent-Niche,151,21,Android,Net-15,Rainy,24750.14
393.7,7.24,2655,6.3,5,Static-Carousel,High-Intent-Niche,43,12,iOS,Net-30,Cloudy,21302.16
196.2,0.84,2557,17.1,15,Short-Video-Reel,Lifestyle-Warm,113,18,iOS,Upfront,Sunny,11815.4
149.3,6.54,3159,26.6,0,Short-Video-Reel,Broad-Entertainment,31,17,Android,Upfront,Sunny,14564.38
243.1,4.52,476,52.9,15,YouTube-Deep-Dive,High-Intent-Niche,67,24,iOS,Net-30,Sunny,18061.72
177.9,8.4,1276,46.4,5,Short-Video-Reel,High-Intent-Niche,56,20,Android,Net-30,Sunny,18490.92
121.3,6.02,2912,53.6,10,Short-Video-Reel,Lifestyle-Warm,123,4,Android,Net-30,Rainy,16735.71
340.7,4.15,2423,54.9,20,Short-Video-Reel,High-Intent-Niche,35,9,Android,Net-15,Rainy,21998.07
126.5,6.42,3184,33.6,20,Short-Video-Reel,Lifestyle-Warm,141,20,Android,Net-30,Rainy,17179.76
331.7,6.46,935,22.5,15,Short-Video-Reel,Lifestyle-Warm,125,23,Android,Upfront,Cloudy,17324.98
298.2,8.8,728,44.9,5,YouTube-Deep-Dive,Broad-Entertainment,152,11,iOS,Upfront,Sunny,19035.32
153,3.74,2134,52.3,5,Short-Video-Reel,Broad-Entertainment,81,24,Android,Net-30,Cloudy,12278.29
363.7,5.61,1915,24.7,15,Short-Video-Reel,Broad-Entertainment,148,3,iOS,Net-15,Sunny,18037.74
153.8,5.77,1047,23,0,Short-Video-Reel,Lifestyle-Warm,153,12,Android,Net-30,Cloudy,11767.22
379.2,4.35,602,9.8,10,Short-Video-Reel,Broad-Entertainment,15,14,Android,Net-15,Cloudy,11673.94
301.2,7.84,3497,37.8,15,Short-Video-Reel,Lifestyle-Warm,120,9,iOS,Net-30,Cloudy,23763.12
55.8,3.76,3249,22,10,Static-Carousel,Broad-Entertainment,37,1,Android,Upfront,Sunny,9979.06
215.4,0.8,2350,23.3,25,Static-Carousel,Lifestyle-Warm,157,16,Android,Upfront,Cloudy,11450.81
99.2,2.42,4098,52.3,10,Static-Carousel,Broad-Entertainment,41,22,Android,Net-15,Cloudy,13151.41
223.8,7.43,3877,12.5,5,YouTube-Deep-Dive,Lifestyle-Warm,104,23,iOS,Net-15,Rainy,21515.52
39,7.43,3982,19.5,5,Short-Video-Reel,Broad-Entertainment,17,5,Android,Upfront,Rainy,13920.94
51.6,6.3,932,44.5,20,YouTube-Deep-Dive,Broad-Entertainment,131,17,iOS,Upfront,Rainy,14089.59
248,3.72,2526,39.8,0,Short-Video-Reel,Lifestyle-Warm,49,12,iOS,Net-15,Rainy,15717.02
324.8,6.32,3666,35.1,20,Static-Carousel,Broad-Entertainment,35,17,iOS,Net-15,Cloudy,20275.11
87.1,1.13,2502,33.2,20,Static-Carousel,Lifestyle-Warm,137,24,Android,Net-15,Cloudy,10533.99
256,2.55,3479,50,5,Static-Carousel,High-Intent-Niche,152,11,Android,Net-30,Cloudy,16896.31
324.3,5.5,396,31.2,20,Short-Video-Reel,Lifestyle-Warm,135,21,Android,Net-30,Sunny,16667.74
379.8,4.17,3009,41.6,15,YouTube-Deep-Dive,Broad-Entertainment,107,5,iOS,Net-30,Rainy,20861.13
206,1.06,2385,49.5,10,Short-Video-Reel,Lifestyle-Warm,134,6,Android,Net-30,Rainy,13482.25
446.3,5.62,3522,24.2,20,YouTube-Deep-Dive,Lifestyle-Warm,30,19,Android,Net-15,Rainy,25773.78
441,1.22,3614,28,20,Static-Carousel,High-Intent-Niche,146,20,iOS,Net-30,Rainy,19363.66
370.9,2.4,103,20.4,15,Short-Video-Reel,Lifestyle-Warm,135,15,Android,Net-15,Sunny,11657.32
166.7,2.57,3201,22.5,20,Static-Carousel,Lifestyle-Warm,22,3,iOS,Net-15,Cloudy,13501.51
88.7,3.74,3829,21.8,5,Static-Carousel,Broad-Entertainment,118,7,Android,Net-15,Sunny,11052.9
102,2.17,2914,8.8,0,Short-Video-Reel,Broad-Entertainment,16,11,Android,Net-15,Rainy,8943
413.7,1.17,1632,52.8,25,Short-Video-Reel,Lifestyle-Warm,18,19,iOS,Net-15,Sunny,16212.67
38.3,3.19,3946,38,5,YouTube-Deep-Dive,Lifestyle-Warm,55,22,iOS,Net-30,Rainy,15148.01
197.8,7.77,1167,13.9,5,YouTube-Deep-Dive,Lifestyle-Warm,78,20,iOS,Net-30,Sunny,16254.42
379.5,5.78,3074,25.2,25,Short-Video-Reel,Broad-Entertainment,35,12,Android,Upfront,Cloudy,21442.54
108.9,3.73,1369,42.3,20,Static-Carousel,High-Intent-Niche,145,19,iOS,Upfront,Sunny,13266.36
69.4,3.24,4073,52.5,5,YouTube-Deep-Dive,Lifestyle-Warm,64,5,iOS,Net-15,Sunny,16898.06
121.7,2.34,165,47.4,15,Short-Video-Reel,High-Intent-Niche,60,11,iOS,Upfront,Sunny,11956.28
322.9,5.93,2125,29.7,0,Static-Carousel,Lifestyle-Warm,68,16,Android,Net-15,Sunny,15900.08
286.8,8.86,1091,37.1,10,YouTube-Deep-Dive,Lifestyle-Warm,44,11,Android,Upfront,Sunny,22110.23
54.2,4.94,1059,52.5,5,Short-Video-Reel,Lifestyle-Warm,101,4,iOS,Net-15,Rainy,11862.84
81,2.38,2868,29.2,5,Short-Video-Reel,Lifestyle-Warm,59,14,Android,Net-30,Rainy,12165.61
271.5,1.98,1420,39.5,15,Short-Video-Reel,Broad-Entertainment,33,4,iOS,Net-15,Rainy,11472.5
251.2,3.29,2997,9.9,25,Short-Video-Reel,Lifestyle-Warm,45,21,Android,Net-30,Rainy,16975.15
329.3,6.25,1772,10.9,5,Static-Carousel,Lifestyle-Warm,57,4,Android,Net-15,Sunny,15366.35
115,3.62,3884,18.5,10,Short-Video-Reel,Lifestyle-Warm,32,11,iOS,Net-30,Sunny,15649.48
247.9,8.62,2230,48.9,20,Static-Carousel,High-Intent-Niche,105,22,Android,Net-30,Sunny,22374.41
373.6,8.86,514,48.4,25,Short-Video-Reel,Broad-Entertainment,58,1,Android,Upfront,Sunny,21717.75
433.4,8.29,2403,38.6,10,Static-Carousel,Broad-Entertainment,51,10,Android,Net-15,Rainy,22030.27
344.6,1.38,4352,23.9,15,Static-Carousel,High-Intent-Niche,75,10,Android,Net-15,Sunny,17581.76
396.1,5.92,2330,22.4,25,Static-Carousel,Broad-Entertainment,108,17,Android,Net-30,Sunny,18596.21
103.3,4.81,1491,22.4,15,Static-Carousel,High-Intent-Niche,123,17,iOS,Upfront,Rainy,12329.65
226.5,6.28,3726,54.9,25,YouTube-Deep-Dive,Lifestyle-Warm,43,16,iOS,Upfront,Sunny,24836.01
438.9,7.88,4016,13.8,10,Short-Video-Reel,Broad-Entertainment,84,18,iOS,Net-15,Sunny,25053.09
282.7,4.43,287,31.7,10,Static-Carousel,Lifestyle-Warm,157,19,iOS,Net-30,Cloudy,11116.94
80.5,1.18,1126,24.8,0,Short-Video-Reel,Lifestyle-Warm,44,18,iOS,Upfront,Rainy,7617.69
182.3,1.32,3329,22.1,10,Short-Video-Reel,High-Intent-Niche,42,11,Android,Upfront,Rainy,15100.91
96.8,3.97,1400,49.9,5,Static-Carousel,Lifestyle-Warm,73,3,iOS,Net-30,Cloudy,10090.41
374.5,1.68,4293,51.4,5,Short-Video-Reel,Broad-Entertainment,103,13,Android,Net-15,Sunny,18066.52
82,1.86,3697,23.6,5,Static-Carousel,Lifestyle-Warm,83,7,iOS,Net-30,Cloudy,10378.32
205.6,1.86,1797,15.8,10,Static-Carousel,Lifestyle-Warm,32,2,iOS,Net-15,Cloudy,9349.69
227.1,1.43,2399,52.8,20,Short-Video-Reel,Lifestyle-Warm,83,2,Android,Net-15,Sunny,15241.04
233.7,8.62,3966,38.7,10,Static-Carousel,Broad-Entertainment,74,16,iOS,Net-15,Sunny,19692.43
378.7,7.63,3953,44.9,20,YouTube-Deep-Dive,Broad-Entertainment,47,14,iOS,Upfront,Cloudy,26585.17
34.8,8.6,1159,28.8,25,Static-Carousel,Lifestyle-Warm,64,1,iOS,Upfront,Rainy,12038.31
95.4,3.98,1721,22.2,20,Short-Video-Reel,High-Intent-Niche,131,8,Android,Net-15,Sunny,14556.47
102.3,1.32,733,51.6,25,Short-Video-Reel,Lifestyle-Warm,129,9,Android,Upfront,Rainy,11102.98
210.3,6.63,3958,36.6,15,Short-Video-Reel,Broad-Entertainment,136,8,Android,Upfront,Rainy,19444.51
413.2,7.54,2577,13.1,15,Short-Video-Reel,Lifestyle-Warm,31,7,Android,Net-15,Rainy,23275.37
332.2,7.24,2798,46.9,10,Short-Video-Reel,Lifestyle-Warm,87,21,Android,Net-30,Cloudy,23006.47
208.2,6.55,3200,30.3,25,Short-Video-Reel,Broad-Entertainment,20,9,Android,Net-15,Cloudy,18508.66
161.6,2.47,317,14.2,5,Short-Video-Reel,High-Intent-Niche,92,24,iOS,Net-30,Sunny,9627.06
366.6,2.91,618,40.3,5,Short-Video-Reel,High-Intent-Niche,42,4,iOS,Net-30,Rainy,15111.5
295.7,9.3,726,9.9,15,Short-Video-Reel,High-Intent-Niche,118,14,Android,Net-15,Cloudy,20410.19
321.2,3.82,4181,47.8,20,Static-Carousel,Broad-Entertainment,137,2,Android,Net-15,Cloudy,18444.13
403.4,8.61,1755,16.1,25,Short-Video-Reel,High-Intent-Niche,66,2,iOS,Net-30,Sunny,25704.49
37.6,2.29,639,51.9,20,Short-Video-Reel,Lifestyle-Warm,88,14,Android,Net-30,Rainy,10851.15
367.3,4.67,311,52.7,15,YouTube-Deep-Dive,Broad-Entertainment,123,6,Android,Net-15,Cloudy,17515.18
444.7,8.22,3005,39.9,20,Short-Video-Reel,High-Intent-Niche,94,7,Android,Net-15,Sunny,29239.52
232,1.2,4313,16,15,YouTube-Deep-Dive,High-Intent-Niche,85,19,iOS,Net-15,Rainy,19039.18
47.7,9.24,1021,35.4,0,Static-Carousel,High-Intent-Niche,104,15,iOS,Upfront,Sunny,12048.45
56.9,2.81,1848,44.3,25,Short-Video-Reel,Lifestyle-Warm,39,14,Android,Upfront,Cloudy,13879.9
410.3,7.41,2990,26.7,20,Short-Video-Reel,High-Intent-Niche,23,9,iOS,Net-30,Cloudy,26885.16
92.9,9.05,2484,19.1,25,Short-Video-Reel,Broad-Entertainment,88,15,iOS,Net-30,Cloudy,16060.25
350.9,4.71,4266,31.6,5,YouTube-Deep-Dive,Lifestyle-Warm,30,1,iOS,Net-30,Sunny,22943.74
344,4.86,1066,34.9,20,Short-Video-Reel,Lifestyle-Warm,68,24,iOS,Net-15,Sunny,17727.2
190.9,8.38,4434,53.1,15,Short-Video-Reel,Broad-Entertainment,85,17,Android,Net-30,Sunny,22104.9
114.1,1.56,2475,39.4,5,Short-Video-Reel,Lifestyle-Warm,38,2,Android,Net-15,Sunny,12253.15
66.1,5.2,3233,31,20,Short-Video-Reel,Lifestyle-Warm,70,7,iOS,Upfront,Sunny,16389.02
139.8,1.35,1701,8.1,5,YouTube-Deep-Dive,Broad-Entertainment,130,22,Android,Net-15,Cloudy,8610.5
291.7,8.58,2518,19.4,20,Short-Video-Reel,Lifestyle-Warm,131,10,Android,Upfront,Sunny,21795.24
376.1,9.49,3096,25.8,10,Static-Carousel,High-Intent-Niche,155,14,Android,Net-15,Sunny,25325.03
224.9,9.08,3844,42.7,10,Short-Video-Reel,Lifestyle-Warm,102,18,Android,Net-15,Sunny,23973.93
66.6,8.69,2287,12.4,0,Short-Video-Reel,Lifestyle-Warm,157,11,Android,Net-30,Sunny,12890.79
372.8,3.75,472,42.1,20,YouTube-Deep-Dive,Broad-Entertainment,88,20,iOS,Net-30,Rainy,16232.21
233.7,1.79,306,24.7,0,Short-Video-Reel,Broad-Entertainment,76,23,iOS,Upfront,Sunny,6284.08
208.2,8.85,3817,20.9,25,Short-Video-Reel,Lifestyle-Warm,38,2,iOS,Net-30,Rainy,22544.35
337,5.62,1089,52.7,0,Short-Video-Reel,Lifestyle-Warm,15,17,Android,Net-30,Cloudy,16799.03
31.3,7.02,619,54.5,15,YouTube-Deep-Dive,Broad-Entertainment,135,9,iOS,Upfront,Cloudy,12540.37
93.7,4.12,761,51.4,15,Static-Carousel,Broad-Entertainment,109,16,Android,Net-15,Rainy,9641.09
29.6,4.9,2084,39.8,10,YouTube-Deep-Dive,High-Intent-Niche,124,6,Android,Net-15,Rainy,15040.41
125.7,5.59,2562,36,15,YouTube-Deep-Dive,Lifestyle-Warm,40,8,iOS,Upfront,Rainy,17784.47
217.4,4.23,2783,32.5,25,Static-Carousel,Broad-Entertainment,39,2,Android,Net-30,Sunny,15203.04
95.4,4.8,2871,8.2,10,Short-Video-Reel,Broad-Entertainment,56,18,Android,Upfront,Cloudy,11866.82
30.3,7.01,2685,21,10,Short-Video-Reel,Broad-Entertainment,135,8,iOS,Net-30,Sunny,12079.44
49.6,6.15,3059,15.1,0,Short-Video-Reel,Lifestyle-Warm,107,11,iOS,Upfront,Cloudy,12747.98
168.8,2.78,4044,53.6,25,YouTube-Deep-Dive,Lifestyle-Warm,59,17,iOS,Net-15,Cloudy,21240.31
207.5,2.81,2407,7.4,20,Short-Video-Reel,Broad-Entertainment,147,12,Android,Net-15,Cloudy,11619.49
92.1,1.22,4157,9,5,Static-Carousel,Lifestyle-Warm,92,7,Android,Net-30,Cloudy,10482.48
227.7,1.21,1992,27.6,25,YouTube-Deep-Dive,Lifestyle-Warm,51,2,Android,Net-30,Cloudy,15721.99
291.5,4.9,1290,43.1,15,Short-Video-Reel,Broad-Entertainment,113,3,Android,Upfront,Cloudy,14939.93
165.3,8.19,3086,30.9,25,Short-Video-Reel,Lifestyle-Warm,141,9,iOS,Net-30,Cloudy,20247.3
241.6,3.13,3558,43.7,25,Short-Video-Reel,Broad-Entertainment,159,12,iOS,Net-30,Rainy,18465.39
97.3,2,3105,38.2,20,Short-Video-Reel,Lifestyle-Warm,153,24,iOS,Upfront,Cloudy,13787.45
173.8,4.07,1312,26.9,20,YouTube-Deep-Dive,Lifestyle-Warm,40,23,iOS,Net-30,Rainy,14957.6
180.6,9.12,1702,36.3,10,Short-Video-Reel,Lifestyle-Warm,74,15,iOS,Net-15,Cloudy,18427.49
308.3,7.76,245,44.6,20,Static-Carousel,Lifestyle-Warm,17,16,iOS,Net-15,Sunny,18750.1
353.1,3.44,3083,25.4,5,Short-Video-Reel,Broad-Entertainment,127,9,Android,Upfront,Rainy,15906.64
153.8,5.81,918,27.1,15,YouTube-Deep-Dive,Lifestyle-Warm,112,4,Android,Net-15,Cloudy,14161.94
307.4,7.93,2587,41.6,20,YouTube-Deep-Dive,Lifestyle-Warm,127,18,iOS,Net-15,Rainy,25112.72
124.1,7.9,1569,47.4,20,YouTube-Deep-Dive,Broad-Entertainment,140,22,iOS,Net-30,Cloudy,17334.84
397.5,6.67,4182,10.9,10,Static-Carousel,Lifestyle-Warm,128,22,Android,Upfront,Rainy,22205.72
70.1,5.53,621,37.2,10,Short-Video-Reel,Broad-Entertainment,135,18,iOS,Net-30,Cloudy,8891.11
275.1,3,451,35.4,20,YouTube-Deep-Dive,Broad-Entertainment,152,16,Android,Upfront,Sunny,13477.81
116.8,4.76,2788,43.4,10,Short-Video-Reel,High-Intent-Niche,76,23,Android,Upfront,Cloudy,17182
154.4,2.31,435,9.8,25,Short-Video-Reel,Broad-Entertainment,52,8,Android,Net-30,Sunny,7629.22
180.9,3.89,1098,6.9,10,Short-Video-Reel,Lifestyle-Warm,13,3,Android,Net-15,Sunny,10936.86
97.8,6.42,836,33.6,10,Short-Video-Reel,Lifestyle-Warm,95,1,iOS,Upfront,Cloudy,13001.7
243.1,0.8,1055,23,0,Short-Video-Reel,Lifestyle-Warm,49,10,iOS,Net-15,Sunny,7820.23
405.3,7.52,4375,9,0,Short-Video-Reel,High-Intent-Niche,74,6,Android,Upfront,Sunny,25439.28
438.9,8.46,2423,16.5,0,Short-Video-Reel,Lifestyle-Warm,111,1,iOS,Net-15,Rainy,23625.23
60.6,4.45,3247,16.7,15,Short-Video-Reel,Lifestyle-Warm,94,18,Android,Upfront,Rainy,13574.2
50.4,6.21,857,47.2,10,Short-Video-Reel,Lifestyle-Warm,131,23,Android,Upfront,Sunny,11823.19
182.7,5.11,3031,50.6,20,Static-Carousel,Lifestyle-Warm,114,19,iOS,Upfront,Rainy,16733.56
428.4,4.84,948,41.5,0,Static-Carousel,High-Intent-Niche,97,18,Android,Net-30,Rainy,16971.89
331.2,3.69,1002,15.2,5,Short-Video-Reel,High-Intent-Niche,60,22,Android,Upfront,Sunny,14527.78
167.6,4.3,3304,23.6,15,YouTube-Deep-Dive,Broad-Entertainment,135,17,iOS,Net-30,Cloudy,16041.06
430.5,8.08,1659,15.5,25,Static-Carousel,Lifestyle-Warm,17,2,iOS,Net-30,Rainy,22317.12
401,6.97,1923,43,5,Short-Video-Reel,Broad-Entertainment,149,14,iOS,Upfront,Cloudy,20177.52
190.1,1.75,3168,36,15,Short-Video-Reel,Lifestyle-Warm,76,20,Android,Net-30,Sunny,14874.95
428,7.39,4413,30.9,20,Static-Carousel,High-Intent-Niche,159,13,iOS,Net-30,Rainy,28877.56
369.2,6.97,2564,23.1,10,YouTube-Deep-Dive,Broad-Entertainment,47,18,iOS,Net-15,Cloudy,21604.18
320.1,6.61,260,11.6,10,YouTube-Deep-Dive,High-Intent-Niche,132,14,Android,Upfront,Sunny,19301.39
348,4.08,901,41,10,Short-Video-Reel,Broad-Entertainment,151,15,Android,Upfront,Cloudy,13289.29
422.3,8.09,4081,26.3,0,Static-Carousel,Broad-Entertainment,156,9,iOS,Net-15,Sunny,22058.58
328.5,7.5,1382,33.2,5,YouTube-Deep-Dive,Broad-Entertainment,65,21,iOS,Net-15,Cloudy,19732.65
305.7,9.27,1828,27.6,0,YouTube-Deep-Dive,Lifestyle-Warm,90,22,Android,Net-30,Sunny,22009.16
216.3,6.9,591,37.3,15,Static-Carousel,Broad-Entertainment,69,21,iOS,Upfront,Sunny,12276.25
432.4,6.76,3775,16.9,15,Short-Video-Reel,Lifestyle-Warm,145,7,iOS,Net-15,Sunny,24644.01
134.2,4.03,4267,40.1,10,Short-Video-Reel,High-Intent-Niche,71,16,iOS,Net-15,Cloudy,19870.57
395,2.89,1587,47.2,15,YouTube-Deep-Dive,Lifestyle-Warm,158,14,iOS,Upfront,Sunny,19413.61
118.7,7.24,3647,13.1,0,Short-Video-Reel,High-Intent-Niche,88,13,Android,Upfront,Sunny,18061.9
115,7.36,3173,44.2,5,Short-Video-Reel,High-Intent-Niche,138,13,iOS,Upfront,Sunny,18651.33
113.3,7.52,2175,41.6,25,Static-Carousel,Lifestyle-Warm,79,9,Android,Net-15,Rainy,15795.04
405.2,3.29,4299,15,25,YouTube-Deep-Dive,Lifestyle-Warm,69,6,Android,Net-15,Cloudy,23893.75
333.9,9.46,819,46.1,5,Static-Carousel,Lifestyle-Warm,73,14,iOS,Net-30,Cloudy,18856.72
126.2,6.38,3152,47,10,Short-Video-Reel,Lifestyle-Warm,98,7,iOS,Upfront,Rainy,17581.97
85,6.8,2589,27.7,15,Static-Carousel,Lifestyle-Warm,144,13,iOS,Net-15,Sunny,14528.21
320.6,8.71,1783,21.4,5,YouTube-Deep-Dive,Broad-Entertainment,108,23,iOS,Upfront,Rainy,20558.25
76.9,8.69,4327,26.4,10,Static-Carousel,High-Intent-Niche,131,1,Android,Net-15,Rainy,19060.9
414.1,2.76,154,13.3,10,Short-Video-Reel,High-Intent-Niche,144,16,iOS,Net-30,Sunny,13837.17
69,6.55,1822,6.1,5,Short-Video-Reel,High-Intent-Niche,70,13,iOS,Upfront,Rainy,12503.82
305.9,7.51,1854,28,0,YouTube-Deep-Dive,Broad-Entertainment,32,9,iOS,Net-30,Cloudy,18396.92
108,5.09,2351,32.2,5,YouTube-Deep-Dive,High-Intent-Niche,103,12,Android,Net-15,Rainy,16591.13
295.1,4.42,2292,31.1,10,Static-Carousel,High-Intent-Niche,111,5,iOS,Net-15,Cloudy,17668.37
413.7,7.45,3057,38.9,20,YouTube-Deep-Dive,Lifestyle-Warm,55,13,iOS,Upfront,Rainy,27969.86
378.5,5.33,2173,45.2,0,Short-Video-Reel,Lifestyle-Warm,66,10,iOS,Net-30,Rainy,19814.99
282.5,1.77,1897,26.2,0,Static-Carousel,High-Intent-Niche,108,18,iOS,Net-30,Rainy,12747.37
230.3,3.8,4401,23.2,10,Static-Carousel,Broad-Entertainment,13,11,iOS,Upfront,Sunny,15428.33
201.3,2.6,2827,20.8,20,Short-Video-Reel,Lifestyle-Warm,53,15,Android,Net-30,Rainy,15260.13
321.1,8.47,3890,49.3,5,Short-Video-Reel,Broad-Entertainment,82,19,iOS,Net-15,Rainy,23951.39
346.7,6.29,2737,19.7,0,Short-Video-Reel,High-Intent-Niche,126,17,iOS,Net-30,Rainy,21452.2
299.1,5.21,4314,17,15,YouTube-Deep-Dive,Lifestyle-Warm,77,22,iOS,Net-15,Cloudy,22651.81
222.3,1.71,2848,46.5,0,Short-Video-Reel,Broad-Entertainment,149,11,iOS,Net-30,Sunny,12143.77
336.7,5.71,3192,35,10,Short-Video-Reel,High-Intent-Niche,99,20,Android,Upfront,Sunny,22956.38
166.1,7.92,3752,49.2,20,Static-Carousel,Lifestyle-Warm,65,3,iOS,Net-30,Cloudy,20333.93
127.8,1.4,3683,39.3,5,Short-Video-Reel,Lifestyle-Warm,25,13,Android,Net-15,Rainy,13631.11
36.3,5.72,1515,28.6,0,Static-Carousel,Lifestyle-Warm,45,8,iOS,Net-15,Rainy,8796.51
100.6,7.68,2163,48.3,20,Static-Carousel,Broad-Entertainment,121,6,Android,Net-15,Cloudy,14152.63
437.2,1.14,338,29.5,5,YouTube-Deep-Dive,Broad-Entertainment,83,10,iOS,Net-15,Sunny,10860.05
290.4,9.19,2157,37.5,25,Short-Video-Reel,Broad-Entertainment,71,20,iOS,Upfront,Cloudy,21821
178.2,4.74,474,11.6,20,YouTube-Deep-Dive,Lifestyle-Warm,50,20,iOS,Net-30,Rainy,13782.56
430.6,5.96,4354,31.2,15,YouTube-Deep-Dive,Lifestyle-Warm,66,5,iOS,Net-15,Sunny,27521.77
44.6,6.53,3455,22,15,Static-Carousel,Lifestyle-Warm,102,22,Android,Net-30,Cloudy,13802.53
155.2,8.04,2442,35.9,5,Static-Carousel,High-Intent-Niche,59,12,iOS,Net-30,Sunny,17568.64
197.4,4.33,1407,16.8,5,Short-Video-Reel,Broad-Entertainment,146,5,iOS,Net-30,Sunny,11459.97
121.7,1.68,2589,20.8,10,Short-Video-Reel,Broad-Entertainment,136,7,Android,Net-15,Rainy,9807.91
369,7.73,2592,27.7,5,Short-Video-Reel,Broad-Entertainment,108,24,Android,Upfront,Rainy,20341.59
130.1,2.21,703,37.3,0,Short-Video-Reel,High-Intent-Niche,70,11,Android,Upfront,Sunny,11235.33
226.7,6.01,1377,24.7,25,Static-Carousel,Broad-Entertainment,14,6,Android,Upfront,Rainy,13707.8
436.8,1.13,4222,48.5,0,Short-Video-Reel,Broad-Entertainment,123,10,iOS,Net-30,Sunny,17357.35
228.7,2.24,4428,22.3,10,Short-Video-Reel,Lifestyle-Warm,124,18,Android,Upfront,Sunny,17025.01
118.1,8.19,3087,22.1,25,YouTube-Deep-Dive,Lifestyle-Warm,118,10,iOS,Net-15,Cloudy,20274.72
274.1,7.21,482,49.3,5,Short-Video-Reel,High-Intent-Niche,105,7,Android,Net-30,Rainy,18549.77
388.2,0.93,2651,15.9,10,YouTube-Deep-Dive,High-Intent-Niche,80,24,iOS,Upfront,Cloudy,17695.02
169.7,6.67,382,35.9,5,YouTube-Deep-Dive,Lifestyle-Warm,120,3,iOS,Net-15,Sunny,14566.1
47.9,3.49,2910,20.8,0,Static-Carousel,Lifestyle-Warm,147,13,Android,Net-30,Sunny,9077.65
198.2,6.77,1123,37.3,15,Short-Video-Reel,Broad-Entertainment,151,19,Android,Upfront,Sunny,14602.07
364.8,8.56,2957,12.9,10,YouTube-Deep-Dive,Lifestyle-Warm,121,11,iOS,Net-15,Sunny,25113.52
82,2,4243,12.4,25,Static-Carousel,Lifestyle-Warm,79,1,Android,Net-15,Rainy,12908.57
147,1.27,4045,53.7,5,Short-Video-Reel,Lifestyle-Warm,122,20,iOS,Upfront,Cloudy,15188.41
100.8,3.96,1836,39.9,0,Static-Carousel,Lifestyle-Warm,55,10,iOS,Upfront,Sunny,9359.63
407.8,7.09,4188,44.3,15,YouTube-Deep-Dive,Broad-Entertainment,121,24,Android,Net-15,Rainy,27262.44
379.1,6.69,3364,24.1,15,YouTube-Deep-Dive,High-Intent-Niche,62,21,iOS,Upfront,Sunny,26563.87
74.8,4.34,3787,28.1,25,Short-Video-Reel,Lifestyle-Warm,39,4,Android,Upfront,Sunny,17215.35
70,3.68,1528,52.9,10,Static-Carousel,Lifestyle-Warm,127,5,iOS,Net-15,Cloudy,10602.97
115.2,8.65,513,44.9,10,Short-Video-Reel,Broad-Entertainment,79,13,Android,Net-30,Rainy,13056.89
347.2,8.18,1234,12.5,10,Short-Video-Reel,Broad-Entertainment,38,17,Android,Net-15,Rainy,17795.75
52.8,3.39,2134,12.4,0,YouTube-Deep-Dive,Broad-Entertainment,41,8,Android,Net-30,Cloudy,8166.79
260.9,7.4,222,17.2,10,Static-Carousel,Lifestyle-Warm,140,1,iOS,Net-15,Cloudy,13060.97
321.4,7.62,4444,47.2,10,Short-Video-Reel,High-Intent-Niche,14,10,Android,Net-30,Rainy,27836.4
414.3,4.68,2624,29.1,0,Short-Video-Reel,Lifestyle-Warm,72,23,iOS,Net-30,Sunny,18625.12
436.1,8.78,1359,23.4,20,Short-Video-Reel,High-Intent-Niche,107,17,Android,Upfront,Cloudy,26462.35
203.6,1.21,832,7.2,5,Short-Video-Reel,Broad-Entertainment,78,19,Android,Upfront,Sunny,6354.19
386.4,6.82,4499,18.8,10,YouTube-Deep-Dive,High-Intent-Niche,26,11,Android,Upfront,Cloudy,28258.55
444.4,3.86,688,46.6,5,Static-Carousel,Lifestyle-Warm,102,23,iOS,Upfront,Rainy,14709.15
446.7,4.19,3423,31,10,Short-Video-Reel,Lifestyle-Warm,74,8,Android,Net-30,Rainy,21591.69
382.7,7.76,842,6.4,15,Short-Video-Reel,Broad-Entertainment,63,21,iOS,Upfront,Cloudy,17947.69
282.8,4.47,1504,42,0,Short-Video-Reel,Lifestyle-Warm,54,24,Android,Net-30,Sunny,14560.84
60,6.77,3563,37.2,25,YouTube-Deep-Dive,Lifestyle-Warm,96,5,iOS,Net-15,Cloudy,20706.23
255.2,7.98,2127,41.5,25,Short-Video-Reel,Lifestyle-Warm,78,21,Android,Net-15,Cloudy,21787.42
19.5,5.66,4290,18.7,20,YouTube-Deep-Dive,Lifestyle-Warm,121,21,Android,Net-15,Cloudy,17910.57
361.8,2.28,3620,20.8,20,Short-Video-Reel,Lifestyle-Warm,131,9,Android,Upfront,Rainy,17898.03
97.2,5,2780,42.7,0,Static-Carousel,Lifestyle-Warm,63,11,iOS,Upfront,Sunny,12035.5
222,6.53,2411,17.5,0,Short-Video-Reel,High-Intent-Niche,140,13,iOS,Net-30,Cloudy,17333.13
72.1,0.81,4150,54.6,0,Short-Video-Reel,Broad-Entertainment,78,12,Android,Upfront,Sunny,12316.8
365.4,7.26,3047,29.8,10,Short-Video-Reel,Lifestyle-Warm,45,19,Android,Upfront,Cloudy,22824.83
208.7,8.59,3565,24.5,0,Short-Video-Reel,Broad-Entertainment,106,24,iOS,Net-30,Cloudy,18080.48
181.1,1.39,3027,42.7,15,YouTube-Deep-Dive,High-Intent-Niche,68,8,iOS,Net-30,Sunny,18587.25
37.6,7.44,1251,53.5,15,Static-Carousel,High-Intent-Niche,55,4,iOS,Net-30,Rainy,13942.11
318.7,1.82,4426,22.4,20,Short-Video-Reel,High-Intent-Niche,112,18,iOS,Net-15,Sunny,20691.23
28,3.2,4476,13.5,20,Short-Video-Reel,High-Intent-Niche,141,15,Android,Upfront,Rainy,15972.25
144.9,2.36,1242,48.9,20,Short-Video-Reel,Broad-Entertainment,144,17,iOS,Net-30,Rainy,10841.99
373.1,4.49,3396,11.4,5,Short-Video-Reel,Lifestyle-Warm,148,4,Android,Net-30,Rainy,19059.37
216.2,2.65,2797,32.7,20,Static-Carousel,Broad-Entertainment,69,7,iOS,Net-15,Rainy,11853.13
142.3,6.63,1287,42.7,5,Short-Video-Reel,Broad-Entertainment,98,10,iOS,Net-15,Rainy,13308.99
386.5,7.62,834,10.9,10,Short-Video-Reel,Lifestyle-Warm,130,17,iOS,Upfront,Sunny,18626.39
113.4,4.48,3640,30.1,15,YouTube-Deep-Dive,Lifestyle-Warm,141,13,Android,Net-30,Sunny,17863
443.3,7.19,3223,23.1,15,Static-Carousel,Lifestyle-Warm,69,11,Android,Net-15,Rainy,22978.67
141.3,2.45,4379,22,25,Short-Video-Reel,Lifestyle-Warm,77,1,Android,Net-30,Cloudy,17945.78
115.8,5.66,692,54.9,25,Short-Video-Reel,Lifestyle-Warm,24,10,Android,Net-30,Sunny,15752.64
404.7,1.18,3699,9.4,25,Static-Carousel,High-Intent-Niche,96,18,Android,Net-30,Sunny,18612.7
23,5.84,2608,20.1,15,Short-Video-Reel,Broad-Entertainment,86,4,Android,Net-15,Cloudy,11214.21
397.9,7,3317,40.4,20,Short-Video-Reel,Lifestyle-Warm,34,10,iOS,Net-30,Rainy,25919.43
258.1,8.17,1009,31.3,15,Short-Video-Reel,Lifestyle-Warm,60,1,Android,Upfront,Cloudy,18528.51
365.1,2.69,578,12.1,5,Short-Video-Reel,Lifestyle-Warm,53,5,Android,Net-15,Rainy,11844.45
198.4,5.94,3667,10.7,25,Short-Video-Reel,High-Intent-Niche,104,17,iOS,Net-15,Sunny,21351.06
125.2,5.56,2991,27.6,20,Short-Video-Reel,Broad-Entertainment,82,16,iOS,Net-30,Sunny,14731.48
207.8,1.4,3240,32.1,0,Short-Video-Reel,Lifestyle-Warm,85,6,iOS,Net-30,Sunny,13848.82
98.3,6.1,1722,26,10,Short-Video-Reel,Lifestyle-Warm,47,11,iOS,Net-30,Sunny,12516.44
30.8,0.86,2529,35.6,10,Short-Video-Reel,Lifestyle-Warm,133,23,iOS,Net-15,Rainy,11315.23
162.9,5.11,2326,19.2,5,YouTube-Deep-Dive,High-Intent-Niche,26,19,iOS,Net-15,Sunny,17612.26
291.7,3.97,3653,21.5,20,Static-Carousel,Broad-Entertainment,72,5,Android,Upfront,Cloudy,16226.31
116.9,7.42,2146,14.7,0,Short-Video-Reel,Lifestyle-Warm,72,3,iOS,Net-15,Rainy,13788.84
61.7,0.88,4046,23.9,25,Short-Video-Reel,High-Intent-Niche,113,2,Android,Net-30,Sunny,16493.19
332.6,3.01,4053,47.6,15,Short-Video-Reel,High-Intent-Niche,75,12,Android,Net-30,Sunny,22014.35
21.5,4.91,2353,16.7,20,YouTube-Deep-Dive,Broad-Entertainment,48,18,iOS,Net-15,Sunny,12730.61
389.7,6.16,1714,47.8,15,YouTube-Deep-Dive,Broad-Entertainment,94,15,iOS,Upfront,Cloudy,21428.37
20.5,7.27,2337,31,0,Static-Carousel,Lifestyle-Warm,151,10,Android,Upfront,Sunny,10236.64
117.1,6.32,2808,8.9,5,Short-Video-Reel,Lifestyle-Warm,87,6,iOS,Net-30,Cloudy,14709.16
207.4,4.08,1607,28.2,15,Short-Video-Reel,Lifestyle-Warm,106,19,iOS,Upfront,Cloudy,13980.85
126.5,2.34,3936,33,0,YouTube-Deep-Dive,Broad-Entertainment,29,13,Android,Net-15,Rainy,14151.06
243.2,4.18,1435,30,20,Short-Video-Reel,Broad-Entertainment,69,8,Android,Upfront,Cloudy,13225.14
350.6,8.38,1318,27.8,15,Static-Carousel,Broad-Entertainment,44,15,iOS,Net-30,Cloudy,18092.74
230,8.42,2289,29,5,YouTube-Deep-Dive,High-Intent-Niche,123,6,iOS,Net-30,Cloudy,21757.63
218.8,1.23,1275,40.3,20,Static-Carousel,Lifestyle-Warm,146,16,Android,Upfront,Cloudy,10800.99
281.9,7.83,2260,34,5,YouTube-Deep-Dive,Broad-Entertainment,81,13,iOS,Net-15,Sunny,20258.12
157.5,3.44,2962,32.6,0,Short-Video-Reel,Broad-Entertainment,133,7,iOS,Net-30,Sunny,11787.47
194.5,0.87,2861,7.1,0,Short-Video-Reel,Broad-Entertainment,52,4,Android,Upfront,Cloudy,8975.87
191.2,1.13,182,7.4,0,Short-Video-Reel,High-Intent-Niche,20,2,Android,Net-30,Sunny,8010.49
130.6,7.07,720,53.5,20,Short-Video-Reel,Broad-Entertainment,32,18,Android,Net-15,Cloudy,14317.94
247.5,9.44,261,38.8,25,YouTube-Deep-Dive,Lifestyle-Warm,42,6,iOS,Net-15,Sunny,21350.59
446.1,7.34,701,12.9,5,Static-Carousel,Lifestyle-Warm,135,4,iOS,Upfront,Rainy,17195.52
285,7.76,2536,44.3,15,Short-Video-Reel,High-Intent-Niche,98,2,Android,Net-30,Cloudy,24037.77
56.6,3.73,2414,25.4,5,Short-Video-Reel,High-Intent-Niche,30,16,iOS,Net-30,Sunny,12972.26
125.4,5.18,1216,43.3,25,Short-Video-Reel,High-Intent-Niche,88,9,iOS,Upfront,Rainy,16872.27
231,3.19,3237,50.6,15,Short-Video-Reel,Lifestyle-Warm,47,23,Android,Upfront,Rainy,18881.61
64.3,3.03,155,35.2,20,Short-Video-Reel,Lifestyle-Warm,149,16,iOS,Net-30,Cloudy,9430.45
294.5,8.57,1765,11.3,5,Short-Video-Reel,Lifestyle-Warm,81,16,iOS,Upfront,Cloudy,17746.31
315,8.15,423,27.2,20,Short-Video-Reel,High-Intent-Niche,57,2,Android,Net-30,Cloudy,21453.68
285,1.25,2682,18.3,25,Short-Video-Reel,Broad-Entertainment,129,12,iOS,Upfront,Rainy,13112.67
253.9,3.63,2300,25.5,10,Static-Carousel,Broad-Entertainment,18,19,iOS,Net-30,Rainy,11697.67
129.2,3.06,171,16.2,0,Short-Video-Reel,Broad-Entertainment,148,23,iOS,Net-30,Sunny,5087.23
175.6,7.94,4232,50.1,25,Short-Video-Reel,Broad-Entertainment,108,3,iOS,Upfront,Sunny,21725.32
125.7,9.02,2993,53.1,25,Static-Carousel,Lifestyle-Warm,63,13,Android,Net-15,Cloudy,19935.49
227.5,7.1,3211,21.3,15,YouTube-Deep-Dive,High-Intent-Niche,128,16,Android,Net-30,Cloudy,23371.09
393.3,4.14,1658,11.8,0,Static-Carousel,Lifestyle-Warm,132,14,Android,Net-30,Sunny,12869.41
168,9.46,1723,41.6,15,Short-Video-Reel,Lifestyle-Warm,27,9,iOS,Net-30,Rainy,18808.58
324.6,2.36,2091,18.4,20,Static-Carousel,Lifestyle-Warm,39,2,Android,Net-15,Cloudy,13139.16
198.5,7.04,2263,29.3,25,Short-Video-Reel,Lifestyle-Warm,141,12,iOS,Upfront,Sunny,19009.81
217.7,4.07,2636,53.6,25,Short-Video-Reel,Lifestyle-Warm,66,10,Android,Upfront,Sunny,18669.11
419.7,7.53,3139,27.7,15,Short-Video-Reel,Lifestyle-Warm,123,19,Android,Net-30,Cloudy,25709.25
134,7.71,2772,12.9,20,YouTube-Deep-Dive,Broad-Entertainment,44,19,Android,Net-15,Sunny,17306.33
399.9,9.26,2825,8.8,20,YouTube-Deep-Dive,High-Intent-Niche,139,16,Android,Net-15,Cloudy,29271.93
57.7,4.07,1932,46.5,0,YouTube-Deep-Dive,Broad-Entertainment,148,10,iOS,Upfront,Sunny,11744.57
339.7,4.3,4159,37.9,25,YouTube-Deep-Dive,High-Intent-Niche,70,16,Android,Upfront,Sunny,25737.36
172.7,0.96,3926,51.5,0,Static-Carousel,High-Intent-Niche,13,22,iOS,Net-15,Rainy,15659.73
393,3.35,1238,43.7,0,Static-Carousel,Lifestyle-Warm,50,3,Android,Upfront,Rainy,13648.9
55.3,6.49,3552,8,0,YouTube-Deep-Dive,Lifestyle-Warm,73,12,iOS,Upfront,Rainy,15175.22
367.8,2.16,898,52.2,0,Static-Carousel,Broad-Entertainment,50,11,iOS,Upfront,Cloudy,9856.05
376,7.9,4256,39.8,0,Short-Video-Reel,Broad-Entertainment,63,14,iOS,Net-15,Cloudy,23777.31
440.2,4.3,3514,47.6,10,Static-Carousel,Broad-Entertainment,158,9,iOS,Net-15,Cloudy,19341.01
332.4,1.87,1221,23.2,15,Short-Video-Reel,Broad-Entertainment,104,6,iOS,Net-15,Rainy,10707.12
97.8,5.71,2987,34.4,20,YouTube-Deep-Dive,High-Intent-Niche,40,9,iOS,Net-30,Cloudy,19677.27
317.2,2.61,2975,23.9,5,Static-Carousel,Lifestyle-Warm,28,21,Android,Net-15,Sunny,14014.83
150.4,2.74,3957,7.2,10,YouTube-Deep-Dive,High-Intent-Niche,41,10,Android,Net-15,Sunny,18060.23
443.5,5.95,3295,7.7,20,Static-Carousel,Broad-Entertainment,128,12,iOS,Upfront,Sunny,19570.49
370.7,6.75,1698,40.3,15,Short-Video-Reel,Broad-Entertainment,153,21,Android,Net-15,Rainy,20227.07
260.7,7.49,1508,35.4,5,Short-Video-Reel,Broad-Entertainment,105,23,Android,Net-15,Rainy,15642.67
54.6,7.25,3010,24.2,25,YouTube-Deep-Dive,Lifestyle-Warm,86,6,Android,Upfront,Sunny,18229.09
176.9,1.65,906,13.3,25,Static-Carousel,Broad-Entertainment,96,17,Android,Net-15,Rainy,6908.91
276.7,5.13,807,34.3,15,Short-Video-Reel,Lifestyle-Warm,159,7,Android,Net-30,Cloudy,15298.49
425.5,9,206,48.4,25,Short-Video-Reel,Broad-Entertainment,114,14,Android,Net-15,Cloudy,24109.07
81.6,6.7,1591,18.6,20,Short-Video-Reel,High-Intent-Niche,53,10,Android,Net-30,Cloudy,15239.42
145.2,5.84,471,27,5,Short-Video-Reel,Broad-Entertainment,152,13,Android,Upfront,Cloudy,9343.5
340.4,3.53,2874,23.7,5,Short-Video-Reel,Lifestyle-Warm,108,19,iOS,Net-30,Rainy,17412.57
442.6,4.42,746,8.7,0,Short-Video-Reel,Lifestyle-Warm,158,2,iOS,Net-30,Sunny,14635.56
446.8,6.69,3433,51.9,15,Short-Video-Reel,Broad-Entertainment,57,17,Android,Upfront,Sunny,25135.42
137.4,9.22,3020,37.1,20,Static-Carousel,Broad-Entertainment,101,5,iOS,Net-30,Sunny,17566.79
333.2,5.94,2709,51.6,10,Short-Video-Reel,Broad-Entertainment,110,17,iOS,Net-15,Rainy,19050.5
85.6,2.89,622,49.1,15,YouTube-Deep-Dive,High-Intent-Niche,113,12,Android,Upfront,Sunny,14153.49
42.9,1.08,2677,16,25,Short-Video-Reel,High-Intent-Niche,35,15,iOS,Upfront,Cloudy,14507.59
281.8,9.03,4278,43,5,Static-Carousel,Broad-Entertainment,59,18,Android,Upfront,Sunny,21501.7
189.2,9.13,2905,22.9,20,YouTube-Deep-Dive,High-Intent-Niche,110,8,iOS,Upfront,Sunny,24582.81
272,4.29,1258,18.6,25,Short-Video-Reel,High-Intent-Niche,107,16,Android,Upfront,Sunny,17757.67
167.3,1.45,2761,16.1,10,Short-Video-Reel,Broad-Entertainment,72,12,iOS,Net-30,Sunny,9871.72
18.5,4.1,2444,45.6,20,Static-Carousel,High-Intent-Niche,29,4,Android,Net-30,Sunny,14152.37
102.7,9.31,929,53,10,YouTube-Deep-Dive,Broad-Entertainment,113,8,iOS,Upfront,Rainy,15985.55
28.8,5.73,2187,47.8,15,YouTube-Deep-Dive,Broad-Entertainment,115,17,Android,Net-30,Sunny,13952.99
368.6,1.96,261,11.3,15,Static-Carousel,Broad-Entertainment,21,20,iOS,Net-15,Rainy,8005.03
51.5,3.87,3654,28.3,15,Static-Carousel,Lifestyle-Warm,54,11,iOS,Upfront,Rainy,13501.14
82.5,1.07,3262,25.8,25,Static-Carousel,Lifestyle-Warm,79,4,Android,Net-30,Sunny,12658.83
42.9,7.53,2017,29,10,YouTube-Deep-Dive,Broad-Entertainment,144,10,iOS,Net-30,Cloudy,13228.25
370.1,0.91,4007,14.5,15,Static-Carousel,Lifestyle-Warm,50,14,Android,Upfront,Rainy,14583.11
277.6,4.26,3242,16.6,20,YouTube-Deep-Dive,High-Intent-Niche,60,10,Android,Net-30,Sunny,21893.76
97.8,6.32,3549,19.3,25,Short-Video-Reel,Broad-Entertainment,122,16,iOS,Net-30,Sunny,16932.13
104.7,1.37,3537,37.2,5,Static-Carousel,Lifestyle-Warm,141,13,iOS,Net-15,Rainy,12423.49
100.3,4.34,3342,19.6,5,Static-Carousel,Lifestyle-Warm,20,17,iOS,Net-15,Sunny,11501.92
82.6,6,2730,19.8,25,Static-Carousel,Lifestyle-Warm,136,21,iOS,Upfront,Sunny,14318.76
202.8,1.83,4499,24.9,10,Short-Video-Reel,Broad-Entertainment,152,7,iOS,Net-15,Rainy,14931.22
417.8,2.69,3808,37.9,20,YouTube-Deep-Dive,Broad-Entertainment,143,3,iOS,Upfront,Sunny,21237.53
428.2,2.19,1487,8.8,0,YouTube-Deep-Dive,Lifestyle-Warm,130,9,Android,Net-15,Cloudy,14552.68
436,2,443,23,20,Static-Carousel,High-Intent-Niche,96,21,Android,Net-15,Rainy,12513.88
60.1,7.27,3169,37.4,25,Short-Video-Reel,Broad-Entertainment,133,15,Android,Upfront,Rainy,16028.16
350.9,5.27,279,47.3,0,Short-Video-Reel,Broad-Entertainment,116,10,iOS,Net-15,Cloudy,14408.22
166.6,6.67,317,25.4,5,Static-Carousel,Broad-Entertainment,96,20,iOS,Net-30,Cloudy,8342.74
247.5,5.83,4098,15.9,10,Short-Video-Reel,Lifestyle-Warm,55,22,Android,Upfront,Sunny,20021.36
147.9,9.4,2290,24.1,0,Short-Video-Reel,Lifestyle-Warm,80,3,Android,Upfront,Sunny,16239.57
315.5,3.35,2705,35.3,10,Static-Carousel,Broad-Entertainment,105,16,iOS,Upfront,Cloudy,14144.32
157.3,4.75,2553,47.7,0,Short-Video-Reel,Broad-Entertainment,99,17,Android,Net-30,Sunny,13636.01
396.6,0.9,2057,8.5,20,Short-Video-Reel,Lifestyle-Warm,152,11,iOS,Upfront,Cloudy,13673.07
107.5,7.65,2829,53.2,25,Static-Carousel,High-Intent-Niche,122,2,Android,Upfront,Cloudy,20011.16
176.5,4.42,2665,52.5,25,Short-Video-Reel,High-Intent-Niche,151,12,iOS,Upfront,Cloudy,20749.25
341,6.26,3279,18.3,10,Short-Video-Reel,Broad-Entertainment,67,24,iOS,Net-30,Cloudy,19566.52
66.3,2.06,1665,37.7,15,YouTube-Deep-Dive,Broad-Entertainment,44,8,Android,Net-30,Rainy,11447.62
40.9,8.32,1298,8,25,Static-Carousel,Lifestyle-Warm,90,20,Android,Net-15,Sunny,10945.86
60.4,8.18,944,20.6,25,Short-Video-Reel,Lifestyle-Warm,153,15,iOS,Upfront,Sunny,13925.4
314.9,4.85,1289,54.3,5,YouTube-Deep-Dive,Lifestyle-Warm,69,11,Android,Net-30,Sunny,17628.34
433.4,4.36,1516,29.4,10,Static-Carousel,Lifestyle-Warm,20,2,Android,Net-15,Rainy,15844.75
216.8,6.88,2808,20.3,15,Static-Carousel,Broad-Entertainment,64,7,Android,Upfront,Cloudy,15842.49
202.9,3.06,2172,7,0,Short-Video-Reel,Broad-Entertainment,100,10,iOS,Net-15,Cloudy,10066.71
54.6,3.83,4281,39.6,20,Static-Carousel,Broad-Entertainment,152,22,Android,Net-30,Sunny,13417.45
58.8,5.74,2093,33.6,5,Short-Video-Reel,Lifestyle-Warm,17,20,iOS,Upfront,Cloudy,13344.63
104.2,5.25,1525,50.9,0,Short-Video-Reel,Lifestyle-Warm,89,2,Android,Net-30,Cloudy,12034.57
237,9.34,472,51.3,10,YouTube-Deep-Dive,Broad-Entertainment,44,7,iOS,Net-15,Rainy,19329.49
146.1,5.97,4017,40.3,10,YouTube-Deep-Dive,Lifestyle-Warm,112,16,Android,Net-15,Cloudy,20659.96
164.1,0.81,1665,47.6,25,Short-Video-Reel,Broad-Entertainment,106,7,Android,Upfront,Sunny,11336.57
275,5.74,2770,52.7,5,Short-Video-Reel,Lifestyle-Warm,139,16,iOS,Net-30,Rainy,19844.83
402.2,3.71,1395,23.3,20,Short-Video-Reel,Lifestyle-Warm,65,11,iOS,Upfront,Rainy,17543.67
56.1,4.88,2809,29.5,20,YouTube-Deep-Dive,Lifestyle-Warm,138,13,iOS,Upfront,Sunny,15671.35
70.6,0.82,443,24.4,15,Short-Video-Reel,Broad-Entertainment,48,15,Android,Net-30,Sunny,5648.29
98.4,4.15,2945,34.4,25,Static-Carousel,Broad-Entertainment,108,13,Android,Net-15,Rainy,13031.97
372.3,1.85,3634,22.3,25,YouTube-Deep-Dive,Broad-Entertainment,152,15,iOS,Upfront,Rainy,18264.2
191.7,7.02,1933,6.3,25,Static-Carousel,Lifestyle-Warm,121,18,iOS,Net-15,Cloudy,14484.73
387.2,5.17,2527,48.9,25,YouTube-Deep-Dive,Lifestyle-Warm,119,19,Android,Upfront,Rainy,24798.86
231.5,7.38,3610,33.1,5,Static-Carousel,High-Intent-Niche,43,8,iOS,Net-30,Cloudy,20183.25
87,4.33,2435,52.2,10,Short-Video-Reel,Lifestyle-Warm,125,4,Android,Net-30,Rainy,14629.42
297.2,8.25,2372,31.2,25,Short-Video-Reel,Lifestyle-Warm,105,11,Android,Upfront,Cloudy,22751.84
94.3,3.07,1850,13.4,10,Static-Carousel,Broad-Entertainment,111,22,iOS,Net-30,Cloudy,6922.18
371.2,6.04,2356,52,15,Short-Video-Reel,Lifestyle-Warm,158,2,Android,Net-15,Rainy,22248.12
94.3,5.28,718,54.9,15,YouTube-Deep-Dive,Lifestyle-Warm,157,7,iOS,Upfront,Sunny,14258.83
107.4,4.33,985,13.9,20,Short-Video-Reel,Lifestyle-Warm,94,20,iOS,Net-30,Rainy,10771.83
382.6,4.51,1792,25,25,YouTube-Deep-Dive,Broad-Entertainment,64,1,iOS,Net-15,Cloudy,18655.15
369.5,8.83,2527,10.5,20,Static-Carousel,Lifestyle-Warm,128,15,Android,Net-30,Cloudy,22754.12
282.6,8.15,427,50.4,25,YouTube-Deep-Dive,Broad-Entertainment,37,6,Android,Net-15,Rainy,19881.66
217,2.1,3778,19.3,10,Static-Carousel,High-Intent-Niche,82,19,iOS,Net-15,Cloudy,16069.77
312,2.04,2114,50.1,15,Short-Video-Reel,Broad-Entertainment,151,22,iOS,Net-30,Sunny,14190.34
119,8.81,2656,40.2,20,Short-Video-Reel,Broad-Entertainment,104,24,Android,Net-15,Rainy,17925.8
30.2,3.98,208,41.7,25,Static-Carousel,Lifestyle-Warm,52,14,Android,Net-30,Rainy,9220.08
169.3,3.77,2814,7.1,5,YouTube-Deep-Dive,Broad-Entertainment,117,18,Android,Net-30,Cloudy,13116.78
286,3.32,934,7.6,25,Short-Video-Reel,Broad-Entertainment,83,12,Android,Net-15,Sunny,11989.42
97.6,2.47,2842,34.1,25,Short-Video-Reel,Broad-Entertainment,90,12,iOS,Net-15,Rainy,13436.55
330.9,3.98,4410,45.9,10,Short-Video-Reel,High-Intent-Niche,74,18,Android,Net-30,Sunny,24183.3
391.5,0.89,2023,33.6,5,YouTube-Deep-Dive,Broad-Entertainment,137,3,iOS,Upfront,Sunny,13953.92
182.4,4.67,4461,9.1,10,Short-Video-Reel,High-Intent-Niche,143,12,iOS,Net-15,Rainy,19271.59
163.5,5.06,1819,26,20,Short-Video-Reel,Broad-Entertainment,96,4,iOS,Net-30,Sunny,13678.42
68.9,5.27,2169,7.2,20,Short-Video-Reel,Lifestyle-Warm,130,21,Android,Net-30,Cloudy,12584.53
365.7,7.05,4070,9.9,0,Short-Video-Reel,Lifestyle-Warm,33,1,iOS,Upfront,Sunny,22004.72
181.2,3.71,3279,16.7,15,Static-Carousel,Broad-Entertainment,99,1,iOS,Net-15,Sunny,12370.38
434.7,4.63,3821,35.7,20,Short-Video-Reel,High-Intent-Niche,146,14,iOS,Upfront,Sunny,26270.24
222,1.94,4139,34.4,20,Short-Video-Reel,High-Intent-Niche,39,12,Android,Net-15,Cloudy,19852.49
262.9,7.41,562,12.3,15,Static-Carousel,High-Intent-Niche,77,24,Android,Net-15,Rainy,16373.45
155.7,4.16,1426,42.2,20,Short-Video-Reel,High-Intent-Niche,153,3,iOS,Net-15,Rainy,16395.45
241.5,2.19,113,30.9,10,Short-Video-Reel,Broad-Entertainment,138,20,Android,Upfront,Cloudy,8727.55
333.8,1.6,1417,38,20,Short-Video-Reel,Broad-Entertainment,117,6,iOS,Net-15,Rainy,12422.29
129.4,0.89,3373,32.3,15,YouTube-Deep-Dive,Lifestyle-Warm,124,23,Android,Net-15,Rainy,15104.28
286,3.33,1045,25,0,YouTube-Deep-Dive,Lifestyle-Warm,131,3,iOS,Net-30,Sunny,13490.17
444.1,6.2,193,39.6,25,YouTube-Deep-Dive,High-Intent-Niche,129,3,iOS,Net-30,Sunny,24479.37
178.4,7.13,884,51.7,20,Short-Video-Reel,High-Intent-Niche,62,11,Android,Upfront,Cloudy,18443.87
93.7,7.29,849,48.2,5,Short-Video-Reel,Broad-Entertainment,153,20,iOS,Net-30,Sunny,11712.16
414.7,7.64,579,48.7,0,Short-Video-Reel,Lifestyle-Warm,121,12,iOS,Net-15,Cloudy,20132
48.7,7.3,1459,28.8,5,Short-Video-Reel,High-Intent-Niche,48,23,iOS,Net-30,Sunny,13287.04
437.8,2.5,2729,37,0,Short-Video-Reel,Broad-Entertainment,48,24,Android,Net-30,Cloudy,15079.65
428.6,4.18,993,24.2,25,Static-Carousel,Lifestyle-Warm,29,12,iOS,Net-15,Sunny,16229.28
166.5,2.5,3396,33.8,0,Short-Video-Reel,Broad-Entertainment,97,10,iOS,Net-30,Sunny,12479.64
232.4,4.97,2901,15.8,10,Short-Video-Reel,Broad-Entertainment,158,21,Android,Net-15,Cloudy,15076.75
78.8,0.86,2893,47,5,Short-Video-Reel,Broad-Entertainment,47,5,iOS,Net-30,Rainy,10708.94
271.5,9.15,1555,41.7,0,YouTube-Deep-Dive,Broad-Entertainment,139,12,iOS,Net-15,Cloudy,19864.76
26.8,9.47,3977,33.4,25,Short-Video-Reel,Broad-Entertainment,157,13,iOS,Upfront,Sunny,17695.11
380.7,2.51,2044,12.4,15,Short-Video-Reel,Lifestyle-Warm,123,6,Android,Net-30,Cloudy,15197.69
62.3,6.42,1553,30.4,25,YouTube-Deep-Dive,Lifestyle-Warm,108,14,iOS,Net-30,Sunny,15995.96
415.3,9.27,1632,43.3,20,Short-Video-Reel,Lifestyle-Warm,52,23,iOS,Net-15,Cloudy,25625.23
112.4,7.39,3436,32.1,25,Static-Carousel,Broad-Entertainment,71,16,iOS,Upfront,Rainy,16648.18
172.2,5.75,3404,30.4,20,YouTube-Deep-Dive,Broad-Entertainment,148,21,iOS,Net-30,Sunny,18739.09
27,1.47,659,10.4,20,YouTube-Deep-Dive,Lifestyle-Warm,25,5,Android,Upfront,Cloudy,9349.51
179.2,5.66,4191,21.7,10,Static-Carousel,Broad-Entertainment,21,17,Android,Upfront,Cloudy,15609.7
43,2.97,2903,46.8,0,Short-Video-Reel,Broad-Entertainment,60,21,Android,Net-30,Cloudy,9562.02
418.3,4.11,890,53.6,25,YouTube-Deep-Dive,High-Intent-Niche,97,6,iOS,Net-15,Rainy,22955.72
370.8,3.12,2893,40.7,20,Static-Carousel,Broad-Entertainment,138,23,Android,Net-15,Rainy,15581.14
440,9.43,2477,27,25,Static-Carousel,Lifestyle-Warm,54,1,iOS,Net-15,Cloudy,26500.26
210.3,8.32,4474,43.6,25,Short-Video-Reel,Lifestyle-Warm,94,16,Android,Net-30,Sunny,25494.09
287.9,6.47,1051,33.6,0,Short-Video-Reel,High-Intent-Niche,98,5,Android,Net-15,Rainy,18134.35
238.1,8.69,4108,32.6,0,Short-Video-Reel,Lifestyle-Warm,149,24,iOS,Net-15,Cloudy,22996.82
439.2,1.51,2788,38.7,10,Short-Video-Reel,Lifestyle-Warm,158,7,Android,Net-30,Sunny,16435.9
255.1,2.38,1813,41.2,25,Static-Carousel,Lifestyle-Warm,124,17,Android,Net-30,Rainy,13651.2
362.3,8.03,2219,22.6,15,YouTube-Deep-Dive,Lifestyle-Warm,75,5,iOS,Net-15,Rainy,24249.76
153.2,6.04,2430,35.2,10,Static-Carousel,Broad-Entertainment,28,22,iOS,Net-30,Cloudy,13021.24
334.3,6.33,1598,46.5,25,Short-Video-Reel,Lifestyle-Warm,97,1,Android,Net-30,Cloudy,20699.34
337.1,7.52,2303,40.4,10,Static-Carousel,High-Intent-Niche,21,22,Android,Net-30,Sunny,22322.54
198.2,6.14,2132,13,10,YouTube-Deep-Dive,Broad-Entertainment,102,15,Android,Upfront,Sunny,15854.5
110.8,4.56,401,30.4,20,Static-Carousel,High-Intent-Niche,153,1,iOS,Net-30,Rainy,12011.55
80.2,2.56,3270,7.4,5,Short-Video-Reel,Lifestyle-Warm,156,8,Android,Net-30,Cloudy,11933.42
366.6,8.93,2182,42.5,0,Short-Video-Reel,Broad-Entertainment,139,9,Android,Net-15,Cloudy,20992.4
426.7,5.9,3833,29.2,15,Short-Video-Reel,Lifestyle-Warm,82,13,Android,Upfront,Cloudy,24204.64
103.2,6.1,3154,30.4,5,YouTube-Deep-Dive,Broad-Entertainment,23,1,Android,Net-15,Rainy,15547.68
252.1,7.06,399,51.1,20,Short-Video-Reel,Broad-Entertainment,31,12,iOS,Upfront,Rainy,16019.27
290.8,9.21,2541,27.8,5,Static-Carousel,High-Intent-Niche,99,23,iOS,Net-30,Rainy,21646.17
65.7,5.83,2137,10.7,20,Short-Video-Reel,Lifestyle-Warm,101,7,iOS,Upfront,Sunny,12646.33
396.4,6.37,1329,49.8,0,Short-Video-Reel,High-Intent-Niche,103,8,iOS,Upfront,Rainy,20784.42
100.6,3.72,4318,7.5,25,YouTube-Deep-Dive,Lifestyle-Warm,151,6,Android,Upfront,Rainy,18122.09
303,7.66,1724,33.8,10,Short-Video-Reel,Broad-Entertainment,104,13,iOS,Upfront,Rainy,18529.39
247.4,9.47,2631,35.4,5,Static-Carousel,Broad-Entertainment,23,12,iOS,Net-30,Rainy,17579.77
322.9,2.72,2572,14.7,15,YouTube-Deep-Dive,Lifestyle-Warm,143,7,Android,Net-30,Sunny,17287.24
269.4,6.81,4242,13,0,Short-Video-Reel,Broad-Entertainment,56,12,Android,Upfront,Sunny,18312.59
83.8,3.06,1637,8.1,5,Short-Video-Reel,Lifestyle-Warm,131,11,Android,Net-15,Sunny,9233
40,8.29,1326,23,10,Short-Video-Reel,High-Intent-Niche,47,2,iOS,Net-30,Sunny,14930.53
310,5.71,4152,38.2,0,YouTube-Deep-Dive,Broad-Entertainment,158,18,iOS,Upfront,Sunny,21193.54
408.1,9.22,2211,32,25,YouTube-Deep-Dive,Broad-Entertainment,81,22,Android,Net-30,Cloudy,27194.01
225.8,6.47,2141,17,5,YouTube-Deep-Dive,Broad-Entertainment,52,9,Android,Upfront,Rainy,15617.97
407.1,5.84,403,18.6,5,Short-Video-Reel,Broad-Entertainment,58,20,iOS,Net-30,Cloudy,14332.98
449.8,7.8,4144,34.6,5,Short-Video-Reel,Broad-Entertainment,46,7,iOS,Net-15,Sunny,26004.85
256.8,4.1,2116,44.7,5,Short-Video-Reel,Lifestyle-Warm,27,24,Android,Net-30,Cloudy,15363.9
154.7,5.66,3706,10,10,Static-Carousel,Lifestyle-Warm,141,12,Android,Upfront,Rainy,14883.5
103.7,7.11,3068,34.5,10,Static-Carousel,Lifestyle-Warm,122,4,Android,Net-15,Rainy,15812.93
267.5,9.45,1706,47,5,YouTube-Deep-Dive,Broad-Entertainment,115,10,iOS,Upfront,Sunny,21013.57
411.8,7.2,1138,13.4,25,Static-Carousel,Lifestyle-Warm,86,11,iOS,Upfront,Cloudy,20160.88
31.2,8.59,4490,33.6,15,Short-Video-Reel,High-Intent-Niche,81,15,iOS,Net-30,Sunny,21086.42
236.8,8.73,1532,6.7,20,Short-Video-Reel,Lifestyle-Warm,81,2,Android,Upfront,Cloudy,18749.2
444.5,6.87,4267,27.4,5,Short-Video-Reel,High-Intent-Niche,18,4,Android,Net-15,Rainy,27902
359.1,8.56,910,41.9,0,Short-Video-Reel,Lifestyle-Warm,145,3,iOS,Upfront,Cloudy,20559.41
328.8,6.52,3629,35.2,5,Static-Carousel,Lifestyle-Warm,110,20,iOS,Net-15,Rainy,19288.2
138.1,8.53,835,47.7,10,Static-Carousel,Lifestyle-Warm,26,20,Android,Net-15,Sunny,13478.64
32.4,4.54,2491,23.8,20,Short-Video-Reel,Lifestyle-Warm,76,11,iOS,Upfront,Rainy,13657.72
351.6,7.45,4397,47,20,YouTube-Deep-Dive,High-Intent-Niche,72,5,iOS,Net-30,Sunny,30959.26
375.5,9.21,2385,9.8,0,Static-Carousel,Lifestyle-Warm,132,16,iOS,Net-15,Cloudy,20881.99
71,2.46,2629,21.1,0,Short-Video-Reel,High-Intent-Niche,127,3,Android,Upfront,Cloudy,11863.89
66.1,3.62,4171,31.8,20,Static-Carousel,Broad-Entertainment,52,11,iOS,Net-15,Rainy,13210.79
89.3,8.58,323,44,15,Short-Video-Reel,Lifestyle-Warm,147,15,Android,Net-30,Cloudy,13857
260.1,7.24,2103,53.9,20,Short-Video-Reel,Lifestyle-Warm,126,2,Android,Net-30,Cloudy,21198.35
257.5,7.04,652,48.5,25,Short-Video-Reel,Broad-Entertainment,111,7,Android,Net-15,Sunny,17626.41
181.5,3.12,1388,34.9,10,Static-Carousel,Lifestyle-Warm,12,1,iOS,Net-30,Cloudy,10403.03
439.1,3.44,3455,24.7,15,Short-Video-Reel,Lifestyle-Warm,88,20,iOS,Net-15,Rainy,20192.33
338,1.25,812,50.9,0,Static-Carousel,Lifestyle-Warm,54,17,Android,Upfront,Cloudy,8687.23
243,2.99,2456,25.7,5,Short-Video-Reel,Lifestyle-Warm,102,24,Android,Upfront,Sunny,13995.75
95,2.02,2343,15.3,15,Static-Carousel,Lifestyle-Warm,21,12,Android,Upfront,Rainy,9214.62
46.6,1.37,1913,53.8,25,Short-Video-Reel,Lifestyle-Warm,152,2,Android,Net-30,Cloudy,12887.66
226,0.87,273,34.2,25,Static-Carousel,Lifestyle-Warm,67,12,Android,Upfront,Rainy,8421.43
407.4,7.88,863,26.3,20,YouTube-Deep-Dive,High-Intent-Niche,128,9,Android,Net-15,Sunny,25247.85
320.7,1.33,3093,51.3,25,Static-Carousel,Lifestyle-Warm,45,21,iOS,Upfront,Rainy,15936.32
413,6.75,1010,8.1,5,Short-Video-Reel,Lifestyle-Warm,38,24,Android,Net-30,Rainy,17717.64
132.9,3.57,2211,34.8,5,Static-Carousel,High-Intent-Niche,58,15,iOS,Upfront,Rainy,13049
182.5,3.28,290,11.6,20,Short-Video-Reel,Lifestyle-Warm,28,5,Android,Net-30,Rainy,9896.04
223,1.61,914,38.1,0,Static-Carousel,Lifestyle-Warm,72,12,iOS,Upfront,Rainy,9297.01
112.9,6.11,3906,25.8,25,YouTube-Deep-Dive,Broad-Entertainment,52,21,iOS,Net-15,Cloudy,19554.48
286.9,8.09,4030,12.1,20,YouTube-Deep-Dive,Broad-Entertainment,91,3,Android,Net-30,Rainy,23644.35
78.7,3,387,15.1,25,Short-Video-Reel,Broad-Entertainment,77,12,Android,Net-30,Cloudy,7620.54
247.1,5.57,3691,19.3,15,Static-Carousel,Broad-Entertainment,157,19,iOS,Net-30,Sunny,16486.81
223.2,9.39,3137,50.8,10,Short-Video-Reel,High-Intent-Niche,109,2,iOS,Upfront,Rainy,25094.69
152.5,6.57,1489,22.5,10,Short-Video-Reel,Broad-Entertainment,113,12,iOS,Net-30,Sunny,12253.26
39,4.83,3296,14.8,10,Static-Carousel,Lifestyle-Warm,151,17,iOS,Net-15,Sunny,11173.97
146.2,1.59,3486,25.1,10,YouTube-Deep-Dive,Lifestyle-Warm,119,23,iOS,Upfront,Cloudy,15433.71
185.7,7.04,3719,40.4,5,YouTube-Deep-Dive,Broad-Entertainment,129,19,iOS,Net-15,Rainy,20429.24
139.7,2.37,628,18.8,20,Short-Video-Reel,Lifestyle-Warm,105,8,Android,Net-15,Rainy,10560.73
171.1,5.69,3606,11.5,15,YouTube-Deep-Dive,Broad-Entertainment,145,1,Android,Net-15,Rainy,17285.97
162.7,0.9,3843,29.1,0,Short-Video-Reel,Lifestyle-Warm,69,17,Android,Upfront,Cloudy,13423.88
186.7,9.36,3929,28.1,15,Short-Video-Reel,Broad-Entertainment,124,19,Android,Net-30,Rainy,21097.19
116,8.91,4123,29.6,0,Short-Video-Reel,High-Intent-Niche,30,6,Android,Net-15,Sunny,20300.84
53.9,7.59,3384,9.9,15,Short-Video-Reel,Lifestyle-Warm,58,1,iOS,Upfront,Sunny,14841.04
66.1,5.58,1852,39.9,15,Short-Video-Reel,Lifestyle-Warm,118,1,iOS,Upfront,Sunny,14083.7
195.8,5.34,3088,7.8,20,Short-Video-Reel,Broad-Entertainment,118,17,iOS,Upfront,Cloudy,16055.9
325,3.58,4445,16.7,20,YouTube-Deep-Dive,Broad-Entertainment,86,24,Android,Net-15,Sunny,20830.56
171.1,8.73,1314,54.9,0,Short-Video-Reel,Broad-Entertainment,66,11,iOS,Upfront,Cloudy,16018.56
118.2,6.91,3590,37.3,10,Short-Video-Reel,Lifestyle-Warm,67,18,iOS,Net-30,Rainy,17694.8
287.5,6.22,207,44.7,20,Short-Video-Reel,Broad-Entertainment,19,16,iOS,Upfront,Sunny,15464.93
133.1,2.78,644,44.9,25,YouTube-Deep-Dive,High-Intent-Niche,16,2,Android,Upfront,Sunny,16055.17
181,4.67,2456,47,10,Short-Video-Reel,Broad-Entertainment,51,18,iOS,Net-30,Cloudy,14847.24
376.3,5.31,2715,43.7,20,Short-Video-Reel,Broad-Entertainment,94,1,Android,Net-15,Cloudy,20135.14
202.6,3.87,4185,19.6,15,Short-Video-Reel,Broad-Entertainment,98,3,iOS,Net-15,Rainy,16298.33
153.8,1.67,1023,40.3,10,Static-Carousel,Lifestyle-Warm,132,13,iOS,Upfront,Rainy,9605.39
141.2,1.22,2138,49.8,25,Static-Carousel,Lifestyle-Warm,93,4,Android,Net-15,Cloudy,12785.4
271.1,6.99,1370,23.2,20,Static-Carousel,High-Intent-Niche,135,24,iOS,Upfront,Cloudy,17862.37
449.8,2.75,3848,6.2,25,Short-Video-Reel,High-Intent-Niche,31,2,Android,Upfront,Rainy,21133
261.6,1.9,3310,15.5,10,Short-Video-Reel,Lifestyle-Warm,49,16,iOS,Net-30,Rainy,14612.62
370.5,7.07,141,27.8,20,Static-Carousel,High-Intent-Niche,119,3,Android,Net-30,Rainy,18869.95
21,4.59,268,48.3,25,Short-Video-Reel,High-Intent-Niche,59,2,Android,Net-15,Sunny,12441.95
445.7,3.63,548,38.2,15,Short-Video-Reel,Lifestyle-Warm,137,4,iOS,Net-30,Sunny,16276.59
232.4,0.87,2549,8.3,25,YouTube-Deep-Dive,Lifestyle-Warm,144,9,iOS,Net-30,Rainy,15748.03
377.6,2.88,4121,52.1,25,Short-Video-Reel,Lifestyle-Warm,70,9,Android,Upfront,Sunny,22730.85
442.3,1.01,698,12.3,0,YouTube-Deep-Dive,Lifestyle-Warm,145,3,Android,Upfront,Cloudy,12574.62
267.9,1,2531,39.1,0,YouTube-Deep-Dive,Lifestyle-Warm,47,23,iOS,Upfront,Cloudy,14473.64
384.9,4.8,1622,21.7,20,Short-Video-Reel,High-Intent-Niche,128,15,iOS,Net-15,Cloudy,20057.4
45.9,2.83,3947,6.8,10,Short-Video-Reel,Broad-Entertainment,99,14,iOS,Net-15,Sunny,10709.78
384.4,2.8,3485,7.7,10,Short-Video-Reel,Broad-Entertainment,14,15,Android,Net-15,Sunny,15086.01
75.6,3.85,4170,34.4,25,Short-Video-Reel,Broad-Entertainment,98,9,iOS,Net-15,Rainy,16111.28
32.3,5.05,1555,17.7,0,Static-Carousel,Broad-Entertainment,115,15,Android,Net-15,Rainy,6558.03
150.6,5.37,2766,15.2,20,Short-Video-Reel,High-Intent-Niche,121,8,Android,Upfront,Sunny,17651.13
223,6.33,2468,51.2,20,Short-Video-Reel,Lifestyle-Warm,25,4,iOS,Net-15,Rainy,20279.78
292.9,5.49,1716,17.1,5,Short-Video-Reel,Lifestyle-Warm,150,7,Android,Upfront,Sunny,15770.55
96.3,4.38,1063,15.6,0,Static-Carousel,Lifestyle-Warm,89,20,Android,Upfront,Cloudy,7166.58
279.7,9.22,412,51.8,25,Short-Video-Reel,Lifestyle-Warm,49,15,iOS,Net-15,Rainy,21378.99
30.4,5.23,3399,23.2,10,Short-Video-Reel,Lifestyle-Warm,80,20,iOS,Net-30,Rainy,14078.86
435.7,7.79,2923,44.9,25,YouTube-Deep-Dive,Lifestyle-Warm,22,18,iOS,Net-15,Rainy,29905.14
410.4,2.78,1247,46,20,Short-Video-Reel,Lifestyle-Warm,122,7,Android,Net-15,Cloudy,17257.52
194.5,2.84,4029,36.2,5,Short-Video-Reel,High-Intent-Niche,33,19,Android,Net-30,Cloudy,18096.85
163.4,2.05,3932,28.3,0,Short-Video-Reel,Broad-Entertainment,147,16,iOS,Net-30,Cloudy,13165.66
226.5,2.54,3761,18.3,5,Short-Video-Reel,Broad-Entertainment,137,7,Android,Upfront,Rainy,13142.03
430.7,2.81,295,24,10,Short-Video-Reel,Broad-Entertainment,75,17,iOS,Net-30,Cloudy,11751.07
305.6,3.12,3880,22.7,10,Static-Carousel,Lifestyle-Warm,108,19,iOS,Upfront,Cloudy,16470.61
357.7,4.95,1536,8.5,10,Static-Carousel,High-Intent-Niche,82,21,Android,Upfront,Rainy,15813.52
303.6,9.09,373,9.5,25,Short-Video-Reel,Lifestyle-Warm,51,17,iOS,Net-30,Rainy,19304.98
448.5,4.87,1295,18.4,0,YouTube-Deep-Dive,Broad-Entertainment,87,20,iOS,Net-15,Sunny,16577.66
59.9,5.07,3022,21.6,25,Short-Video-Reel,Lifestyle-Warm,22,3,Android,Net-15,Rainy,15383
401,5.84,3999,11.7,0,Short-Video-Reel,Lifestyle-Warm,151,23,Android,Upfront,Cloudy,21462.32
159.1,5.17,1023,18.6,15,YouTube-Deep-Dive,Broad-Entertainment,29,23,iOS,Upfront,Rainy,12245.14
48.9,0.95,512,21.1,5,YouTube-Deep-Dive,Broad-Entertainment,48,13,Android,Upfront,Rainy,6154.78
140.5,1.81,2525,54.5,15,Short-Video-Reel,Broad-Entertainment,35,7,Android,Net-15,Cloudy,12343.36
51.9,8.17,1877,38.9,10,Static-Carousel,Broad-Entertainment,96,14,iOS,Upfront,Rainy,11619.94
353.6,5.42,3807,47.4,15,Static-Carousel,High-Intent-Niche,63,22,iOS,Net-15,Sunny,23333.75
303.4,5.72,1477,24.2,0,YouTube-Deep-Dive,High-Intent-Niche,32,13,iOS,Upfront,Sunny,18615.79
226.6,4.71,3223,24.8,25,Short-Video-Reel,High-Intent-Niche,149,12,iOS,Upfront,Rainy,20295.23
372.3,5.47,3975,19.3,15,Short-Video-Reel,Lifestyle-Warm,95,6,iOS,Net-30,Sunny,22561.72
162.3,6.31,642,40.2,20,Short-Video-Reel,Broad-Entertainment,43,1,Android,Upfront,Cloudy,13071.35
237,7.39,901,46.7,10,YouTube-Deep-Dive,Broad-Entertainment,79,19,Android,Net-30,Rainy,17265.31
259.6,2.85,2146,31.5,10,YouTube-Deep-Dive,High-Intent-Niche,88,9,iOS,Upfront,Cloudy,18294.65
220.7,5.15,2256,19.4,10,YouTube-Deep-Dive,Lifestyle-Warm,145,24,Android,Net-15,Rainy,16814.24
91.7,8.78,941,13.6,15,Short-Video-Reel,Lifestyle-Warm,17,15,Android,Net-30,Sunny,12592.95
331.4,5.84,4244,29.8,10,Short-Video-Reel,Broad-Entertainment,103,22,iOS,Upfront,Cloudy,21077.83
113.5,8.12,356,40.6,15,Short-Video-Reel,Lifestyle-Warm,119,8,Android,Upfront,Rainy,13783.77
50,6.75,4032,26.2,25,Short-Video-Reel,Broad-Entertainment,120,12,Android,Upfront,Sunny,17003.59
127.7,3.79,1666,38,5,YouTube-Deep-Dive,High-Intent-Niche,33,9,Android,Net-15,Cloudy,15664.3
183.6,9.42,1337,24.8,15,Static-Carousel,Lifestyle-Warm,158,3,Android,Upfront,Cloudy,16072.02
322.4,6,1064,26.3,5,YouTube-Deep-Dive,High-Intent-Niche,141,17,Android,Net-30,Rainy,20404.52
255.1,1.39,2459,49.2,25,Static-Carousel,Lifestyle-Warm,106,9,Android,Upfront,Cloudy,14931.69
417.8,2.73,1276,14.2,0,Short-Video-Reel,Broad-Entertainment,21,5,Android,Net-30,Sunny,11016.84
248.2,2.75,595,20.5,5,Static-Carousel,Lifestyle-Warm,24,2,Android,Upfront,Rainy,9193.28
147.7,4.33,4312,49.2,15,Static-Carousel,Lifestyle-Warm,140,20,Android,Net-15,Cloudy,17591.95
402.3,1.94,1993,19.7,5,Static-Carousel,Lifestyle-Warm,38,3,Android,Upfront,Sunny,12694.86
27.9,7.09,4107,18.8,15,Static-Carousel,Lifestyle-Warm,44,2,iOS,Upfront,Cloudy,14454.29
99.5,2.24,104,9.7,25,Short-Video-Reel,Broad-Entertainment,155,6,Android,Net-30,Sunny,7242.65
350.1,2.92,282,25.9,25,Static-Carousel,Broad-Entertainment,36,7,Android,Net-30,Sunny,11294.7
150.5,7.28,4069,52.8,0,YouTube-Deep-Dive,Lifestyle-Warm,35,1,iOS,Net-15,Cloudy,21735.09
428.3,2.57,3457,9.2,25,YouTube-Deep-Dive,High-Intent-Niche,151,13,iOS,Upfront,Rainy,22675.45
51,8.41,2926,17.2,25,Short-Video-Reel,Lifestyle-Warm,42,15,Android,Net-15,Cloudy,17323.58
52.6,7.31,1086,7.6,5,YouTube-Deep-Dive,Lifestyle-Warm,95,12,Android,Net-15,Sunny,11266.04
150.6,2.95,619,23.9,20,Static-Carousel,High-Intent-Niche,14,13,iOS,Net-15,Sunny,11043.13
320.3,4.47,4328,37.6,0,Short-Video-Reel,High-Intent-Niche,46,10,iOS,Upfront,Sunny,22665.13
386.4,2.47,172,25.9,20,YouTube-Deep-Dive,High-Intent-Niche,35,19,Android,Upfront,Cloudy,17292.15
127.8,0.97,2702,44.8,0,Short-Video-Reel,Broad-Entertainment,12,11,Android,Net-15,Rainy,9563.33
171.3,7.48,2358,49.9,15,YouTube-Deep-Dive,High-Intent-Niche,102,18,iOS,Upfront,Rainy,22244.27
339.2,8.05,1935,29.9,25,YouTube-Deep-Dive,High-Intent-Niche,152,21,Android,Upfront,Rainy,26353.52
284.4,6.07,4412,41.1,15,Short-Video-Reel,High-Intent-Niche,37,24,Android,Upfront,Rainy,24564.95
257.1,7.96,203,42.3,10,YouTube-Deep-Dive,Lifestyle-Warm,130,15,Android,Net-30,Rainy,19277.14
305.8,4.22,4010,38.4,25,Static-Carousel,Lifestyle-Warm,85,4,iOS,Upfront,Cloudy,20803.68
255.2,7.19,1933,22,5,Static-Carousel,Lifestyle-Warm,96,19,iOS,Upfront,Sunny,15955.31
57.7,2.41,245,49.2,25,Static-Carousel,Lifestyle-Warm,109,6,iOS,Upfront,Cloudy,8954.11
67.4,4.17,541,31.6,10,Short-Video-Reel,Lifestyle-Warm,45,15,iOS,Upfront,Sunny,10454.71
204.8,4.98,4403,10.6,25,YouTube-Deep-Dive,Lifestyle-Warm,78,12,Android,Upfront,Rainy,21114.8
24,2.71,2644,25.7,15,YouTube-Deep-Dive,Lifestyle-Warm,78,16,iOS,Net-15,Sunny,13284.18
167.4,6.77,2608,20,15,Short-Video-Reel,Lifestyle-Warm,147,11,iOS,Net-15,Rainy,17118.01
221.9,9.12,902,47.6,25,Short-Video-Reel,Lifestyle-Warm,138,11,iOS,Net-30,Cloudy,19554.15
443.4,9.35,1206,49.2,20,YouTube-Deep-Dive,Broad-Entertainment,74,1,Android,Upfront,Sunny,27314.07
268.4,2.15,3988,27.9,25,Short-Video-Reel,High-Intent-Niche,12,10,Android,Upfront,Cloudy,20595.82
85.7,4.25,3176,35.8,15,Short-Video-Reel,Broad-Entertainment,155,6,iOS,Upfront,Cloudy,14171.3
229.9,6.46,3244,15.5,15,Short-Video-Reel,Broad-Entertainment,147,11,iOS,Upfront,Rainy,17113.74
227.5,8.57,914,7.2,20,Short-Video-Reel,Lifestyle-Warm,129,5,Android,Upfront,Sunny,16946.82
321.9,2.64,2287,38.7,5,Static-Carousel,Lifestyle-Warm,23,14,iOS,Net-30,Rainy,13793.95
323.1,0.92,3315,47.7,15,Short-Video-Reel,Broad-Entertainment,86,20,Android,Net-15,Sunny,15310.96
155.4,4.88,4069,24.5,25,Short-Video-Reel,Lifestyle-Warm,28,11,iOS,Upfront,Cloudy,19131.18
374.5,8.36,656,25.6,0,Short-Video-Reel,Lifestyle-Warm,157,18,Android,Upfront,Cloudy,19343.02
232.2,8.51,1163,29.9,10,Short-Video-Reel,Broad-Entertainment,142,23,Android,Net-30,Cloudy,16067.94
31.4,4.77,793,29.6,5,Static-Carousel,Lifestyle-Warm,155,17,iOS,Upfront,Cloudy,7622.18
214.2,6.35,773,16.8,25,Short-Video-Reel,High-Intent-Niche,56,8,iOS,Net-15,Rainy,17094.12
82.4,0.97,3798,9.1,10,Short-Video-Reel,Lifestyle-Warm,137,2,iOS,Upfront,Rainy,12145.39
293.2,3.79,2384,35.5,25,Short-Video-Reel,Lifestyle-Warm,115,21,Android,Upfront,Rainy,19419.32
325.1,6.22,3982,20.9,0,Short-Video-Reel,High-Intent-Niche,114,15,Android,Upfront,Cloudy,22669.83
295.2,5.21,1555,6.1,15,Static-Carousel,Lifestyle-Warm,128,6,Android,Net-30,Sunny,13144.63
162.4,5.14,1918,44.6,5,Short-Video-Reel,High-Intent-Niche,43,21,Android,Upfront,Sunny,17499.67
116.2,5.35,4479,35.1,5,Static-Carousel,Lifestyle-Warm,34,13,Android,Net-15,Rainy,16567.08
51.9,7.36,161,23.1,15,Short-Video-Reel,Broad-Entertainment,147,11,Android,Net-30,Sunny,8661.76
162,6.86,1328,22.1,0,YouTube-Deep-Dive,Broad-Entertainment,159,10,Android,Net-15,Rainy,13361.66
250.6,2.17,3413,17.8,10,Short-Video-Reel,Broad-Entertainment,20,16,iOS,Net-30,Rainy,13173.99
45.3,1.82,4154,49.4,25,Static-Carousel,Lifestyle-Warm,51,15,Android,Upfront,Cloudy,15162.96
371.1,1.29,1391,21.7,10,Short-Video-Reel,Broad-Entertainment,122,22,Android,Net-30,Cloudy,9971.92
185.9,1.48,3956,46.8,15,YouTube-Deep-Dive,Lifestyle-Warm,26,9,Android,Net-15,Rainy,19009.91
49.2,0.83,1102,53.8,20,Static-Carousel,High-Intent-Niche,79,12,iOS,Net-15,Sunny,10759.57
140.4,8.3,2439,52.8,10,Short-Video-Reel,High-Intent-Niche,49,24,Android,Upfront,Sunny,21278.16
91.2,1.17,1119,11.7,0,Static-Carousel,Broad-Entertainment,107,9,iOS,Upfront,Sunny,2915.63
131.2,8.92,3371,44.5,0,Short-Video-Reel,Broad-Entertainment,109,14,Android,Net-30,Rainy,18084.61
169.3,1.58,2609,27.5,20,Short-Video-Reel,Broad-Entertainment,47,20,iOS,Net-30,Sunny,11984.83
122.9,6.04,822,8,10,Short-Video-Reel,High-Intent-Niche,131,17,Android,Upfront,Cloudy,13060.48
41.7,9.08,4276,30.3,5,YouTube-Deep-Dive,Lifestyle-Warm,96,16,iOS,Upfront,Cloudy,19216.8
385.1,8.71,437,33,10,Short-Video-Reel,Lifestyle-Warm,48,13,Android,Net-15,Sunny,20516.59
316.2,1.25,4427,16.8,5,Short-Video-Reel,Lifestyle-Warm,114,17,Android,Upfront,Cloudy,15660.41
273.5,7.13,947,16.3,20,Short-Video-Reel,High-Intent-Niche,45,11,Android,Net-15,Rainy,18737.47
334.7,1.39,3566,42.7,25,Short-Video-Reel,Lifestyle-Warm,84,7,iOS,Upfront,Cloudy,18373.79
283.3,3.6,868,44.5,5,Short-Video-Reel,High-Intent-Niche,60,11,Android,Net-30,Sunny,16244.45
253.2,8.99,3860,23.8,25,Short-Video-Reel,Lifestyle-Warm,143,7,Android,Net-30,Sunny,24947.08
109.1,7.62,194,32,20,Static-Carousel,Broad-Entertainment,67,2,iOS,Net-15,Rainy,9643.56
262.5,8.27,2462,54.3,20,Static-Carousel,Broad-Entertainment,146,8,Android,Upfront,Sunny,19771.47
232.2,5.4,4034,28.9,0,Static-Carousel,High-Intent-Niche,72,15,Android,Net-15,Rainy,18947.81
361.2,5.99,349,8.9,25,Short-Video-Reel,High-Intent-Niche,42,6,Android,Net-30,Sunny,18565.95
370.2,8.1,3143,54.5,15,Short-Video-Reel,Lifestyle-Warm,16,1,iOS,Upfront,Cloudy,25982.26
310,2.02,2828,38.1,20,YouTube-Deep-Dive,Broad-Entertainment,60,1,iOS,Net-30,Sunny,17967.06
226.3,4.18,4191,34.2,5,Short-Video-Reel,Broad-Entertainment,106,14,Android,Net-30,Rainy,16731.87
51.5,2.89,3318,7.4,0,Static-Carousel,Lifestyle-Warm,49,3,Android,Net-30,Rainy,9096.12
404.4,4.41,2843,32.6,0,Static-Carousel,Lifestyle-Warm,61,10,iOS,Net-30,Sunny,17368.3
234.8,8.96,4160,31.8,10,Static-Carousel,High-Intent-Niche,100,5,Android,Upfront,Sunny,23624.38
436,4.06,2903,22.1,10,Short-Video-Reel,Lifestyle-Warm,27,14,iOS,Upfront,Cloudy,19588.29
50.8,3.45,2150,11.4,10,Short-Video-Reel,Broad-Entertainment,66,24,Android,Net-15,Cloudy,9670.94
40.4,1.6,1579,23.8,10,Short-Video-Reel,Lifestyle-Warm,101,5,Android,Net-30,Cloudy,9264.12
280.4,2.59,2504,23.9,25,Short-Video-Reel,High-Intent-Niche,122,15,iOS,Upfront,Cloudy,18470.29
24.7,1.77,1413,11.4,25,Static-Carousel,High-Intent-Niche,97,20,iOS,Upfront,Sunny,9490.93
432.2,6.71,2977,20.3,10,Short-Video-Reel,Lifestyle-Warm,118,1,iOS,Net-30,Sunny,23424.54
18.7,4.47,2651,43.6,25,YouTube-Deep-Dive,High-Intent-Niche,108,19,Android,Net-30,Rainy,19571.6
353.6,6.86,2148,53.9,15,YouTube-Deep-Dive,Lifestyle-Warm,80,10,iOS,Upfront,Sunny,24745.28
343.8,8.81,2066,14.2,0,Short-Video-Reel,Lifestyle-Warm,79,2,Android,Net-15,Rainy,20784.72
288.2,5.07,3692,54.6,25,Short-Video-Reel,Lifestyle-Warm,17,8,Android,Net-30,Cloudy,23203.04
273.3,1.09,1041,44.7,10,Short-Video-Reel,Lifestyle-Warm,85,12,Android,Upfront,Sunny,12526.83
319.2,6.18,3803,16,10,YouTube-Deep-Dive,Lifestyle-Warm,62,20,Android,Upfront,Rainy,23224.39
400.9,3.23,4389,30.5,25,Short-Video-Reel,Lifestyle-Warm,86,14,Android,Net-30,Rainy,23265.63
399.5,7.87,4097,47.4,20,Static-Carousel,High-Intent-Niche,96,13,iOS,Upfront,Sunny,27706.68
203.9,8.51,3014,23.6,15,Short-Video-Reel,Broad-Entertainment,23,4,iOS,Net-30,Cloudy,18772.13
45,4.7,2268,33.4,20,Short-Video-Reel,High-Intent-Niche,100,12,Android,Net-15,Cloudy,15632.45
344.6,2.95,484,44.1,5,YouTube-Deep-Dive,High-Intent-Niche,124,15,iOS,Net-30,Sunny,17086.87
139.9,7,2401,37.2,20,Short-Video-Reel,Lifestyle-Warm,108,6,Android,Upfront,Sunny,17631.66
226.6,8.81,3970,40.2,25,Short-Video-Reel,Lifestyle-Warm,49,22,Android,Net-30,Cloudy,25070.19
135,1.75,255,31.3,10,YouTube-Deep-Dive,Lifestyle-Warm,100,16,iOS,Upfront,Cloudy,10251.8
80.9,8.27,2437,35.7,0,Short-Video-Reel,Lifestyle-Warm,70,24,Android,Net-30,Sunny,14798.67
83.7,3.37,1266,29.1,5,Short-Video-Reel,Broad-Entertainment,100,2,iOS,Net-30,Cloudy,8047.21
304.7,2.55,3416,40.2,15,Static-Carousel,Lifestyle-Warm,140,18,Android,Net-30,Sunny,16380.77
249,9.47,2163,48.4,20,YouTube-Deep-Dive,Broad-Entertainment,118,3,Android,Net-15,Rainy,23162.49
101.8,3.88,2722,42,25,YouTube-Deep-Dive,Lifestyle-Warm,48,10,iOS,Net-15,Rainy,16991.28
344.8,6.07,3590,45,20,Short-Video-Reel,High-Intent-Niche,94,18,Android,Net-30,Cloudy,24996.68
369.7,5.04,1177,31.3,25,Short-Video-Reel,Lifestyle-Warm,115,16,Android,Net-30,Sunny,19233.15
314.3,5.59,3468,43.4,15,Short-Video-Reel,Broad-Entertainment,119,21,Android,Net-15,Cloudy,20272.94
264.4,2.33,3834,41.5,5,YouTube-Deep-Dive,Lifestyle-Warm,17,22,iOS,Net-15,Cloudy,18113.58
404,9.36,100,20.3,5,YouTube-Deep-Dive,Lifestyle-Warm,85,19,iOS,Upfront,Cloudy,22045.55
142.3,7.63,3396,40.1,15,Short-Video-Reel,Broad-Entertainment,145,4,Android,Net-30,Sunny,18453.99
314.5,0.82,1791,15.3,5,YouTube-Deep-Dive,Lifestyle-Warm,88,12,iOS,Upfront,Cloudy,12820.88
276.4,7.57,3320,28.4,0,Short-Video-Reel,High-Intent-Niche,62,2,iOS,Net-15,Cloudy,21938.2
272.5,2.73,2405,48.6,15,Static-Carousel,Broad-Entertainment,146,19,Android,Net-30,Rainy,12575.16
166.9,7.42,3874,48.1,0,Short-Video-Reel,Lifestyle-Warm,130,8,iOS,Upfront,Cloudy,20378.65
133.8,4.28,2160,37.2,15,Short-Video-Reel,High-Intent-Niche,78,17,Android,Net-30,Cloudy,15929.85
42.2,2.38,178,17.3,5,Static-Carousel,High-Intent-Niche,44,5,Android,Upfront,Cloudy,6111.5
201.6,6.72,4078,22.3,20,YouTube-Deep-Dive,Lifestyle-Warm,134,11,iOS,Upfront,Rainy,22547.93
333.6,6.45,1852,51.8,25,Short-Video-Reel,Broad-Entertainment,102,11,Android,Upfront,Rainy,20535.41
269,7.35,1251,8,5,Short-Video-Reel,Lifestyle-Warm,63,10,iOS,Net-30,Cloudy,16249.86
430.9,5.51,2400,34.4,0,Static-Carousel,Lifestyle-Warm,138,2,iOS,Net-30,Rainy,18557.16
64.2,5.59,1476,43.2,20,Short-Video-Reel,Lifestyle-Warm,76,24,Android,Net-30,Cloudy,14869.73
231.9,2.73,1093,7.2,15,Short-Video-Reel,Lifestyle-Warm,148,16,Android,Net-30,Rainy,10749.06
50.1,6.42,728,10.7,20,Static-Carousel,Lifestyle-Warm,27,13,iOS,Upfront,Cloudy,8868.6
419.1,5.98,1233,26,5,Short-Video-Reel,High-Intent-Niche,148,24,iOS,Net-15,Sunny,20279.59
133.3,1.21,2251,34.4,10,Short-Video-Reel,Lifestyle-Warm,22,10,iOS,Net-15,Sunny,11533.13
164,8.09,1822,41.4,15,Static-Carousel,Lifestyle-Warm,130,23,iOS,Upfront,Cloudy,16602.27
348.8,7.37,387,52.4,0,Static-Carousel,Broad-Entertainment,98,19,Android,Net-15,Rainy,15683.04
394.6,3.35,2900,30.4,10,Static-Carousel,Lifestyle-Warm,29,1,Android,Net-15,Sunny,16488.74
436,0.86,3127,52.4,0,Static-Carousel,Broad-Entertainment,149,5,iOS,Net-30,Rainy,14062.11
208.3,8.53,3536,43.5,10,YouTube-Deep-Dive,Lifestyle-Warm,66,12,Android,Net-15,Sunny,23707.86
117.3,3.49,2179,45.6,5,Short-Video-Reel,High-Intent-Niche,116,23,iOS,Upfront,Sunny,14829.38
420.7,5.99,3378,53.7,25,Static-Carousel,Broad-Entertainment,145,24,iOS,Upfront,Cloudy,23393.09
276.5,8.2,3120,9.7,25,Short-Video-Reel,Broad-Entertainment,135,18,Android,Upfront,Rainy,21080.79
408,6.06,775,44.5,0,Static-Carousel,Broad-Entertainment,146,21,iOS,Net-15,Rainy,14675.92
94.2,7.41,186,32.9,25,Short-Video-Reel,Lifestyle-Warm,122,2,iOS,Net-15,Sunny,13391.56
375.1,9.42,3400,29.7,20,Short-Video-Reel,High-Intent-Niche,147,23,Android,Net-15,Sunny,30047.18
379.2,6.97,354,6.5,25,Short-Video-Reel,High-Intent-Niche,137,15,Android,Upfront,Sunny,19889.11
440.3,1.89,655,14.1,0,Short-Video-Reel,Broad-Entertainment,110,7,Android,Net-30,Sunny,9521.42
175.8,7.46,1303,24.5,15,Short-Video-Reel,Lifestyle-Warm,53,17,Android,Net-30,Cloudy,15728.66
191.9,6.04,3684,30,15,YouTube-Deep-Dive,Lifestyle-Warm,138,2,Android,Upfront,Sunny,21035.81
313.7,5.08,1140,17.5,5,YouTube-Deep-Dive,Lifestyle-Warm,61,16,Android,Upfront,Rainy,15654.02
140.7,5.14,2877,35.6,5,Short-Video-Reel,High-Intent-Niche,83,10,Android,Net-15,Cloudy,17184.9
337.6,7.4,1753,51.8,5,Short-Video-Reel,Broad-Entertainment,19,24,Android,Net-15,Cloudy,19906.15
426.7,7.73,2855,24.5,0,YouTube-Deep-Dive,Lifestyle-Warm,31,17,iOS,Upfront,Sunny,25370.72
245.7,5.28,2536,26.4,20,Static-Carousel,Lifestyle-Warm,60,15,Android,Upfront,Cloudy,15825.48
268.1,9.43,2804,44.3,0,Static-Carousel,Broad-Entertainment,50,3,Android,Upfront,Sunny,18867.85
122.4,1.86,1777,50.8,10,Static-Carousel,Lifestyle-Warm,124,18,Android,Net-15,Sunny,10555.87
109.5,9.37,2595,46.7,5,Short-Video-Reel,Broad-Entertainment,114,14,iOS,Upfront,Cloudy,16667.73
117.8,2.01,257,17.6,15,YouTube-Deep-Dive,Lifestyle-Warm,59,19,Android,Net-30,Rainy,10090.13
145.6,5.21,4116,32.2,25,Static-Carousel,High-Intent-Niche,34,4,iOS,Net-15,Sunny,20007.07
354.6,8.77,3241,46.1,20,YouTube-Deep-Dive,Lifestyle-Warm,58,12,Android,Upfront,Sunny,28062.79
352.8,5.09,2566,10.3,0,Short-Video-Reel,Broad-Entertainment,20,19,iOS,Upfront,Cloudy,16247.72
118.7,2.3,2058,11.5,10,Short-Video-Reel,Broad-Entertainment,116,7,iOS,Net-30,Rainy,8875.55
185.4,8.98,3841,14.5,5,YouTube-Deep-Dive,Lifestyle-Warm,56,12,iOS,Upfront,Rainy,21216.42
434.5,5.16,358,19.3,20,Static-Carousel,High-Intent-Niche,110,3,Android,Upfront,Cloudy,17642.33
189.8,7.31,434,39.6,25,Short-Video-Reel,Broad-Entertainment,64,18,Android,Net-30,Cloudy,15434.26
194.6,5.43,1244,15.3,20,YouTube-Deep-Dive,High-Intent-Niche,58,21,iOS,Net-15,Rainy,17971.46
386.1,2.92,355,23.7,0,YouTube-Deep-Dive,High-Intent-Niche,131,23,iOS,Net-15,Sunny,14673.62
357.5,9.17,743,39.4,10,YouTube-Deep-Dive,High-Intent-Niche,155,1,iOS,Net-15,Rainy,25053.83
211,4.06,1744,7.9,20,Short-Video-Reel,High-Intent-Niche,104,2,iOS,Upfront,Cloudy,15812.07
369.5,3.48,1204,39.7,15,Short-Video-Reel,Lifestyle-Warm,26,8,iOS,Net-30,Rainy,16996.16
165.1,8.49,962,43.6,0,YouTube-Deep-Dive,Lifestyle-Warm,124,2,Android,Upfront,Cloudy,16919
31.1,5.41,3118,7,15,YouTube-Deep-Dive,Broad-Entertainment,58,5,iOS,Net-30,Cloudy,13217.25
138.8,7.86,2515,52.9,25,Short-Video-Reel,Lifestyle-Warm,28,11,Android,Net-30,Rainy,20257.86
405,8,1220,12.9,20,YouTube-Deep-Dive,Broad-Entertainment,29,17,Android,Net-30,Sunny,22134.02
53.7,6.58,3149,39,5,Short-Video-Reel,High-Intent-Niche,93,12,iOS,Net-30,Sunny,17169.17
360.9,2.39,3921,47.4,0,YouTube-Deep-Dive,Lifestyle-Warm,78,14,Android,Net-30,Rainy,20854.89
229.6,2.31,1703,36.5,10,Short-Video-Reel,Broad-Entertainment,153,1,iOS,Upfront,Cloudy,11413.89
119.5,4.4,1217,40.3,0,YouTube-Deep-Dive,High-Intent-Niche,36,23,iOS,Net-15,Rainy,14363.27
149.2,1.52,3060,11.5,15,Short-Video-Reel,Lifestyle-Warm,33,3,iOS,Net-15,Rainy,12981.64
409.9,4.28,4191,45.8,10,Short-Video-Reel,High-Intent-Niche,77,7,Android,Net-30,Cloudy,25536.72
374.2,7.42,1138,9.4,0,Short-Video-Reel,Broad-Entertainment,61,3,iOS,Net-30,Cloudy,15714.93
283.2,6.89,571,30.4,0,Short-Video-Reel,High-Intent-Niche,117,24,Android,Net-30,Rainy,16853.74
350.7,7.66,3195,42.2,0,YouTube-Deep-Dive,Broad-Entertainment,145,21,iOS,Net-15,Cloudy,23073.39
380.9,8.83,2633,48.6,25,YouTube-Deep-Dive,Broad-Entertainment,124,17,iOS,Net-15,Sunny,27606.98
181.2,7.4,2857,13.9,20,Short-Video-Reel,Lifestyle-Warm,136,10,Android,Upfront,Sunny,18858.04
174.8,7.45,3524,40.4,10,Short-Video-Reel,High-Intent-Niche,57,23,iOS,Net-15,Sunny,22532.13
112,4.85,1347,44.9,0,Short-Video-Reel,Lifestyle-Warm,109,24,iOS,Net-15,Cloudy,11846.33
30,2.51,4143,30.6,15,Static-Carousel,Broad-Entertainment,156,23,iOS,Net-30,Sunny,11474.03
256.7,8.62,1384,15.5,0,YouTube-Deep-Dive,High-Intent-Niche,90,9,iOS,Net-15,Sunny,20581.99
27.9,6.99,282,47.5,5,Static-Carousel,High-Intent-Niche,39,7,iOS,Net-30,Sunny,10142.61
295.5,3.76,2587,46.7,0,YouTube-Deep-Dive,Broad-Entertainment,146,16,Android,Upfront,Sunny,17469.46
269.3,8.92,240,34.8,15,Short-Video-Reel,High-Intent-Niche,65,1,Android,Upfront,Rainy,19457.6
390,8.04,2082,16.6,20,Static-Carousel,Lifestyle-Warm,57,18,iOS,Net-30,Rainy,21236.15
152.4,6.38,3254,14.2,0,YouTube-Deep-Dive,Broad-Entertainment,22,17,Android,Upfront,Rainy,15364.75
360.8,6.66,1848,40.1,0,Static-Carousel,Broad-Entertainment,149,22,iOS,Upfront,Cloudy,16072.91
233,1.6,2531,40.8,20,Static-Carousel,Broad-Entertainment,39,9,Android,Net-30,Cloudy,12719.73
101.4,3.02,1502,51.9,5,Short-Video-Reel,Broad-Entertainment,116,16,iOS,Net-30,Rainy,10490.94
296.1,6.89,1124,14.1,15,Short-Video-Reel,High-Intent-Niche,138,18,iOS,Net-15,Cloudy,18796.17
270.7,6.39,1400,45.8,15,Short-Video-Reel,Lifestyle-Warm,104,5,iOS,Net-30,Sunny,18336.43
448.5,1.48,4239,17.9,0,Static-Carousel,Lifestyle-Warm,102,16,iOS,Net-15,Rainy,15061.2
347.2,3.93,1158,25,0,Short-Video-Reel,High-Intent-Niche,109,23,Android,Net-30,Sunny,16089.13
330.6,2.4,3808,46.8,25,Short-Video-Reel,High-Intent-Niche,147,14,Android,Net-15,Sunny,23257.2
160.9,0.88,860,43.1,5,Short-Video-Reel,Broad-Entertainment,44,11,Android,Net-30,Rainy,8219.94
420.2,6.11,451,10.9,20,Static-Carousel,Lifestyle-Warm,108,19,iOS,Net-30,Cloudy,16451.27
28.8,3.6,3083,40.2,10,Static-Carousel,High-Intent-Niche,24,18,Android,Upfront,Rainy,12913.58
199.5,6.62,1912,33.3,15,YouTube-Deep-Dive,Lifestyle-Warm,61,9,Android,Net-15,Rainy,18240.39
406.1,6.73,2057,39.4,20,Short-Video-Reel,Lifestyle-Warm,21,14,Android,Net-30,Rainy,23605.59
47.3,3.1,3618,41.6,25,Short-Video-Reel,Lifestyle-Warm,44,6,iOS,Net-30,Sunny,16223.35
229.3,8.8,3341,44.5,10,Static-Carousel,Lifestyle-Warm,158,11,iOS,Net-30,Sunny,20928.17
351.1,1.86,1221,24.1,5,Short-Video-Reel,Lifestyle-Warm,99,12,Android,Upfront,Sunny,12078.6
36.1,8.73,1628,21.2,20,Short-Video-Reel,Lifestyle-Warm,126,1,iOS,Upfront,Sunny,13969.05
162.6,6.86,2732,42.6,10,Short-Video-Reel,Lifestyle-Warm,103,19,iOS,Net-15,Rainy,17598.94
303.5,9.08,3860,48.1,0,YouTube-Deep-Dive,High-Intent-Niche,116,5,Android,Upfront,Rainy,29022.19
161.6,7.1,1031,45.5,15,Short-Video-Reel,Lifestyle-Warm,13,1,Android,Upfront,Sunny,15621.7
332.2,5.96,498,11.6,10,YouTube-Deep-Dive,Lifestyle-Warm,46,1,iOS,Upfront,Cloudy,16419.41
175.7,1.16,2074,39.5,10,YouTube-Deep-Dive,Lifestyle-Warm,97,3,Android,Upfront,Sunny,13622.64
313.8,5,1594,19.2,0,Short-Video-Reel,Broad-Entertainment,54,19,iOS,Upfront,Rainy,12855.65
235.9,4.28,3339,51.5,10,Short-Video-Reel,Lifestyle-Warm,128,16,iOS,Net-30,Sunny,18741.28
66.3,8.44,1173,31.9,0,Short-Video-Reel,High-Intent-Niche,109,13,Android,Net-15,Cloudy,14004.89
263.2,3.72,307,14.1,10,YouTube-Deep-Dive,Broad-Entertainment,39,12,iOS,Upfront,Cloudy,11089.43
246.4,7.33,1273,26.1,0,YouTube-Deep-Dive,Broad-Entertainment,122,7,Android,Upfront,Cloudy,15788.2
185.6,3.17,3200,7.3,10,Short-Video-Reel,Broad-Entertainment,105,13,Android,Net-30,Sunny,12393.3
388.7,1.98,1426,49.9,5,YouTube-Deep-Dive,Lifestyle-Warm,45,4,Android,Net-15,Rainy,16274.44
279.5,5.47,3983,52.4,0,Short-Video-Reel,Broad-Entertainment,146,22,Android,Net-30,Rainy,18504.69
313.4,2.94,4152,12.9,10,Short-Video-Reel,Broad-Entertainment,63,11,Android,Upfront,Cloudy,17806.58
78.2,2.23,3993,15.8,5,Static-Carousel,Lifestyle-Warm,78,11,iOS,Net-30,Sunny,11287.29
184,2.21,2582,41.7,10,Short-Video-Reel,Lifestyle-Warm,140,24,Android,Net-30,Cloudy,14217.96
148.6,8.49,3089,45.5,5,Short-Video-Reel,Broad-Entertainment,69,16,Android,Net-30,Cloudy,17296.05
336.6,6,2850,13.2,5,YouTube-Deep-Dive,Broad-Entertainment,135,13,iOS,Net-15,Rainy,18943.37
68.3,7.22,3169,6.6,15,Short-Video-Reel,Broad-Entertainment,16,23,iOS,Net-30,Rainy,13161.41
153.2,5.18,2124,26.7,25,Short-Video-Reel,Broad-Entertainment,103,3,iOS,Net-30,Cloudy,14484
188.5,6.92,1825,34.9,0,Short-Video-Reel,High-Intent-Niche,158,6,Android,Net-30,Rainy,17327.66
195.5,5.14,849,33.7,20,Short-Video-Reel,Lifestyle-Warm,41,20,iOS,Upfront,Sunny,14178.74
332.4,8.39,2253,35.1,5,Short-Video-Reel,Broad-Entertainment,24,4,iOS,Upfront,Cloudy,20002.29
119,5.87,4288,43.7,15,Short-Video-Reel,Lifestyle-Warm,155,15,iOS,Net-30,Cloudy,20004.14
165.6,8.99,3081,18.2,10,Short-Video-Reel,High-Intent-Niche,149,11,Android,Net-15,Cloudy,20073.46
64.5,9.25,1488,44.6,15,Static-Carousel,High-Intent-Niche,133,17,iOS,Net-15,Rainy,15564.46
345.9,1.84,2217,45.1,0,Static-Carousel,Broad-Entertainment,104,19,Android,Net-30,Rainy,11392.67
126.9,1.87,1726,23.5,0,Short-Video-Reel,Lifestyle-Warm,113,13,iOS,Net-30,Cloudy,9510.76
159.5,2.42,4227,41.4,15,Short-Video-Reel,Broad-Entertainment,53,11,Android,Upfront,Cloudy,16045.22
150.4,1.19,2002,22.9,25,Short-Video-Reel,High-Intent-Niche,101,22,Android,Net-30,Cloudy,13509.56
222.1,4.11,2075,54.4,0,YouTube-Deep-Dive,High-Intent-Niche,44,22,Android,Upfront,Sunny,18964.09
367.4,7.98,1841,28.2,5,Static-Carousel,Lifestyle-Warm,130,19,Android,Upfront,Rainy,18347.72
298.1,8.81,3757,49.8,0,YouTube-Deep-Dive,Lifestyle-Warm,67,2,iOS,Net-15,Sunny,26261.53
229.5,3.28,4288,50.7,10,YouTube-Deep-Dive,High-Intent-Niche,81,23,iOS,Net-30,Sunny,23189.47
406.1,8.59,3257,43.8,10,YouTube-Deep-Dive,Lifestyle-Warm,111,14,Android,Net-15,Cloudy,28580.63
291.8,2.85,1291,49.4,5,Short-Video-Reel,Lifestyle-Warm,79,3,Android,Upfront,Rainy,13598.77
443.6,2.58,1633,33.9,10,Static-Carousel,High-Intent-Niche,45,6,Android,Net-30,Cloudy,16761.58
301.3,4.73,1873,41.3,15,Static-Carousel,High-Intent-Niche,29,7,iOS,Net-15,Sunny,18400.96
39.4,6.82,251,41.7,0,Static-Carousel,Broad-Entertainment,36,9,Android,Upfront,Rainy,5907.87
328.9,7.87,3075,21.4,5,Short-Video-Reel,Lifestyle-Warm,48,9,iOS,Net-30,Cloudy,22499.1
212,5.4,1692,9.2,10,YouTube-Deep-Dive,High-Intent-Niche,159,9,iOS,Net-15,Rainy,17231.1
376,1.06,207,15.1,5,Static-Carousel,Lifestyle-Warm,78,16,Android,Upfront,Sunny,7635.91
393.5,4.93,3144,43.1,25,Short-Video-Reel,Broad-Entertainment,37,20,iOS,Upfront,Rainy,22347.34
246.4,0.96,1011,34.1,15,Short-Video-Reel,High-Intent-Niche,38,13,Android,Net-30,Cloudy,12884.85
306.1,7.14,3864,43.7,5,Short-Video-Reel,Lifestyle-Warm,86,19,Android,Net-15,Cloudy,23407.43
294.1,5.94,421,43,10,YouTube-Deep-Dive,Lifestyle-Warm,143,1,iOS,Net-30,Cloudy,17934.87
172.4,5.89,3517,52.6,15,YouTube-Deep-Dive,High-Intent-Niche,37,23,Android,Net-15,Cloudy,24046.92
424,3.22,449,28.8,5,Short-Video-Reel,High-Intent-Niche,30,22,iOS,Net-15,Sunny,15149.5
32.8,9.23,2994,51.7,10,Static-Carousel,Lifestyle-Warm,71,6,iOS,Net-15,Cloudy,14970.28
40.8,5.13,191,54.7,25,Short-Video-Reel,Broad-Entertainment,126,2,iOS,Upfront,Sunny,10143.45
274.7,9.02,3871,14.6,5,YouTube-Deep-Dive,Lifestyle-Warm,47,13,Android,Net-30,Cloudy,23930.62
219.4,6.78,1901,52.9,25,Static-Carousel,High-Intent-Niche,62,5,Android,Upfront,Cloudy,20148.89
159,1.36,2917,36.7,15,Static-Carousel,Broad-Entertainment,37,19,iOS,Upfront,Rainy,10589.73
390.9,2.86,2472,32.3,10,Short-Video-Reel,Lifestyle-Warm,116,22,iOS,Net-30,Cloudy,16999.79
319.4,6.04,4477,42.1,15,Short-Video-Reel,High-Intent-Niche,46,12,iOS,Upfront,Cloudy,26048.9
411.7,6.95,3357,31.2,10,Short-Video-Reel,Lifestyle-Warm,121,1,iOS,Net-30,Sunny,24110.46
415.9,5.3,3427,11.6,0,Short-Video-Reel,Lifestyle-Warm,147,14,iOS,Net-15,Sunny,20178.57
351.7,7.09,3923,42.9,5,Short-Video-Reel,Lifestyle-Warm,156,2,Android,Net-15,Cloudy,24016.38
102.1,3.2,1065,7.6,15,Short-Video-Reel,High-Intent-Niche,17,12,Android,Upfront,Cloudy,11431.93
236,4.51,1433,11,20,Static-Carousel,Lifestyle-Warm,95,8,iOS,Upfront,Rainy,12388.52
307.2,6.4,183,34.6,0,Static-Carousel,Lifestyle-Warm,137,10,Android,Upfront,Cloudy,12840.08
357.4,9.37,542,34.6,25,YouTube-Deep-Dive,High-Intent-Niche,135,13,Android,Net-30,Cloudy,26249.66
215.2,6.51,3539,23.6,0,Static-Carousel,Lifestyle-Warm,148,18,Android,Upfront,Cloudy,16037.82
65.1,4.17,3182,30.1,15,Static-Carousel,Broad-Entertainment,49,9,Android,Net-30,Sunny,11081.08
67,2.56,3032,32.5,10,Short-Video-Reel,Broad-Entertainment,35,24,iOS,Net-15,Cloudy,11750.11
223.4,8.12,2034,47.3,0,Short-Video-Reel,Broad-Entertainment,130,7,Android,Upfront,Rainy,16752.68
399.2,5.99,2105,49.7,5,YouTube-Deep-Dive,Lifestyle-Warm,76,15,iOS,Net-15,Sunny,22755.63
408.8,5.51,283,47,20,Short-Video-Reel,Lifestyle-Warm,97,18,iOS,Net-15,Rainy,19727.46
243.2,5.29,4378,17.8,25,YouTube-Deep-Dive,Lifestyle-Warm,122,15,iOS,Net-30,Rainy,22575.8
273.4,1.83,1169,12.7,0,Short-Video-Reel,Lifestyle-Warm,107,21,iOS,Net-30,Rainy,9217.71
393,8.22,1137,19.8,15,Short-Video-Reel,Broad-Entertainment,151,22,iOS,Net-30,Sunny,20316.36
262,1.49,584,45.4,25,Static-Carousel,Broad-Entertainment,79,10,iOS,Upfront,Sunny,10754.49
270,2.7,219,23.1,5,Short-Video-Reel,High-Intent-Niche,38,19,iOS,Net-30,Sunny,12316.09
51.4,7.07,475,32.5,0,YouTube-Deep-Dive,High-Intent-Niche,73,23,iOS,Net-30,Cloudy,12993.93
241.8,4.96,4472,38.9,25,Short-Video-Reel,High-Intent-Niche,26,5,iOS,Upfront,Sunny,24204.42
382.3,5.53,2127,22,5,Short-Video-Reel,Broad-Entertainment,74,23,Android,Upfront,Sunny,16563.27
237.9,7.46,2983,13,20,Static-Carousel,High-Intent-Niche,102,11,Android,Upfront,Sunny,20423.19
116.1,9.37,2083,28.3,15,YouTube-Deep-Dive,Lifestyle-Warm,101,5,Android,Net-15,Sunny,18760.39
52.2,7.63,749,34,25,Static-Carousel,Lifestyle-Warm,69,18,iOS,Net-30,Cloudy,12303.55
385.4,2.67,3534,13.3,20,Short-Video-Reel,Broad-Entertainment,139,4,Android,Net-15,Sunny,17274.43
110.2,8.83,2757,33.5,25,YouTube-Deep-Dive,Broad-Entertainment,21,19,Android,Upfront,Rainy,18700.26
414.1,3.37,2591,50.5,5,Short-Video-Reel,Lifestyle-Warm,112,22,iOS,Upfront,Sunny,18742.62
55.6,1.78,422,39.6,5,Static-Carousel,High-Intent-Niche,61,23,Android,Upfront,Sunny,7507.42
169.5,3.22,4199,42.1,10,Short-Video-Reel,Lifestyle-Warm,47,4,Android,Upfront,Rainy,18304.04
406,1.15,3866,20.2,15,Short-Video-Reel,Lifestyle-Warm,68,21,iOS,Net-15,Sunny,16550.89
297.1,6.54,2294,24,10,Short-Video-Reel,Broad-Entertainment,39,19,Android,Net-15,Sunny,17018.77
31.5,2.51,181,53.2,15,YouTube-Deep-Dive,High-Intent-Niche,37,13,iOS,Upfront,Rainy,12204.04
90.8,7.29,1449,50,20,YouTube-Deep-Dive,Lifestyle-Warm,71,2,Android,Net-30,Rainy,17037.39
323.9,8.45,3202,18,0,Short-Video-Reel,Lifestyle-Warm,90,10,iOS,Upfront,Rainy,21364.72
383.2,4.26,1972,45.7,15,Short-Video-Reel,Broad-Entertainment,68,15,Android,Upfront,Cloudy,17982.17
267.5,1.68,3212,13.2,5,Static-Carousel,Broad-Entertainment,84,2,Android,Net-15,Sunny,10196.17
78.6,1.73,2730,14.6,20,YouTube-Deep-Dive,Broad-Entertainment,75,23,Android,Upfront,Rainy,11757.68
45.5,6.38,112,49.5,5,Short-Video-Reel,High-Intent-Niche,109,24,iOS,Net-30,Cloudy,11958.7
448.2,4.5,3734,41.6,20,YouTube-Deep-Dive,Broad-Entertainment,116,16,Android,Net-15,Sunny,23728.54
365.5,7.08,1546,42.9,0,Short-Video-Reel,Lifestyle-Warm,104,5,iOS,Upfront,Cloudy,19310.08
378.9,6.23,3375,43.8,15,Short-Video-Reel,Lifestyle-Warm,91,9,iOS,Net-30,Rainy,24454.97
308.7,9.04,1076,16.8,20,Short-Video-Reel,High-Intent-Niche,76,15,Android,Net-30,Rainy,22503.52
142.8,1.21,2790,9.1,10,Static-Carousel,Lifestyle-Warm,98,19,Android,Net-15,Cloudy,10078.44
60.4,1.89,1097,48.5,5,YouTube-Deep-Dive,Lifestyle-Warm,157,8,Android,Upfront,Cloudy,10871.64
363.9,4.5,4192,18.7,25,Static-Carousel,High-Intent-Niche,93,20,Android,Upfront,Rainy,22084.71
256.2,8.31,1865,31.3,15,Short-Video-Reel,Lifestyle-Warm,81,20,Android,Upfront,Sunny,19859.17
35.1,8.54,4480,41.3,15,Static-Carousel,Lifestyle-Warm,149,4,Android,Upfront,Cloudy,17207.6
363.2,4.04,2338,42.1,10,Static-Carousel,Broad-Entertainment,66,8,Android,Net-15,Cloudy,15192.64
239.8,8,1314,10.6,5,Short-Video-Reel,Broad-Entertainment,32,7,iOS,Net-15,Rainy,14548.65
306,9.1,2746,27.2,25,Static-Carousel,Lifestyle-Warm,32,16,iOS,Net-15,Cloudy,23489.39
18.8,8.97,3398,37.5,25,Short-Video-Reel,Broad-Entertainment,27,6,Android,Upfront,Sunny,16621.01
289.2,2.81,4323,26.9,15,YouTube-Deep-Dive,Broad-Entertainment,46,5,Android,Net-30,Rainy,19516.24
183.7,0.88,3011,10,25,YouTube-Deep-Dive,Lifestyle-Warm,154,23,Android,Net-30,Sunny,15444.97
218.1,3.31,966,49.2,25,YouTube-Deep-Dive,Lifestyle-Warm,145,18,iOS,Net-30,Rainy,17211.21
263.8,2.25,493,34.1,25,Short-Video-Reel,High-Intent-Niche,135,12,Android,Net-30,Sunny,15361.25
283,7.16,2550,18.8,25,Short-Video-Reel,Lifestyle-Warm,45,20,iOS,Upfront,Rainy,21138.04
363.9,3.45,4264,26.5,20,Static-Carousel,High-Intent-Niche,97,6,iOS,Net-15,Cloudy,21375.75
371.2,2.04,4089,48.4,25,Short-Video-Reel,High-Intent-Niche,106,20,Android,Net-30,Rainy,22851.35
96,3.36,2893,52.8,15,Short-Video-Reel,Broad-Entertainment,35,2,iOS,Upfront,Sunny,13613.41
440.5,7.25,3997,50.6,5,Static-Carousel,High-Intent-Niche,28,13,iOS,Net-30,Rainy,27835.57
411.3,1,4288,11.3,25,YouTube-Deep-Dive,Broad-Entertainment,37,16,iOS,Upfront,Sunny,19103.67
91.6,9.29,3255,46.4,0,Short-Video-Reel,Broad-Entertainment,151,8,Android,Net-15,Cloudy,16545.63
313.3,1.55,4350,45.2,0,Static-Carousel,Lifestyle-Warm,147,11,Android,Upfront,Cloudy,16212.71
186.9,0.84,4300,49.7,0,Static-Carousel,High-Intent-Niche,144,9,Android,Net-30,Cloudy,14818.78
409.9,3.08,2379,37.9,20,Short-Video-Reel,Broad-Entertainment,54,20,iOS,Upfront,Rainy,18164.89
244.8,2.45,2901,32.6,15,Short-Video-Reel,Broad-Entertainment,40,7,iOS,Upfront,Rainy,14870.43
249.4,4.33,3604,16.2,20,YouTube-Deep-Dive,Broad-Entertainment,67,8,Android,Upfront,Sunny,19206.65
305.5,3.28,654,11.9,25,Short-Video-Reel,High-Intent-Niche,148,6,Android,Net-15,Rainy,14652.78
37.1,8.42,3643,21.1,15,Short-Video-Reel,Lifestyle-Warm,143,21,Android,Net-15,Cloudy,16584.13
176,7.96,3098,44.3,15,Short-Video-Reel,Lifestyle-Warm,40,9,iOS,Upfront,Sunny,20473.79
77.8,9.37,148,14.9,0,YouTube-Deep-Dive,High-Intent-Niche,73,23,iOS,Net-15,Sunny,13898.34
66.7,4.74,2734,13.8,25,Short-Video-Reel,Lifestyle-Warm,136,5,Android,Net-15,Cloudy,14341.69
85.5,9.18,1563,14.3,10,Short-Video-Reel,Lifestyle-Warm,154,17,Android,Net-30,Cloudy,13982.15
439.6,6.82,1607,28.5,25,Static-Carousel,Broad-Entertainment,116,4,Android,Upfront,Rainy,19776.66
238.1,7.48,1221,36.9,15,Short-Video-Reel,High-Intent-Niche,109,1,Android,Net-15,Rainy,19576.44
264,2.98,3673,19.9,10,Short-Video-Reel,Broad-Entertainment,101,1,iOS,Net-30,Sunny,15373.75
311.4,5.39,3714,26.7,0,YouTube-Deep-Dive,Lifestyle-Warm,153,14,iOS,Net-15,Rainy,22090.19
26.8,6.98,3809,47,0,YouTube-Deep-Dive,Broad-Entertainment,91,22,Android,Net-15,Rainy,15639.57
343.1,6.85,3766,46.7,0,Short-Video-Reel,Broad-Entertainment,104,6,Android,Net-15,Sunny,22157.2
385,9.3,1104,30.7,5,Short-Video-Reel,High-Intent-Niche,66,6,Android,Net-30,Cloudy,23843.09
183.5,9.1,455,40,25,Short-Video-Reel,High-Intent-Niche,157,23,Android,Net-15,Cloudy,19197.32
350.1,4.49,1695,46.8,25,YouTube-Deep-Dive,Lifestyle-Warm,91,18,iOS,Net-30,Cloudy,21571.96
146.2,5.51,840,15.4,15,YouTube-Deep-Dive,Lifestyle-Warm,144,21,Android,Upfront,Sunny,13264.79
152.1,1.66,4362,10.4,10,YouTube-Deep-Dive,Lifestyle-Warm,52,17,iOS,Net-15,Sunny,15867.41
153,8.75,354,31.7,20,YouTube-Deep-Dive,Lifestyle-Warm,153,22,iOS,Upfront,Sunny,16322.45
168.1,3.95,1235,18.4,15,Short-Video-Reel,Broad-Entertainment,148,14,iOS,Net-30,Cloudy,10382.52
357.5,4.92,426,6.7,15,Static-Carousel,Lifestyle-Warm,60,7,Android,Net-15,Sunny,13001.03
383.2,9.05,1725,32,5,YouTube-Deep-Dive,Lifestyle-Warm,35,20,Android,Upfront,Sunny,24414.19
305.8,2.21,2655,18,10,Short-Video-Reel,Lifestyle-Warm,19,8,Android,Upfront,Sunny,14838.93
170.2,4.93,672,44.6,25,Static-Carousel,High-Intent-Niche,62,16,iOS,Net-30,Cloudy,15029.73
433.5,6.14,3240,6.1,5,YouTube-Deep-Dive,Lifestyle-Warm,159,16,Android,Net-30,Rainy,23418.64
103.5,4.62,3269,41.4,5,Short-Video-Reel,High-Intent-Niche,157,19,iOS,Upfront,Sunny,16909.65
398.8,6.77,3396,9.1,20,YouTube-Deep-Dive,Lifestyle-Warm,144,18,Android,Upfront,Cloudy,25110.96
384.6,9.37,2760,32.9,20,Short-Video-Reel,High-Intent-Niche,116,17,iOS,Net-30,Cloudy,29259.88
339.8,2.44,3806,33.7,15,Static-Carousel,Lifestyle-Warm,115,1,Android,Upfront,Rainy,17360.92
429.8,6.7,188,12.8,0,Static-Carousel,Lifestyle-Warm,142,12,iOS,Net-15,Rainy,14722.25
30.1,7.88,585,51.1,25,YouTube-Deep-Dive,High-Intent-Niche,40,18,Android,Net-15,Sunny,17411.31
399.8,1.49,2177,38.6,25,Static-Carousel,Broad-Entertainment,142,7,Android,Net-30,Cloudy,13733.93
252.8,1.6,2735,44.4,5,Short-Video-Reel,Broad-Entertainment,36,22,Android,Net-30,Sunny,12852.78
387.7,6.48,293,18.5,20,YouTube-Deep-Dive,Broad-Entertainment,77,20,iOS,Upfront,Cloudy,18571.95
79.8,2.03,1395,29.6,15,Short-Video-Reel,High-Intent-Niche,50,4,Android,Net-30,Cloudy,11541.3
372.3,1.87,2376,42.4,15,Static-Carousel,Lifestyle-Warm,98,14,Android,Upfront,Cloudy,14765.22
392.2,1.21,2995,9.4,5,Static-Carousel,High-Intent-Niche,57,17,Android,Net-30,Cloudy,14136.73
139.4,3.8,2860,49.3,15,YouTube-Deep-Dive,Broad-Entertainment,150,21,Android,Net-15,Sunny,15994.03
106.6,8.13,3299,32.6,20,Short-Video-Reel,Lifestyle-Warm,84,9,iOS,Net-30,Sunny,18686.81
353.1,8.81,1042,37.3,0,YouTube-Deep-Dive,Broad-Entertainment,119,7,Android,Upfront,Rainy,20720.76
332.1,7.59,2096,28.5,20,Static-Carousel,High-Intent-Niche,95,23,Android,Net-15,Sunny,22240.34
30.7,5.36,2411,49.4,0,Short-Video-Reel,High-Intent-Niche,16,5,Android,Net-30,Sunny,14469.39
299.2,6.11,4463,43.8,0,YouTube-Deep-Dive,Lifestyle-Warm,134,11,iOS,Upfront,Cloudy,24510.79
203.4,6.56,315,37,25,Static-Carousel,High-Intent-Niche,112,5,iOS,Net-30,Cloudy,16233.67
115.2,1.01,1028,15.7,10,Short-Video-Reel,Broad-Entertainment,55,1,iOS,Net-15,Sunny,6221.45
163.7,1.7,2887,38.2,15,Short-Video-Reel,Lifestyle-Warm,111,21,Android,Upfront,Cloudy,14047.32
369.6,6.3,3582,52,25,Static-Carousel,Lifestyle-Warm,154,5,Android,Net-15,Cloudy,24286.2
56.4,6.74,245,52.3,15,Short-Video-Reel,High-Intent-Niche,102,4,Android,Net-30,Cloudy,14080.01
248.6,7.46,1822,52.7,25,YouTube-Deep-Dive,Lifestyle-Warm,12,14,Android,Upfront,Sunny,22742.82
208.6,7.84,3621,30,0,Short-Video-Reel,High-Intent-Niche,88,23,iOS,Net-30,Cloudy,21136.75
209.3,6.59,3076,13.6,20,Static-Carousel,Lifestyle-Warm,39,21,iOS,Net-15,Cloudy,16839.97
28.4,4.04,2423,14.4,15,Short-Video-Reel,Lifestyle-Warm,61,12,Android,Net-30,Rainy,11706.09
28.3,8.04,2163,30.5,25,YouTube-Deep-Dive,Lifestyle-Warm,81,12,Android,Net-15,Rainy,16640.13
70.1,9.03,2750,34.2,25,Short-Video-Reel,High-Intent-Niche,150,4,Android,Net-30,Rainy,19328.31
430.6,2.33,2046,16.5,5,Short-Video-Reel,Lifestyle-Warm,92,3,iOS,Net-15,Cloudy,15182.63
350.9,5.3,2081,13.7,5,YouTube-Deep-Dive,Lifestyle-Warm,72,5,iOS,Upfront,Sunny,18157.68
141.1,4.64,3677,47.7,25,Short-Video-Reel,Lifestyle-Warm,121,12,iOS,Net-30,Cloudy,19766.68
144.1,6.45,1953,54.9,15,YouTube-Deep-Dive,Broad-Entertainment,118,4,iOS,Upfront,Cloudy,17171.33
244.5,9.15,2871,6.9,20,Short-Video-Reel,Lifestyle-Warm,84,21,iOS,Net-30,Rainy,21942.58
378.9,2.27,3654,27.5,0,Short-Video-Reel,Lifestyle-Warm,93,12,iOS,Net-30,Sunny,16665.91
226.1,5.5,1682,34.3,15,YouTube-Deep-Dive,Broad-Entertainment,63,6,Android,Net-30,Cloudy,16888.07
79,6.8,3821,37.4,20,Short-Video-Reel,Lifestyle-Warm,116,20,iOS,Net-15,Sunny,17943.12
407.5,7.86,3519,50.8,15,Short-Video-Reel,Lifestyle-Warm,126,16,Android,Upfront,Cloudy,27809.77
131.3,7.24,421,53,5,Short-Video-Reel,High-Intent-Niche,79,10,iOS,Upfront,Sunny,15672.37
364.6,0.93,2497,6.9,0,Short-Video-Reel,High-Intent-Niche,134,13,Android,Net-15,Rainy,13283.37
432.8,7.53,1697,38.8,20,Short-Video-Reel,High-Intent-Niche,37,12,iOS,Upfront,Rainy,26198.53
347.5,0.85,3222,44.2,0,YouTube-Deep-Dive,High-Intent-Niche,110,14,iOS,Net-30,Cloudy,18178.06
342.7,8.04,1901,21.5,20,Short-Video-Reel,Lifestyle-Warm,116,19,iOS,Upfront,Cloudy,22031.06
242.8,6.33,3543,7.9,0,Short-Video-Reel,Broad-Entertainment,23,22,iOS,Net-30,Cloudy,15624.62
266.5,1.06,4454,25,20,Short-Video-Reel,Lifestyle-Warm,25,11,iOS,Upfront,Cloudy,16582.5
233.4,2.33,4326,12.6,10,Short-Video-Reel,Broad-Entertainment,110,18,iOS,Upfront,Rainy,15050.18
32.3,7.82,1167,34.3,0,YouTube-Deep-Dive,High-Intent-Niche,134,6,iOS,Upfront,Sunny,14615.46
49.6,8.75,1742,32.2,0,Static-Carousel,High-Intent-Niche,158,16,iOS,Net-30,Rainy,13703.38
300.6,7.4,303,29.9,0,YouTube-Deep-Dive,Lifestyle-Warm,104,4,Android,Upfront,Cloudy,17938.94
89.6,8.96,3223,33.5,20,Short-Video-Reel,High-Intent-Niche,80,14,Android,Net-15,Rainy,21080.02
219.5,5.9,1630,31.3,10,Short-Video-Reel,Lifestyle-Warm,100,17,iOS,Net-30,Sunny,15361.66
434.5,0.87,4036,29.4,5,YouTube-Deep-Dive,Broad-Entertainment,113,16,iOS,Net-15,Cloudy,17482.63
427.8,6.43,1767,42.1,5,Short-Video-Reel,Broad-Entertainment,35,4,iOS,Net-15,Cloudy,19617.16
421.9,3.54,3430,53.1,15,Short-Video-Reel,Broad-Entertainment,78,7,Android,Upfront,Rainy,20572.69
275.1,3.97,417,31.3,15,Short-Video-Reel,High-Intent-Niche,154,3,Android,Upfront,Rainy,15759.28
171.9,7.92,3854,46.1,0,Short-Video-Reel,High-Intent-Niche,40,10,Android,Upfront,Rainy,21593.37
239.4,4.68,1065,47.5,5,Static-Carousel,Broad-Entertainment,14,23,Android,Net-15,Sunny,11186.07
274,5.51,3584,48.2,10,Short-Video-Reel,Broad-Entertainment,26,6,iOS,Net-15,Rainy,19757.6
190.6,8.87,797,22.8,15,YouTube-Deep-Dive,Broad-Entertainment,102,1,Android,Upfront,Rainy,15905.44
74,1.85,2555,33.7,25,YouTube-Deep-Dive,Broad-Entertainment,44,11,iOS,Upfront,Rainy,14195.91
49.8,1.12,2736,34.1,20,Short-Video-Reel,High-Intent-Niche,29,13,Android,Net-15,Cloudy,14205.9
63.1,6.52,2593,54.9,20,Static-Carousel,Lifestyle-Warm,61,23,Android,Net-15,Sunny,14881.57
311.1,3.4,3779,51.8,25,Static-Carousel,Lifestyle-Warm,134,6,Android,Net-30,Cloudy,20106.62
337.2,6.35,2645,8.9,20,Static-Carousel,High-Intent-Niche,80,15,Android,Net-30,Cloudy,20153.85
39,2.94,3204,37.1,0,Short-Video-Reel,High-Intent-Niche,58,11,iOS,Upfront,Rainy,14456.6
226.8,4.57,2958,18.1,20,Short-Video-Reel,Lifestyle-Warm,144,22,iOS,Net-15,Sunny,17480.82
136.3,8.3,3116,10.9,25,Short-Video-Reel,Lifestyle-Warm,67,11,Android,Net-30,Cloudy,19490.2
348.6,6.39,932,7.6,15,Static-Carousel,High-Intent-Niche,158,14,Android,Net-30,Cloudy,17118.07
168.1,1.42,475,52.6,5,Short-Video-Reel,High-Intent-Niche,159,3,Android,Upfront,Sunny,11681.26
395,6.98,2270,28.6,5,YouTube-Deep-Dive,Lifestyle-Warm,96,11,Android,Upfront,Sunny,23165.72
112.5,4.93,134,37.6,20,Short-Video-Reel,Broad-Entertainment,151,2,iOS,Upfront,Rainy,9442.89
87.4,3.23,748,44.2,0,YouTube-Deep-Dive,Broad-Entertainment,113,9,iOS,Net-30,Sunny,8819.66
376.2,4.32,2576,32.7,25,YouTube-Deep-Dive,High-Intent-Niche,134,16,iOS,Upfront,Rainy,24064.28
202.7,3.17,297,33.8,10,Static-Carousel,Lifestyle-Warm,144,23,iOS,Net-30,Sunny,9026.81
326.5,4.25,1741,18.5,0,Short-Video-Reel,Lifestyle-Warm,15,4,Android,Net-15,Cloudy,14084.25
315.8,7.46,4253,51.1,25,Static-Carousel,Lifestyle-Warm,117,7,Android,Net-15,Rainy,25431.06
358,1.64,640,29,0,Static-Carousel,Lifestyle-Warm,42,3,Android,Net-15,Cloudy,8321.11
305.2,7.47,3935,43.8,0,Short-Video-Reel,Lifestyle-Warm,152,6,Android,Net-15,Cloudy,23323.48
409.8,8.92,117,23.4,5,Static-Carousel,Lifestyle-Warm,93,13,Android,Upfront,Sunny,18544.7
69.7,8.4,2840,33.7,5,Static-Carousel,Broad-Entertainment,71,11,iOS,Net-15,Rainy,12269.62
191.3,2.3,305,22.3,15,Short-Video-Reel,High-Intent-Niche,21,17,Android,Net-15,Rainy,11464.16
41.8,8.84,403,11.5,5,Short-Video-Reel,Lifestyle-Warm,48,2,Android,Net-15,Cloudy,9583.2
77.3,1.92,3875,50.9,15,Static-Carousel,High-Intent-Niche,92,18,iOS,Upfront,Rainy,16073.01
95.1,8.12,194,44.9,0,YouTube-Deep-Dive,Lifestyle-Warm,41,4,iOS,Net-15,Cloudy,12738.46
84,8.33,1039,24.4,0,Short-Video-Reel,High-Intent-Niche,42,23,iOS,Upfront,Cloudy,13554.77
125.1,8.27,1521,24.3,5,Short-Video-Reel,Lifestyle-Warm,49,24,Android,Net-15,Cloudy,14560.23
403.2,3.69,2031,41.7,5,Static-Carousel,Broad-Entertainment,121,6,iOS,Net-30,Cloudy,13812.22
371.1,8.77,304,19.8,5,YouTube-Deep-Dive,Lifestyle-Warm,95,2,iOS,Net-30,Sunny,21120.9
221.9,8.21,1851,48.5,20,Short-Video-Reel,Broad-Entertainment,151,20,iOS,Upfront,Cloudy,19275.06
393.3,6.72,1630,24.1,25,Static-Carousel,Broad-Entertainment,80,2,Android,Upfront,Rainy,19123.68
375.1,4.6,4469,26.1,25,Short-Video-Reel,Broad-Entertainment,128,1,Android,Upfront,Rainy,21958.21
119.3,7.12,1203,27.4,10,Short-Video-Reel,Broad-Entertainment,157,3,iOS,Net-15,Rainy,11912.69
194,9.18,3708,48.5,15,Static-Carousel,Broad-Entertainment,95,18,iOS,Upfront,Cloudy,19927.86
263.4,8.43,3769,35.9,20,YouTube-Deep-Dive,Lifestyle-Warm,158,6,Android,Net-15,Cloudy,26175.54
363.8,1.59,2125,43.5,15,Static-Carousel,Lifestyle-Warm,93,22,iOS,Net-15,Sunny,14178.53
125.6,8.85,4307,49.7,5,Short-Video-Reel,Broad-Entertainment,67,2,Android,Upfront,Sunny,20182.75
78.4,8.43,907,15.1,15,Short-Video-Reel,Broad-Entertainment,33,10,iOS,Net-15,Sunny,10791.72
112.2,8.97,1792,46.9,15,Static-Carousel,Broad-Entertainment,102,23,Android,Upfront,Rainy,14117.8
439.2,6.38,4043,39.3,0,Static-Carousel,Lifestyle-Warm,72,2,Android,Net-15,Cloudy,23321.19
161,2.86,3818,6.6,0,Static-Carousel,Broad-Entertainment,82,23,Android,Upfront,Sunny,10620.17
15,5.24,2390,10.6,25,Short-Video-Reel,Lifestyle-Warm,131,19,iOS,Net-30,Cloudy,12694.56
294.3,9.16,1539,51.9,25,Short-Video-Reel,Lifestyle-Warm,107,5,iOS,Net-15,Rainy,23223.1
159.1,1.93,1597,15.1,20,Short-Video-Reel,Broad-Entertainment,134,7,Android,Net-30,Cloudy,9976.56
335.9,5.34,2617,49.4,15,Static-Carousel,High-Intent-Niche,26,18,iOS,Net-15,Sunny,21305.29
289.9,7.98,962,43.5,20,Static-Carousel,Lifestyle-Warm,89,9,iOS,Upfront,Rainy,18760.09
85.9,6.45,3319,49.1,10,Short-Video-Reel,High-Intent-Niche,61,21,Android,Net-30,Rainy,18114.74
46.9,8.91,2506,35.7,25,Static-Carousel,Lifestyle-Warm,123,19,Android,Net-15,Sunny,14802.5
15.4,8.84,3059,22.1,20,Short-Video-Reel,High-Intent-Niche,144,14,iOS,Net-30,Sunny,17482.3
91,5.22,2930,47.2,15,Static-Carousel,Broad-Entertainment,130,24,Android,Net-30,Sunny,13226.71
106.7,4.18,978,26.2,0,YouTube-Deep-Dive,Broad-Entertainment,139,20,iOS,Upfront,Cloudy,9689.59
52,4.77,3472,20.1,15,Static-Carousel,Lifestyle-Warm,42,10,Android,Net-15,Cloudy,12673.05
269.4,8.54,195,51.6,5,Short-Video-Reel,Lifestyle-Warm,111,19,iOS,Net-15,Cloudy,16840.95
101.6,4.23,1511,21.2,25,Static-Carousel,Broad-Entertainment,45,24,iOS,Net-15,Cloudy,9711.87
130.1,4.75,3091,46.4,25,Short-Video-Reel,Broad-Entertainment,90,24,Android,Net-30,Sunny,16846.21
231.6,5.52,3490,26.3,10,Static-Carousel,High-Intent-Niche,100,19,iOS,Net-15,Sunny,19020.65
130.9,6.03,3425,18.2,20,YouTube-Deep-Dive,Broad-Entertainment,150,5,iOS,Net-30,Rainy,16992.53
353.4,6.46,914,51.3,20,YouTube-Deep-Dive,Lifestyle-Warm,58,21,Android,Net-30,Sunny,22223.88
79.5,4.3,2811,35.3,25,YouTube-Deep-Dive,High-Intent-Niche,58,11,Android,Upfront,Rainy,19140.22
439.2,4.84,3466,42.6,25,Static-Carousel,Lifestyle-Warm,132,13,iOS,Net-15,Cloudy,22439.49
404.1,5.13,3746,24.8,25,Static-Carousel,Lifestyle-Warm,144,20,iOS,Net-15,Cloudy,21632.82
182.1,3.66,2738,22.9,15,Short-Video-Reel,Lifestyle-Warm,29,12,Android,Upfront,Cloudy,14495.36
113.9,6.46,1686,20.5,10,Short-Video-Reel,High-Intent-Niche,51,7,Android,Net-30,Sunny,15265.54
30.5,3.82,1382,7.5,5,Short-Video-Reel,Broad-Entertainment,112,3,Android,Net-15,Rainy,6033.43
193.8,4.54,1229,48.4,15,Short-Video-Reel,Broad-Entertainment,118,3,iOS,Net-30,Cloudy,13510.63
62.2,4.05,2724,50.5,15,YouTube-Deep-Dive,Broad-Entertainment,18,1,Android,Net-30,Sunny,14793.55
268.4,3.65,4326,23.3,20,Short-Video-Reel,Broad-Entertainment,110,21,Android,Net-30,Cloudy,18625.15
125.3,8.89,2339,31.6,25,Static-Carousel,Lifestyle-Warm,139,8,iOS,Net-15,Sunny,16805.62
366.9,4.99,1295,15.1,10,Short-Video-Reel,Lifestyle-Warm,141,12,Android,Upfront,Cloudy,16223.15
141.6,1.67,2772,29.3,25,YouTube-Deep-Dive,Broad-Entertainment,151,5,Android,Net-30,Rainy,15210.21
338,3.29,201,20.4,10,YouTube-Deep-Dive,High-Intent-Niche,114,24,Android,Upfront,Rainy,15768.43
315.8,2.46,4105,46.1,20,Static-Carousel,High-Intent-Niche,159,3,iOS,Net-30,Cloudy,20857.14
72.9,9.06,228,45.6,25,Static-Carousel,Lifestyle-Warm,145,22,Android,Net-15,Cloudy,12445.92
21.5,7.49,3997,11.5,25,Short-Video-Reel,High-Intent-Niche,123,4,Android,Net-30,Cloudy,18917.23
80.3,1.59,2943,25.9,20,Short-Video-Reel,Broad-Entertainment,148,9,Android,Upfront,Sunny,11335.84
246.7,2,1300,53.9,0,Static-Carousel,Broad-Entertainment,64,17,Android,Net-30,Rainy,8580.82
376.6,4.24,2679,27.8,5,Static-Carousel,Broad-Entertainment,117,4,Android,Upfront,Rainy,14360.1
309.9,7.06,2108,33.4,10,Static-Carousel,Lifestyle-Warm,117,4,iOS,Net-15,Sunny,18238.95
29,5.44,4237,49,5,Short-Video-Reel,Broad-Entertainment,124,21,Android,Upfront,Sunny,14992.21
267.4,6.95,2019,26.5,10,Short-Video-Reel,High-Intent-Niche,31,21,Android,Net-15,Rainy,19897.22
147.1,2.7,1039,24.2,20,Short-Video-Reel,Broad-Entertainment,139,17,Android,Net-30,Sunny,9676.8
297.3,6.97,2109,48.3,15,Short-Video-Reel,Lifestyle-Warm,104,1,Android,Net-30,Rainy,20895.4
439.1,4.2,3666,46.5,5,YouTube-Deep-Dive,High-Intent-Niche,117,24,iOS,Net-30,Sunny,25259.04
394.9,4.07,2389,17.8,0,Static-Carousel,High-Intent-Niche,149,9,iOS,Net-15,Rainy,16443.78
344.2,2.87,2748,35.2,25,Short-Video-Reel,High-Intent-Niche,135,15,Android,Upfront,Rainy,20377.4
273.4,1.32,2790,9.1,0,Short-Video-Reel,Broad-Entertainment,136,8,Android,Net-15,Sunny,9661.43
193.6,6.55,2165,6.5,25,Short-Video-Reel,Lifestyle-Warm,61,23,iOS,Net-15,Rainy,17488.96
407.9,9.07,193,42.6,5,Short-Video-Reel,Broad-Entertainment,33,4,Android,Net-30,Cloudy,19832.16
102.1,1.04,532,7.1,20,Short-Video-Reel,Lifestyle-Warm,71,10,Android,Net-15,Cloudy,7269.35
127.1,6.76,3565,16.3,15,Static-Carousel,High-Intent-Niche,91,16,Android,Upfront,Sunny,17380.55
299.8,4.1,2518,33,20,Static-Carousel,Broad-Entertainment,63,13,iOS,Net-15,Rainy,14851.56
58.6,8.08,2176,16,15,YouTube-Deep-Dive,Lifestyle-Warm,22,21,Android,Net-30,Sunny,15799.26
149.5,6.74,3576,11.6,20,YouTube-Deep-Dive,High-Intent-Niche,108,1,iOS,Net-15,Cloudy,21363.63
68.4,5.02,1725,21.7,25,YouTube-Deep-Dive,Broad-Entertainment,92,21,iOS,Net-15,Cloudy,13201.16
25.6,9.16,2633,24.6,5,YouTube-Deep-Dive,High-Intent-Niche,146,2,iOS,Net-30,Cloudy,16973.82
341.2,4.26,4101,21.6,5,Short-Video-Reel,Broad-Entertainment,44,13,iOS,Net-30,Sunny,17328.5
350.2,1.41,4399,48.7,25,Short-Video-Reel,Broad-Entertainment,149,1,iOS,Net-30,Sunny,19169.22
393.3,4.08,2490,22.3,25,Static-Carousel,Lifestyle-Warm,112,8,iOS,Net-30,Rainy,17829.16
401.2,9.42,2807,46.1,20,Static-Carousel,Lifestyle-Warm,38,4,iOS,Net-15,Cloudy,26132.32
60.8,5.07,107,15.1,25,Short-Video-Reel,High-Intent-Niche,107,10,Android,Net-30,Sunny,10900.46
261.5,7.89,150,50.4,0,Short-Video-Reel,Lifestyle-Warm,17,2,iOS,Net-30,Cloudy,16342.55
315.3,2.18,1001,7.6,0,Static-Carousel,High-Intent-Niche,145,2,Android,Net-15,Cloudy,10081.97
198.2,8.35,4113,29,20,Short-Video-Reel,High-Intent-Niche,85,1,Android,Net-15,Cloudy,24689.2
327.4,2.5,2575,13.6,25,Static-Carousel,Lifestyle-Warm,18,6,iOS,Net-15,Sunny,15024.97
407.9,5.22,373,36.9,25,Static-Carousel,Broad-Entertainment,74,3,iOS,Net-30,Rainy,14844.96
44.9,5.23,4397,46.4,10,Short-Video-Reel,Broad-Entertainment,87,15,Android,Net-30,Sunny,16334.44
77.5,3.26,2395,39.5,15,YouTube-Deep-Dive,Lifestyle-Warm,24,23,Android,Net-30,Cloudy,15349.65
143.5,7.59,1656,25.3,5,Static-Carousel,Broad-Entertainment,55,1,Android,Net-15,Cloudy,11391.78
77.3,6.02,1853,44,25,Short-Video-Reel,Lifestyle-Warm,45,21,Android,Net-30,Rainy,15115.22
64,1.41,4078,11.3,5,YouTube-Deep-Dive,Lifestyle-Warm,145,20,Android,Upfront,Rainy,13474.23
62.5,7.42,197,13.3,10,Short-Video-Reel,High-Intent-Niche,53,18,Android,Net-30,Rainy,11079.8
382.1,6.27,160,41.1,25,Short-Video-Reel,Lifestyle-Warm,103,23,Android,Net-30,Rainy,19085.44
292.3,4.37,1243,17,20,Short-Video-Reel,Broad-Entertainment,64,13,iOS,Net-30,Cloudy,13318.73
243.2,9.04,1862,30.9,10,YouTube-Deep-Dive,Lifestyle-Warm,44,3,iOS,Net-15,Cloudy,21443.46
279.7,5.81,2860,26.6,10,Static-Carousel,Lifestyle-Warm,73,21,iOS,Net-30,Cloudy,16859.58
435.1,3.96,584,25.8,20,Static-Carousel,Broad-Entertainment,31,20,iOS,Net-15,Sunny,13498.92
380.6,2.1,2732,9.1,15,Short-Video-Reel,Lifestyle-Warm,105,13,Android,Net-30,Rainy,15459.83
204.9,2.42,1794,17.1,5,YouTube-Deep-Dive,Broad-Entertainment,148,15,iOS,Net-15,Sunny,11852.67
280.6,6.01,4213,7.9,10,Short-Video-Reel,Broad-Entertainment,151,9,iOS,Net-15,Cloudy,19038.23
220.4,3.63,3809,50.9,15,Short-Video-Reel,Lifestyle-Warm,129,12,Android,Upfront,Sunny,18844.54
88.2,8.3,3164,17.2,10,YouTube-Deep-Dive,Broad-Entertainment,47,22,Android,Net-15,Sunny,16277.87
384,1.14,1859,35.6,20,Short-Video-Reel,Lifestyle-Warm,45,19,Android,Net-30,Cloudy,15925.07
145.1,9.46,2355,36.8,5,Short-Video-Reel,High-Intent-Niche,129,1,Android,Upfront,Cloudy,19865.56
111.6,8.89,997,29.8,0,Static-Carousel,Lifestyle-Warm,117,5,Android,Net-15,Cloudy,11316.56
259.3,6.32,1663,7.1,25,Short-Video-Reel,Broad-Entertainment,51,2,iOS,Net-30,Cloudy,16311.41
441.1,4.59,3653,18.1,15,Short-Video-Reel,Broad-Entertainment,63,7,Android,Net-15,Sunny,20105.3
87.9,2.82,965,29.6,0,Static-Carousel,High-Intent-Niche,105,16,Android,Net-15,Cloudy,8160.14
401.9,4.25,2359,31.9,0,Short-Video-Reel,Broad-Entertainment,139,17,iOS,Upfront,Rainy,16893.36
214.1,5.13,2866,9.6,10,YouTube-Deep-Dive,Broad-Entertainment,51,19,Android,Net-15,Cloudy,16552.56
92.8,8.82,2423,20.7,15,Short-Video-Reel,Broad-Entertainment,148,12,Android,Net-15,Cloudy,14624.57
130.7,6.74,3086,34.1,10,Short-Video-Reel,High-Intent-Niche,110,12,iOS,Upfront,Sunny,19749.52
329,3.96,2350,51.9,20,Short-Video-Reel,Lifestyle-Warm,66,4,iOS,Net-15,Rainy,19184.67
441.7,3.13,2232,14.7,25,Static-Carousel,Broad-Entertainment,19,7,Android,Net-15,Cloudy,15469.1
382.3,5.89,1772,26.9,15,Short-Video-Reel,High-Intent-Niche,12,12,Android,Upfront,Cloudy,21340.52
423.4,2.57,2853,43.9,0,Short-Video-Reel,High-Intent-Niche,42,15,iOS,Net-30,Cloudy,19069.87
409.9,5.99,308,18.3,0,Static-Carousel,Lifestyle-Warm,127,5,iOS,Net-30,Cloudy,14777.66
49.1,3.17,1388,38.8,20,YouTube-Deep-Dive,Lifestyle-Warm,111,9,iOS,Net-15,Sunny,13068.74
25.1,4.7,3977,11.9,0,Short-Video-Reel,Lifestyle-Warm,34,13,iOS,Upfront,Sunny,12907.13
93.5,5.63,1176,37.4,5,Short-Video-Reel,Broad-Entertainment,82,23,iOS,Net-15,Rainy,10685.29
151.4,8.16,3989,28.2,0,Short-Video-Reel,Lifestyle-Warm,131,21,Android,Net-30,Cloudy,19936.51
353.7,7.39,274,8,0,Static-Carousel,Lifestyle-Warm,137,18,iOS,Net-15,Rainy,14134.48
121.7,3.2,3309,46.6,15,Short-Video-Reel,Lifestyle-Warm,29,22,Android,Upfront,Cloudy,15968.52
201.8,6.93,4027,45.6,15,Short-Video-Reel,Lifestyle-Warm,153,12,iOS,Net-30,Rainy,21998.18
72,4.69,4390,21.5,10,Short-Video-Reel,High-Intent-Niche,51,23,iOS,Net-15,Rainy,18982.53
253.9,3.81,2061,51,15,YouTube-Deep-Dive,Broad-Entertainment,67,24,iOS,Net-30,Rainy,17131.72
332.8,5.55,903,34.5,25,Short-Video-Reel,High-Intent-Niche,25,5,Android,Upfront,Sunny,19609.87
165.4,6.18,1547,20.2,20,YouTube-Deep-Dive,Broad-Entertainment,79,10,iOS,Upfront,Rainy,14466.37
321.7,2.75,247,22.7,25,Short-Video-Reel,Broad-Entertainment,60,23,iOS,Upfront,Cloudy,11618.39
303.5,4.44,1880,29.1,10,Static-Carousel,Broad-Entertainment,24,4,Android,Net-15,Sunny,13843.88
306.7,0.93,299,12.8,0,Static-Carousel,High-Intent-Niche,104,23,Android,Net-15,Sunny,7531.8
330.3,7.9,631,51.7,25,Static-Carousel,High-Intent-Niche,153,20,iOS,Upfront,Cloudy,21243.32
138.3,4.94,684,27,20,Short-Video-Reel,Broad-Entertainment,108,23,Android,Net-30,Sunny,11051.65
345.1,5.73,389,15.9,25,Short-Video-Reel,Lifestyle-Warm,103,15,Android,Upfront,Cloudy,17492.34
414.4,5.46,264,15.4,5,Static-Carousel,High-Intent-Niche,111,9,Android,Net-30,Rainy,15296.97
140.8,6.71,2658,25.7,10,YouTube-Deep-Dive,High-Intent-Niche,126,13,Android,Net-30,Cloudy,19610.37
42.6,5.49,4212,50.1,10,YouTube-Deep-Dive,Lifestyle-Warm,101,3,iOS,Net-15,Cloudy,19673.17
309.8,8.36,1497,8.2,20,Short-Video-Reel,Lifestyle-Warm,155,2,Android,Net-15,Sunny,20530.03
374.3,4.74,1204,9.6,25,Short-Video-Reel,Lifestyle-Warm,15,8,iOS,Net-30,Sunny,17436.82
26.5,4.74,3861,6.8,5,Static-Carousel,Broad-Entertainment,40,18,Android,Net-30,Sunny,9710.88
297.9,6.81,1704,8.6,20,Static-Carousel,High-Intent-Niche,93,4,iOS,Upfront,Sunny,17850.7
44.9,1.44,1920,7,5,Static-Carousel,Broad-Entertainment,133,11,Android,Net-30,Sunny,4580.26
122.6,7.8,1462,48.1,10,Short-Video-Reel,High-Intent-Niche,136,19,Android,Net-15,Sunny,18025.93
261.9,7.1,2733,12.9,10,Static-Carousel,High-Intent-Niche,138,5,iOS,Net-30,Sunny,19483.87
66.7,8.37,3927,36.1,0,YouTube-Deep-Dive,High-Intent-Niche,88,21,Android,Net-15,Sunny,20713.03
316.1,5.14,2984,38.5,15,Short-Video-Reel,Lifestyle-Warm,82,19,iOS,Upfront,Cloudy,20713.11
356.3,1.55,2504,43.6,25,Short-Video-Reel,Broad-Entertainment,128,21,iOS,Net-15,Cloudy,15920.38
111.5,4.16,3869,45.2,15,Short-Video-Reel,Broad-Entertainment,91,16,Android,Net-15,Cloudy,16635.74
276.2,8.66,3425,35.2,20,YouTube-Deep-Dive,Lifestyle-Warm,24,11,Android,Upfront,Cloudy,26154.33
322.3,3.01,3220,17.5,10,YouTube-Deep-Dive,Broad-Entertainment,158,17,iOS,Net-15,Cloudy,16946.31
128.2,5.15,3746,11.7,5,Short-Video-Reel,Lifestyle-Warm,72,14,iOS,Net-30,Cloudy,14935.31
306.8,9.18,2353,55,25,YouTube-Deep-Dive,Broad-Entertainment,25,5,iOS,Net-30,Sunny,25793.82
399.7,3.9,1899,46.6,20,Static-Carousel,High-Intent-Niche,151,19,Android,Net-15,Rainy,19855.32
338.2,5.03,2703,45.7,20,Short-Video-Reel,High-Intent-Niche,76,17,iOS,Upfront,Sunny,23159.19
93.1,4.25,826,15.8,10,Short-Video-Reel,Broad-Entertainment,82,7,Android,Upfront,Cloudy,7984.93
381.4,1.93,1835,43.3,10,Short-Video-Reel,Lifestyle-Warm,82,17,iOS,Net-15,Sunny,15486.46
300.6,3.6,197,22.2,15,Short-Video-Reel,Broad-Entertainment,145,5,iOS,Net-15,Sunny,11328.89
109.9,3.23,4365,35.1,25,Short-Video-Reel,High-Intent-Niche,17,19,Android,Net-30,Rainy,19848.01
81.5,2.77,2650,12.7,0,Short-Video-Reel,High-Intent-Niche,155,7,Android,Net-15,Rainy,12136.95
30.1,6.63,3572,13.6,10,Short-Video-Reel,High-Intent-Niche,100,17,iOS,Net-15,Rainy,15926.71
385.8,4.39,3749,39.9,10,Static-Carousel,Lifestyle-Warm,145,1,Android,Net-30,Rainy,20182.57
419.8,5.66,1700,8.2,10,YouTube-Deep-Dive,Broad-Entertainment,86,6,iOS,Upfront,Sunny,18900.31
352.2,4.17,372,22.1,15,Short-Video-Reel,High-Intent-Niche,28,11,Android,Net-30,Cloudy,16534.37
179.6,7.42,3898,23.1,0,Short-Video-Reel,Broad-Entertainment,18,5,iOS,Net-15,Rainy,16763.06
305.5,3.93,1563,28.8,10,Short-Video-Reel,Broad-Entertainment,13,14,iOS,Net-15,Cloudy,13946.68
113.5,3.86,972,28.4,0,Short-Video-Reel,Lifestyle-Warm,54,13,Android,Upfront,Sunny,8875.9
274.7,3.57,3487,34.1,5,YouTube-Deep-Dive,Broad-Entertainment,67,24,iOS,Net-15,Rainy,17359.85
53.3,7.09,1754,40.2,25,Static-Carousel,Broad-Entertainment,17,1,Android,Net-30,Sunny,11218.11
122.2,3.25,1925,6.4,10,YouTube-Deep-Dive,Lifestyle-Warm,74,5,iOS,Net-15,Rainy,12433.21
247.9,4.96,3015,41.4,10,Short-Video-Reel,Broad-Entertainment,25,9,Android,Net-30,Rainy,16874.3
276.2,5.67,1082,22.2,10,YouTube-Deep-Dive,Broad-Entertainment,31,21,Android,Net-15,Rainy,16218.37
423.4,7.23,2922,31.1,0,YouTube-Deep-Dive,High-Intent-Niche,64,14,Android,Net-15,Cloudy,27119.77
54.7,8.64,3051,37.6,5,YouTube-Deep-Dive,Lifestyle-Warm,150,16,iOS,Upfront,Sunny,17558.82
369.2,3.56,4460,6.4,10,Static-Carousel,Lifestyle-Warm,116,21,iOS,Net-30,Sunny,17914.12
285.1,7.24,2044,44.8,10,Static-Carousel,Broad-Entertainment,129,17,Android,Upfront,Sunny,16185.85
208.6,7.23,3617,8.1,20,Short-Video-Reel,Broad-Entertainment,129,11,iOS,Net-15,Cloudy,18619.24
99.2,1.24,4026,42.6,15,YouTube-Deep-Dive,High-Intent-Niche,106,6,Android,Net-15,Sunny,19134.59
71.5,2.74,805,13.1,0,YouTube-Deep-Dive,Broad-Entertainment,134,16,Android,Upfront,Sunny,6369.71
303.7,8.22,1385,15.9,5,YouTube-Deep-Dive,High-Intent-Niche,108,12,Android,Net-15,Rainy,21288.72
165,4.21,1766,48.6,5,YouTube-Deep-Dive,Broad-Entertainment,57,11,Android,Net-15,Sunny,14300.83
174.6,5.4,3896,40.7,10,YouTube-Deep-Dive,Lifestyle-Warm,77,7,Android,Net-30,Cloudy,20426.25
271.4,2.01,870,35.4,10,Short-Video-Reel,Lifestyle-Warm,25,4,Android,Net-30,Rainy,11609.67
88.3,1.91,2730,38,15,YouTube-Deep-Dive,Lifestyle-Warm,77,23,Android,Upfront,Rainy,15106.97
285.8,2.1,3522,39.6,0,Short-Video-Reel,Lifestyle-Warm,151,15,Android,Net-30,Rainy,16318.07
157.3,4.43,2035,15.5,0,YouTube-Deep-Dive,Lifestyle-Warm,107,14,iOS,Upfront,Rainy,12531.27
219.9,9.15,1234,32.1,25,Short-Video-Reel,High-Intent-Niche,130,14,iOS,Upfront,Sunny,21755.5
185.8,5.47,3541,24.9,20,Static-Carousel,Broad-Entertainment,159,15,Android,Net-15,Sunny,15413.84
185.3,5.94,3352,54,10,Short-Video-Reel,Lifestyle-Warm,116,9,Android,Upfront,Cloudy,20188.51
154.2,4.52,1870,49.7,25,Static-Carousel,Broad-Entertainment,116,6,Android,Net-15,Rainy,13482.23
199.6,7.25,649,53.8,10,Short-Video-Reel,Broad-Entertainment,141,6,iOS,Net-15,Sunny,14615.07
227.2,1.25,1036,13.9,5,Short-Video-Reel,Lifestyle-Warm,71,7,Android,Net-30,Sunny,9157.48
279.1,4.71,2608,38.9,20,Short-Video-Reel,Broad-Entertainment,122,19,Android,Net-30,Sunny,17398.57
172.5,4.11,4198,25.9,0,Static-Carousel,Broad-Entertainment,138,13,Android,Upfront,Sunny,13385.47
380.7,3.84,2917,10.1,25,Short-Video-Reel,Lifestyle-Warm,53,3,Android,Net-30,Sunny,18971.61
415.5,8.76,4282,35,0,Short-Video-Reel,Broad-Entertainment,107,6,Android,Upfront,Sunny,26046.12
164.8,6.69,119,6.1,20,Short-Video-Reel,Broad-Entertainment,151,16,Android,Net-15,Sunny,9960.68
19.6,6.93,1577,53.1,0,Static-Carousel,Lifestyle-Warm,144,4,iOS,Net-30,Cloudy,10346.61
394.5,2.16,1187,24.7,20,YouTube-Deep-Dive,Lifestyle-Warm,85,17,Android,Net-15,Sunny,16471.73
34.3,6.96,2549,52.8,20,Short-Video-Reel,Broad-Entertainment,114,7,Android,Net-15,Sunny,14392.41
263.4,2.38,3468,52.9,5,Static-Carousel,High-Intent-Niche,102,20,iOS,Net-30,Cloudy,17677.3
140.9,0.93,669,51.3,5,Static-Carousel,Lifestyle-Warm,146,3,Android,Net-15,Rainy,7537.62
144.8,9.04,3769,30.1,20,Static-Carousel,Broad-Entertainment,96,14,Android,Upfront,Rainy,17895.78
414.7,7.18,3442,33,25,Static-Carousel,Lifestyle-Warm,21,5,iOS,Net-15,Rainy,25144.49
161.2,4.78,3159,48.9,5,YouTube-Deep-Dive,High-Intent-Niche,20,7,Android,Net-15,Rainy,20153.49
117.4,1.17,4285,23.8,15,Short-Video-Reel,Broad-Entertainment,32,11,iOS,Net-30,Cloudy,12728.9
255.9,3.16,1125,25.7,15,YouTube-Deep-Dive,Broad-Entertainment,138,18,Android,Net-15,Cloudy,13220.25
386.3,8.6,2501,40.1,5,YouTube-Deep-Dive,Broad-Entertainment,130,14,Android,Net-15,Cloudy,24527.93
294.4,1.3,620,24.5,20,Short-Video-Reel,Broad-Entertainment,73,21,iOS,Net-30,Cloudy,10379.84
190.9,6.9,417,15.9,10,YouTube-Deep-Dive,Lifestyle-Warm,95,2,Android,Net-15,Cloudy,14407.46
143.2,0.98,1102,15.8,10,Short-Video-Reel,High-Intent-Niche,61,1,iOS,Upfront,Cloudy,10223.36
286.8,5.74,3770,53.2,25,Short-Video-Reel,Broad-Entertainment,73,1,Android,Net-30,Sunny,22649.65
176.9,5.58,700,42.4,0,Static-Carousel,Lifestyle-Warm,28,21,iOS,Net-15,Sunny,10457.45
326.1,8.11,1046,43.8,0,Static-Carousel,Lifestyle-Warm,96,13,iOS,Net-30,Rainy,17222.15
288.3,2.51,2587,24.9,0,Static-Carousel,Lifestyle-Warm,107,22,Android,Net-30,Cloudy,12607.91
362.7,8.62,2858,9.3,20,Short-Video-Reel,High-Intent-Niche,17,8,iOS,Upfront,Rainy,26453
173.9,6.86,3042,51.5,15,Short-Video-Reel,High-Intent-Niche,50,1,iOS,Upfront,Sunny,22028.08
134.1,8.69,2978,8.1,15,Short-Video-Reel,Lifestyle-Warm,88,4,iOS,Net-30,Rainy,16834.24
338.2,9.04,2305,48.4,0,Short-Video-Reel,High-Intent-Niche,54,15,Android,Net-15,Rainy,24431.3
265.7,6.16,4111,26.5,0,Short-Video-Reel,High-Intent-Niche,115,20,iOS,Net-30,Sunny,21739.26
340.6,9.15,3671,7.7,20,Static-Carousel,Lifestyle-Warm,115,4,iOS,Net-30,Rainy,23055.47
61.6,5.12,3782,41.1,5,Static-Carousel,Broad-Entertainment,127,22,Android,Net-30,Rainy,12442.92
215.5,6.96,4495,7.3,20,Static-Carousel,Broad-Entertainment,143,21,Android,Upfront,Rainy,17955.83
281.9,1.05,4491,28.5,10,YouTube-Deep-Dive,Lifestyle-Warm,30,17,Android,Net-15,Sunny,18551.75
308.1,4.72,712,11.4,25,YouTube-Deep-Dive,Broad-Entertainment,157,20,iOS,Net-15,Sunny,14958.55
56.1,6.32,3429,42.2,0,YouTube-Deep-Dive,Lifestyle-Warm,145,19,iOS,Upfront,Rainy,16500.36
257.4,5.65,3319,9.6,5,Short-Video-Reel,High-Intent-Niche,130,2,Android,Upfront,Cloudy,18867.72
157,3.57,1734,47.1,5,Static-Carousel,Lifestyle-Warm,95,14,Android,Net-30,Rainy,12087.26
246.9,0.9,3297,34.8,10,Short-Video-Reel,Broad-Entertainment,133,10,Android,Net-30,Sunny,13080.59
242.9,8.37,3905,19,15,Short-Video-Reel,High-Intent-Niche,39,21,Android,Net-30,Sunny,23949.39
255.3,2.39,1653,23.6,20,Short-Video-Reel,Broad-Entertainment,53,14,Android,Upfront,Rainy,12323.04
276.6,6.38,1621,21.9,25,YouTube-Deep-Dive,Lifestyle-Warm,59,3,Android,Net-15,Rainy,19535.25
225.3,1.99,4211,51.9,25,Short-Video-Reel,Lifestyle-Warm,89,13,Android,Upfront,Rainy,19562.15
305.2,5.42,2790,25,15,Short-Video-Reel,Broad-Entertainment,45,1,Android,Net-30,Rainy,17775.05
104.8,7.58,2853,9.4,10,Short-Video-Reel,High-Intent-Niche,17,22,Android,Net-30,Rainy,17334.9
131.3,6.86,2765,9.7,15,Static-Carousel,Broad-Entertainment,100,1,iOS,Net-30,Sunny,12257.2
195.7,1.32,3426,52.8,10,Short-Video-Reel,Broad-Entertainment,144,21,Android,Net-30,Sunny,14341.69
194.4,8.64,737,17.7,20,YouTube-Deep-Dive,High-Intent-Niche,84,15,iOS,Upfront,Rainy,20039.54
420.3,4.67,1142,49.2,10,YouTube-Deep-Dive,Broad-Entertainment,57,24,Android,Net-15,Rainy,19822.02
166.4,6.38,2438,21.5,10,Static-Carousel,High-Intent-Niche,101,15,Android,Net-15,Sunny,16108.41
411.9,9.12,1100,23.4,20,Short-Video-Reel,Broad-Entertainment,109,18,iOS,Upfront,Sunny,22049.32
359.2,1.97,3251,52.4,0,YouTube-Deep-Dive,High-Intent-Niche,94,17,iOS,Net-30,Cloudy,20513.29
255.2,1.53,705,41.2,0,Short-Video-Reel,Broad-Entertainment,63,5,Android,Upfront,Cloudy,9005.26
380.5,8.76,2988,33.1,10,YouTube-Deep-Dive,Broad-Entertainment,50,15,iOS,Net-30,Sunny,26135.69
156.5,3.11,2750,44.6,10,YouTube-Deep-Dive,Lifestyle-Warm,63,1,Android,Upfront,Rainy,17027.51
44,8.89,2616,32.8,15,Short-Video-Reel,Broad-Entertainment,156,19,iOS,Net-30,Rainy,14567.59
132.6,2.54,3192,17.5,0,Static-Carousel,Broad-Entertainment,24,12,Android,Net-30,Rainy,8798.78
40.6,8.01,2234,9.2,10,Static-Carousel,Lifestyle-Warm,18,11,iOS,Net-30,Rainy,11244.53
130.2,7.61,3666,36.9,10,Short-Video-Reel,High-Intent-Niche,22,13,iOS,Net-30,Rainy,20161.13
248.4,7.6,132,48.9,0,YouTube-Deep-Dive,Lifestyle-Warm,150,2,Android,Upfront,Sunny,16671.87
110.3,5.22,4167,8.4,25,Short-Video-Reel,Broad-Entertainment,142,23,Android,Upfront,Rainy,15935.48
94.4,5.83,1134,37.5,10,Short-Video-Reel,Lifestyle-Warm,149,14,Android,Net-15,Cloudy,12655.89
322.2,2.54,1490,21.4,25,YouTube-Deep-Dive,Broad-Entertainment,68,11,Android,Net-30,Cloudy,14925.06
29.3,4.23,2141,29,20,Short-Video-Reel,Lifestyle-Warm,85,13,iOS,Net-15,Sunny,13286.56
118.3,7.9,2285,32.3,10,Short-Video-Reel,Broad-Entertainment,90,1,iOS,Net-30,Sunny,14450.01
33.8,8.82,3386,33.6,20,Short-Video-Reel,High-Intent-Niche,122,8,Android,Net-15,Rainy,19386.77
182,8.73,3275,45.2,0,YouTube-Deep-Dive,Lifestyle-Warm,134,15,Android,Net-15,Cloudy,21879.13
446,2.01,1330,47.4,0,Short-Video-Reel,Lifestyle-Warm,65,24,iOS,Net-30,Sunny,14887.5
108.4,6.44,1525,36.7,10,YouTube-Deep-Dive,High-Intent-Niche,96,2,iOS,Net-30,Rainy,17212.62
152.8,1.7,348,34,25,Short-Video-Reel,Lifestyle-Warm,51,12,Android,Net-30,Rainy,9841.68
77.3,4.07,659,39.2,5,YouTube-Deep-Dive,Lifestyle-Warm,90,22,Android,Upfront,Cloudy,11094.34
418.1,6.89,2775,29.3,10,YouTube-Deep-Dive,Broad-Entertainment,87,4,Android,Net-15,Sunny,23842.98
40.7,5.8,2303,16.4,15,Short-Video-Reel,Broad-Entertainment,71,16,Android,Upfront,Cloudy,11096.45
243.5,7.69,882,36.6,20,Short-Video-Reel,High-Intent-Niche,124,15,iOS,Upfront,Sunny,20902.03
365.9,8.37,3276,9.1,0,Static-Carousel,Lifestyle-Warm,145,2,Android,Upfront,Sunny,20846.4
402.6,5.18,2690,41.7,0,Short-Video-Reel,High-Intent-Niche,112,13,iOS,Net-15,Cloudy,22407.7
84.9,8.75,1006,45.8,25,Static-Carousel,Lifestyle-Warm,45,5,Android,Net-30,Cloudy,14719.1
443.9,6.76,597,14.4,10,YouTube-Deep-Dive,Broad-Entertainment,120,1,Android,Net-15,Cloudy,18726.18
306.9,0.91,117,12,5,Short-Video-Reel,High-Intent-Niche,116,18,Android,Net-15,Sunny,9217.3
35.7,1.72,1936,50.4,20,Short-Video-Reel,High-Intent-Niche,154,11,Android,Net-15,Cloudy,14518.64
414.6,3.96,2929,39.3,25,Short-Video-Reel,Lifestyle-Warm,16,16,iOS,Net-30,Sunny,22143.74
341.8,7.51,2185,47.9,5,Static-Carousel,Broad-Entertainment,46,22,Android,Net-30,Cloudy,18885.96
210.8,7.58,344,20.7,0,Static-Carousel,Lifestyle-Warm,55,9,iOS,Upfront,Sunny,11113.22
307.8,8.32,403,19.3,10,Short-Video-Reel,Lifestyle-Warm,35,4,iOS,Net-30,Cloudy,17041.22
184.6,1.83,4468,21.6,20,YouTube-Deep-Dive,Broad-Entertainment,35,12,Android,Upfront,Rainy,17501.65
388.8,5.51,2740,54.7,20,YouTube-Deep-Dive,Broad-Entertainment,40,19,iOS,Net-30,Sunny,24320.1
86.1,4.68,626,38.3,15,Static-Carousel,High-Intent-Niche,135,16,iOS,Net-30,Rainy,11416.64
181.4,2.61,490,36.1,10,Short-Video-Reel,Lifestyle-Warm,60,2,iOS,Net-30,Sunny,10422.73
278.1,8.04,2412,38.6,15,Short-Video-Reel,Lifestyle-Warm,68,4,Android,Upfront,Sunny,22216.21
332.4,5.63,3424,21.5,25,Short-Video-Reel,High-Intent-Niche,147,2,Android,Upfront,Cloudy,23579.14
76.1,7.44,1977,46.2,15,YouTube-Deep-Dive,Lifestyle-Warm,19,2,iOS,Net-15,Cloudy,17310.6
204.8,2.03,400,23.4,20,Short-Video-Reel,Broad-Entertainment,45,5,Android,Net-30,Rainy,8725.58
226.6,3.82,532,39.5,25,Short-Video-Reel,Lifestyle-Warm,28,3,iOS,Net-30,Rainy,14597.5
361.8,3.34,3514,14,10,Short-Video-Reel,Lifestyle-Warm,25,14,Android,Net-15,Cloudy,17771.53
94,2.81,2467,43.7,15,YouTube-Deep-Dive,Broad-Entertainment,116,10,iOS,Net-30,Rainy,13549.49
382.6,7.99,3918,9.1,5,Short-Video-Reel,Lifestyle-Warm,42,6,iOS,Net-30,Cloudy,23494.58
248.1,5.58,1130,16.9,25,Short-Video-Reel,High-Intent-Niche,64,12,iOS,Net-15,Sunny,17775.34
281,1.72,502,49.4,0,Short-Video-Reel,Lifestyle-Warm,155,2,Android,Net-30,Rainy,10790.7
55.8,3.91,4403,33.2,5,Short-Video-Reel,Broad-Entertainment,95,6,iOS,Net-15,Rainy,13880.43
410.8,8.44,3055,24.2,25,YouTube-Deep-Dive,Broad-Entertainment,63,7,iOS,Net-15,Rainy,27954.86
173.4,8.66,2048,6.1,15,Short-Video-Reel,Lifestyle-Warm,112,17,iOS,Net-15,Sunny,17671.84
203.6,4.99,1103,15.3,25,Short-Video-Reel,Broad-Entertainment,21,22,iOS,Upfront,Rainy,13007.95
428.9,1.64,2827,52.7,20,Short-Video-Reel,High-Intent-Niche,63,20,iOS,Net-15,Cloudy,21012.11
244.5,5.26,2008,48.4,15,Static-Carousel,Lifestyle-Warm,107,2,Android,Net-15,Cloudy,16362.94
191.8,5.54,1826,14.3,20,Short-Video-Reel,Broad-Entertainment,27,6,iOS,Upfront,Sunny,12917.64
29.6,5.79,3403,11.5,0,Short-Video-Reel,High-Intent-Niche,17,12,iOS,Net-30,Cloudy,13728.78
334.3,8.1,192,38.9,20,Static-Carousel,Lifestyle-Warm,97,2,Android,Upfront,Rainy,18495.88
230.4,6.89,248,7,5,Static-Carousel,Broad-Entertainment,119,13,Android,Net-15,Rainy,9257.2
167.1,2.62,870,16.7,10,YouTube-Deep-Dive,Broad-Entertainment,104,24,Android,Upfront,Rainy,9358.4
134.9,2,4327,33,0,Short-Video-Reel,Lifestyle-Warm,75,6,iOS,Net-30,Rainy,15387.14
64.1,6.29,1007,45.9,0,YouTube-Deep-Dive,Lifestyle-Warm,53,18,iOS,Upfront,Rainy,12940.83
62.5,4.74,1957,28.7,10,YouTube-Deep-Dive,Lifestyle-Warm,159,18,Android,Net-15,Cloudy,13749.07
310.6,9.03,3048,6.2,5,Short-Video-Reel,Lifestyle-Warm,101,1,iOS,Upfront,Rainy,21731.63
443.6,8.17,1135,11.7,15,Static-Carousel,High-Intent-Niche,120,12,iOS,Net-15,Rainy,22420.57
76.4,0.88,3750,43.4,20,Short-Video-Reel,Broad-Entertainment,137,21,Android,Net-15,Sunny,12726.13
34.4,2.69,2770,19.4,10,Short-Video-Reel,Lifestyle-Warm,142,7,iOS,Net-15,Sunny,11138.17
32.6,7.97,4402,18.5,5,Short-Video-Reel,Lifestyle-Warm,155,10,Android,Net-30,Sunny,17212.52
193,5.89,1842,50.1,5,Short-Video-Reel,Broad-Entertainment,56,20,Android,Upfront,Cloudy,14526.88
60.9,3.32,3105,49.1,25,YouTube-Deep-Dive,Lifestyle-Warm,33,20,Android,Net-30,Cloudy,17756.52
102,7.26,1899,44.9,0,Static-Carousel,Broad-Entertainment,141,16,iOS,Upfront,Sunny,10774.58
190,6.16,2482,52.8,10,Short-Video-Reel,Lifestyle-Warm,38,2,iOS,Net-30,Sunny,18320.74
210.7,2.99,1780,35.6,10,Static-Carousel,High-Intent-Niche,65,10,iOS,Upfront,Rainy,13312.89
273.1,5.05,3993,29.7,10,Short-Video-Reel,Broad-Entertainment,114,3,Android,Upfront,Cloudy,19536.44
357.6,7.72,3928,29.4,15,Short-Video-Reel,High-Intent-Niche,30,13,iOS,Upfront,Sunny,26904.85
199,2.78,2917,6.3,0,Short-Video-Reel,Lifestyle-Warm,61,23,Android,Net-15,Cloudy,12028.22
380.1,4.42,2189,26.1,0,Static-Carousel,High-Intent-Niche,119,16,Android,Upfront,Sunny,16449.24
161.3,1.64,4346,9.6,20,Short-Video-Reel,Lifestyle-Warm,95,10,Android,Net-30,Cloudy,15972.54
279.3,7.55,1645,7.2,15,Static-Carousel,Broad-Entertainment,157,16,iOS,Net-15,Sunny,14987.4
80,1.6,2737,54.3,5,Short-Video-Reel,Broad-Entertainment,96,18,Android,Net-15,Sunny,10996.97
234.5,8.25,1874,8.9,20,Short-Video-Reel,Broad-Entertainment,101,21,Android,Net-30,Sunny,17014.5
333.1,5.58,3759,22.2,15,Static-Carousel,High-Intent-Niche,113,1,iOS,Upfront,Sunny,21651.49
160.3,6.07,3940,34.8,10,Short-Video-Reel,Lifestyle-Warm,150,12,iOS,Net-15,Rainy,19322.42
145.9,4.67,3703,48.4,25,Static-Carousel,Broad-Entertainment,51,6,Android,Net-30,Cloudy,16196.96
30.1,6.19,4490,18.3,15,YouTube-Deep-Dive,Lifestyle-Warm,154,17,Android,Net-15,Rainy,18730.34
188.9,6.18,3196,41.3,5,YouTube-Deep-Dive,High-Intent-Niche,109,17,Android,Upfront,Cloudy,21533.79
334.9,4.75,2772,33.2,25,YouTube-Deep-Dive,High-Intent-Niche,133,11,iOS,Net-15,Cloudy,24008.16
290.4,7.25,1740,29.8,5,YouTube-Deep-Dive,High-Intent-Niche,42,19,iOS,Net-15,Sunny,22353.96
334.4,0.99,3729,25.5,5,Static-Carousel,Lifestyle-Warm,113,8,Android,Net-15,Sunny,13672.81
247.2,8.17,1376,27,5,Short-Video-Reel,High-Intent-Niche,40,2,iOS,Net-30,Sunny,18558.88
428.7,2.95,3690,33.8,0,YouTube-Deep-Dive,Broad-Entertainment,41,16,iOS,Net-30,Cloudy,18842.68
174.3,3.62,1998,14.9,25,YouTube-Deep-Dive,Broad-Entertainment,103,1,iOS,Net-15,Rainy,14238.33
153.6,1.12,105,38.6,25,Short-Video-Reel,Lifestyle-Warm,30,5,Android,Net-30,Sunny,10442.09
399.6,0.95,874,45.1,20,YouTube-Deep-Dive,High-Intent-Niche,158,1,iOS,Net-15,Sunny,17739.34
87.8,2.52,2169,14,20,Short-Video-Reel,High-Intent-Niche,60,12,Android,Net-15,Cloudy,13224.31
177.9,6.77,860,19.3,25,Static-Carousel,High-Intent-Niche,143,23,iOS,Net-15,Cloudy,14640.86
443.3,6.96,4044,48.8,25,YouTube-Deep-Dive,Lifestyle-Warm,152,7,Android,Upfront,Rainy,31309.34
421.4,2.99,1137,52.6,25,Short-Video-Reel,Lifestyle-Warm,48,22,Android,Upfront,Sunny,17951.82
204.6,7.62,3093,32.3,15,Short-Video-Reel,High-Intent-Niche,17,22,Android,Upfront,Rainy,22138.29
209.4,2.11,847,53,10,Static-Carousel,Lifestyle-Warm,157,9,iOS,Net-15,Sunny,10684.1
376,2.21,2540,18.3,0,Static-Carousel,Lifestyle-Warm,140,2,iOS,Net-15,Rainy,12725.2
183.5,4.6,3257,21,5,Static-Carousel,Lifestyle-Warm,93,21,iOS,Net-30,Rainy,14303.95
24.2,4.97,1402,30.2,20,Short-Video-Reel,Lifestyle-Warm,141,16,Android,Upfront,Cloudy,11927.15
101.8,2.14,3196,16,25,Short-Video-Reel,Broad-Entertainment,55,3,iOS,Net-30,Sunny,12105.82
433,0.97,3294,10.3,20,YouTube-Deep-Dive,Broad-Entertainment,91,19,iOS,Net-15,Cloudy,16170.57
386.8,0.95,2845,45.7,20,Short-Video-Reel,Broad-Entertainment,38,15,iOS,Upfront,Cloudy,15937.94
385.4,7.02,3125,32,0,YouTube-Deep-Dive,Broad-Entertainment,20,19,iOS,Net-30,Cloudy,22740.43
315.3,8.68,650,43.9,25,Static-Carousel,Lifestyle-Warm,56,1,Android,Net-30,Sunny,20183.42
138.4,0.96,4243,37.3,0,YouTube-Deep-Dive,Lifestyle-Warm,95,24,iOS,Net-30,Sunny,15297.51
293.9,3.64,3001,10.8,25,YouTube-Deep-Dive,Broad-Entertainment,108,1,iOS,Net-15,Sunny,18041.49
431.2,3.29,3518,38.3,20,Short-Video-Reel,Lifestyle-Warm,130,8,iOS,Net-30,Cloudy,21934.14
280.8,8.57,2261,34.9,10,YouTube-Deep-Dive,Lifestyle-Warm,119,3,Android,Upfront,Rainy,22267.56
140,8.41,245,7.3,10,Short-Video-Reel,Lifestyle-Warm,150,22,Android,Net-30,Cloudy,12249.83
161.4,1.01,567,30,5,Static-Carousel,Broad-Entertainment,134,24,Android,Upfront,Sunny,4672.38
164.4,8.46,1720,26.8,0,YouTube-Deep-Dive,High-Intent-Niche,15,1,iOS,Net-30,Cloudy,19100.23
411.1,6.18,2538,6.4,25,Static-Carousel,High-Intent-Niche,144,7,Android,Net-30,Rainy,22284.96
15.8,2,3428,21.8,25,Short-Video-Reel,Broad-Entertainment,123,11,iOS,Net-30,Rainy,12022.06
347.2,5.86,2260,34.7,20,Short-Video-Reel,High-Intent-Niche,157,1,Android,Net-15,Cloudy,22492.44
216.5,2.51,4192,47.4,0,Static-Carousel,Lifestyle-Warm,71,4,Android,Net-15,Cloudy,15236.14
146.4,4.98,1397,37.9,10,Short-Video-Reel,Lifestyle-Warm,99,2,iOS,Net-15,Sunny,14225.5
98.7,4.44,2241,8.7,15,YouTube-Deep-Dive,Lifestyle-Warm,44,23,iOS,Net-30,Cloudy,14105.01
421.6,7.98,3983,12.4,0,Static-Carousel,High-Intent-Niche,45,20,Android,Upfront,Rainy,25868.05
194.2,4.57,4354,41.6,0,Short-Video-Reel,High-Intent-Niche,121,2,iOS,Upfront,Cloudy,20446.37
448.3,7.02,1176,52.7,20,Static-Carousel,Broad-Entertainment,78,17,iOS,Upfront,Rainy,20471.61
221,7.24,2683,53.6,10,Short-Video-Reel,Lifestyle-Warm,18,2,iOS,Net-30,Rainy,20635.95
436.7,5.27,3494,52.9,15,Static-Carousel,Broad-Entertainment,57,1,Android,Net-15,Cloudy,21959.51
270.1,6.25,741,23.1,5,Short-Video-Reel,Lifestyle-Warm,105,16,Android,Net-30,Sunny,14361.45
146.2,8.12,3365,32.1,15,Static-Carousel,Broad-Entertainment,16,9,Android,Net-15,Rainy,15787.32
367.2,2.95,1297,11.3,10,YouTube-Deep-Dive,Broad-Entertainment,39,17,iOS,Net-15,Sunny,13610.64
147.6,3.89,2845,20.6,5,Short-Video-Reel,Lifestyle-Warm,78,17,iOS,Net-30,Sunny,12994.91
380.7,5.63,3099,15.9,0,Static-Carousel,Broad-Entertainment,129,8,Android,Net-15,Sunny,15322.49
308.1,1.96,2564,10.2,0,YouTube-Deep-Dive,Lifestyle-Warm,75,24,iOS,Net-15,Rainy,14419.31
164.1,4.26,3368,26.6,15,YouTube-Deep-Dive,Broad-Entertainment,81,19,iOS,Upfront,Sunny,16441.61
258,1.28,1874,45.4,10,Short-Video-Reel,Broad-Entertainment,139,19,iOS,Net-30,Sunny,11821.28
201.6,4.37,2045,39.3,0,Short-Video-Reel,Broad-Entertainment,117,11,Android,Net-15,Cloudy,12814.47
49.9,7.13,345,46,5,Short-Video-Reel,Lifestyle-Warm,12,2,Android,Upfront,Cloudy,10775.21
445.3,4.13,256,42.4,20,Short-Video-Reel,Lifestyle-Warm,140,4,iOS,Upfront,Cloudy,18643.72
62.5,5.81,301,11.8,15,Static-Carousel,Broad-Entertainment,15,19,iOS,Net-30,Rainy,5392.31
232.3,1.24,1206,14.5,0,Static-Carousel,Broad-Entertainment,24,7,iOS,Net-30,Sunny,5751.95
344.1,6.23,4454,30.7,25,Static-Carousel,Lifestyle-Warm,80,6,iOS,Net-15,Rainy,23926.98
348.2,7.2,660,39.6,20,Short-Video-Reel,Lifestyle-Warm,152,13,Android,Upfront,Cloudy,20202.04
155.8,7.58,3381,40.5,15,Short-Video-Reel,Lifestyle-Warm,108,24,iOS,Net-15,Sunny,19882.44
315,5.39,1314,20.1,0,Short-Video-Reel,High-Intent-Niche,141,18,Android,Net-15,Cloudy,16854.87
126.7,2.84,991,18.9,0,Short-Video-Reel,High-Intent-Niche,47,6,Android,Net-30,Sunny,10329.37
236.6,6.53,1210,47.5,25,Short-Video-Reel,Lifestyle-Warm,151,3,Android,Upfront,Cloudy,18447.37
144,3.94,210,35.4,0,YouTube-Deep-Dive,Broad-Entertainment,87,20,Android,Net-15,Cloudy,9436.27
317.5,0.83,424,48.3,25,Static-Carousel,High-Intent-Niche,118,16,iOS,Net-30,Rainy,12114.87
131.1,8.16,914,26.9,15,Short-Video-Reel,Broad-Entertainment,85,4,Android,Net-15,Rainy,12977.19
319.7,9.02,1126,42.9,10,Short-Video-Reel,Broad-Entertainment,137,21,Android,Net-30,Cloudy,19551.58
287.8,2.81,3132,21,25,Short-Video-Reel,High-Intent-Niche,67,20,Android,Net-15,Sunny,19720.69
162.7,0.92,1941,35,25,Short-Video-Reel,Broad-Entertainment,127,9,iOS,Net-30,Rainy,11859.13
123.5,7.33,1736,10,5,Short-Video-Reel,Lifestyle-Warm,25,16,iOS,Net-15,Sunny,13408.06
391.2,8.95,3323,34.7,5,Static-Carousel,Broad-Entertainment,89,1,Android,Net-15,Cloudy,23059.8
374.4,8.74,1213,28.6,25,YouTube-Deep-Dive,Broad-Entertainment,76,2,Android,Net-15,Sunny,22406.07
424.5,5.17,4158,22.3,0,Short-Video-Reel,Broad-Entertainment,119,8,Android,Net-15,Rainy,19904.27
306.5,4.24,1418,22.7,5,YouTube-Deep-Dive,Lifestyle-Warm,41,9,Android,Net-15,Rainy,16885.34
398.3,9.23,3161,19.2,5,Static-Carousel,Broad-Entertainment,109,10,iOS,Net-30,Cloudy,21889.63
64.8,6.74,3911,7.4,25,YouTube-Deep-Dive,Lifestyle-Warm,105,3,Android,Upfront,Rainy,19462.19
156.7,1.59,2363,32.5,25,YouTube-Deep-Dive,Broad-Entertainment,32,13,Android,Net-15,Sunny,13750.82
333.6,5.18,2558,8.2,25,YouTube-Deep-Dive,Broad-Entertainment,17,23,iOS,Net-15,Cloudy,18873.49
69,5.95,3452,24,15,Short-Video-Reel,Broad-Entertainment,21,1,Android,Upfront,Cloudy,14362.66
302,4.04,4078,32.8,15,YouTube-Deep-Dive,Lifestyle-Warm,59,10,Android,Upfront,Rainy,23251.62
111.8,4.28,519,6.2,20,Short-Video-Reel,Broad-Entertainment,138,2,Android,Net-15,Sunny,7976.3
377.3,7.44,2242,18.4,0,Static-Carousel,High-Intent-Niche,74,17,Android,Net-15,Sunny,19430.74
311.7,5.21,3039,25.6,5,YouTube-Deep-Dive,Lifestyle-Warm,13,5,iOS,Upfront,Rainy,20018.96
260.4,3.09,4271,6.1,10,Short-Video-Reel,Lifestyle-Warm,84,10,Android,Upfront,Sunny,16309.94
387.4,2.04,3057,42.8,15,Short-Video-Reel,Broad-Entertainment,22,8,iOS,Net-15,Cloudy,16310.06
113.4,3.3,1380,16,0,YouTube-Deep-Dive,Lifestyle-Warm,49,9,iOS,Net-30,Sunny,10393.69
409.9,4.76,3216,33,10,Short-Video-Reel,Broad-Entertainment,148,23,iOS,Upfront,Sunny,19401.79
203.4,0.92,3446,39.5,0,YouTube-Deep-Dive,Broad-Entertainment,60,16,iOS,Net-30,Cloudy,14306.56
345.2,8.35,2866,10.3,15,Short-Video-Reel,Lifestyle-Warm,72,14,iOS,Upfront,Cloudy,22956.88
71.6,8.51,2161,21.3,15,Short-Video-Reel,High-Intent-Niche,119,11,Android,Upfront,Sunny,16832.09
289,4.31,2177,42.4,15,Short-Video-Reel,Lifestyle-Warm,76,20,iOS,Net-30,Cloudy,17707.74
380.5,3.55,790,7.9,5,Short-Video-Reel,High-Intent-Niche,99,14,Android,Net-15,Cloudy,14796.64
391.8,7.11,1805,13.2,25,Static-Carousel,Lifestyle-Warm,94,13,iOS,Net-30,Sunny,20104.32
160.7,5.78,2693,52.9,25,YouTube-Deep-Dive,Lifestyle-Warm,152,1,iOS,Net-15,Sunny,21811.32
214.5,1.69,2237,28.3,15,Short-Video-Reel,High-Intent-Niche,135,9,iOS,Net-15,Cloudy,15080.63
219.3,1.15,1951,31.7,15,Static-Carousel,Broad-Entertainment,51,24,Android,Net-15,Rainy,8833.58
408.3,7.83,2399,42.2,15,Static-Carousel,High-Intent-Niche,38,22,Android,Net-30,Cloudy,24840.02
228,3.5,2522,43.9,10,Short-Video-Reel,Broad-Entertainment,31,3,Android,Net-30,Sunny,15034.68
218,2.35,114,17.9,10,Short-Video-Reel,Lifestyle-Warm,137,16,iOS,Upfront,Cloudy,9515.63
435.5,6.64,2923,29.1,10,Short-Video-Reel,High-Intent-Niche,78,9,Android,Net-30,Cloudy,25986.28
170.7,7.28,1132,43.9,15,YouTube-Deep-Dive,Lifestyle-Warm,92,22,iOS,Net-15,Cloudy,18477.45
307.7,6.35,4381,52.2,10,Short-Video-Reel,Broad-Entertainment,15,16,Android,Net-15,Sunny,22775.2
402.4,0.87,3628,9.7,15,YouTube-Deep-Dive,Broad-Entertainment,16,15,Android,Upfront,Sunny,15868.29
368.8,6.38,3419,25.2,0,YouTube-Deep-Dive,High-Intent-Niche,125,8,Android,Net-30,Cloudy,24842.99
59.6,3.71,1252,41,0,Short-Video-Reel,Lifestyle-Warm,98,13,Android,Net-15,Cloudy,9312.04
447.9,2.84,3028,40.9,0,YouTube-Deep-Dive,High-Intent-Niche,38,18,iOS,Net-15,Rainy,21967.35
22.3,7.51,1275,16.8,0,YouTube-Deep-Dive,Lifestyle-Warm,152,23,iOS,Net-30,Rainy,10830.21
230.9,1.66,4085,13.8,20,YouTube-Deep-Dive,Broad-Entertainment,59,5,Android,Net-15,Rainy,16475.55
345.9,5.33,1150,7.1,25,Static-Carousel,Broad-Entertainment,151,3,Android,Net-30,Sunny,13721.57
76.3,5.68,3893,46.7,25,YouTube-Deep-Dive,Lifestyle-Warm,136,2,iOS,Net-30,Rainy,19984.66
123.8,5.4,2129,11.1,0,Static-Carousel,High-Intent-Niche,69,10,Android,Upfront,Cloudy,12502.64
431.7,1.33,1037,33.5,20,Short-Video-Reel,Broad-Entertainment,48,12,iOS,Net-15,Sunny,12748.5
207.4,8.5,2428,25.8,0,Short-Video-Reel,Lifestyle-Warm,104,18,iOS,Upfront,Sunny,17606.61
301.1,5.06,831,11.6,20,Short-Video-Reel,Broad-Entertainment,93,20,iOS,Net-30,Cloudy,12826.82
338.4,1.18,480,7.4,10,Short-Video-Reel,Lifestyle-Warm,29,24,Android,Net-30,Sunny,8979.48
217.3,6.25,3185,37.2,25,Static-Carousel,Broad-Entertainment,92,24,iOS,Net-30,Rainy,17691.56
440.9,6.2,2080,31.8,25,Static-Carousel,Lifestyle-Warm,36,1,iOS,Net-30,Rainy,21549.02
340.6,5.99,3686,12.1,15,Static-Carousel,Broad-Entertainment,144,5,Android,Upfront,Rainy,17714.33
352,1.01,4435,32.3,15,YouTube-Deep-Dive,Broad-Entertainment,150,14,Android,Upfront,Cloudy,18361.39
245,5.87,4126,21.5,25,Short-Video-Reel,High-Intent-Niche,32,3,Android,Net-30,Rainy,23994.88
78.7,5.93,2208,9.3,25,Short-Video-Reel,Broad-Entertainment,47,6,iOS,Net-15,Rainy,13007.9
339.7,4.97,1287,10.8,20,Static-Carousel,Broad-Entertainment,126,1,iOS,Net-30,Sunny,13842.65
80.8,8.75,2449,22.7,20,Short-Video-Reel,Broad-Entertainment,107,21,iOS,Upfront,Sunny,14439.09
376.3,1.7,666,51,5,YouTube-Deep-Dive,High-Intent-Niche,148,14,iOS,Upfront,Rainy,16181.88
372.1,7.5,3627,27.2,5,Short-Video-Reel,Broad-Entertainment,58,4,Android,Net-30,Rainy,22234.16
57.1,6.97,504,31.1,10,YouTube-Deep-Dive,High-Intent-Niche,138,4,iOS,Net-15,Cloudy,14564.65
167.6,8.56,168,49.4,25,Short-Video-Reel,Broad-Entertainment,130,18,iOS,Net-30,Cloudy,14741.23
160.6,0.99,3066,31.4,10,Short-Video-Reel,Lifestyle-Warm,51,20,iOS,Upfront,Sunny,13495.34
155.1,2.72,1495,21.1,20,YouTube-Deep-Dive,Lifestyle-Warm,73,2,Android,Upfront,Cloudy,12834.26
276.8,3.73,1706,24,10,Static-Carousel,Broad-Entertainment,98,7,iOS,Upfront,Cloudy,10585.12
441.1,7.41,2384,21.3,15,Short-Video-Reel,Broad-Entertainment,100,12,Android,Net-30,Rainy,22471.26
64.4,2.19,3802,24.3,20,Static-Carousel,Broad-Entertainment,103,11,Android,Net-30,Rainy,11881.57
384.8,6.52,1576,17.9,15,YouTube-Deep-Dive,High-Intent-Niche,25,18,iOS,Net-15,Rainy,23077.11
31,7.26,802,6.3,25,Short-Video-Reel,Lifestyle-Warm,108,15,Android,Net-30,Cloudy,10579.47
439.7,7.44,3967,51.3,15,Short-Video-Reel,Lifestyle-Warm,157,15,Android,Net-30,Cloudy,29074.1
272,1.47,4405,31.3,0,YouTube-Deep-Dive,Lifestyle-Warm,78,15,iOS,Net-15,Rainy,18085.6
212.3,9.48,532,24.2,5,Short-Video-Reel,High-Intent-Niche,100,18,Android,Net-15,Cloudy,17536.87
122.7,4.81,3419,24.5,25,YouTube-Deep-Dive,Broad-Entertainment,72,22,Android,Upfront,Sunny,17112.28
141.4,6.24,2041,38.3,10,Static-Carousel,Lifestyle-Warm,147,22,iOS,Upfront,Rainy,13621.38
430.5,9.06,2366,33.3,5,Static-Carousel,Lifestyle-Warm,61,20,Android,Net-30,Rainy,24142.02
152.2,3.08,4301,7.5,5,Static-Carousel,Broad-Entertainment,130,4,Android,Upfront,Rainy,10895.73
44.2,3.91,1905,52.2,10,Static-Carousel,Broad-Entertainment,61,18,Android,Upfront,Sunny,8601.58
129.5,4.03,609,46.9,10,Short-Video-Reel,High-Intent-Niche,30,4,Android,Net-30,Cloudy,13567.57
422.9,8.5,3837,46.1,20,Short-Video-Reel,Broad-Entertainment,87,10,iOS,Net-15,Sunny,27918.95
294.9,2.55,3447,49.4,10,YouTube-Deep-Dive,High-Intent-Niche,95,13,Android,Upfront,Rainy,21823.23
69.2,1.96,421,39.5,25,Short-Video-Reel,Lifestyle-Warm,26,1,Android,Net-15,Rainy,9906.46
212.6,7.66,2697,38.4,10,Short-Video-Reel,Lifestyle-Warm,133,24,iOS,Net-15,Cloudy,20003.94
421.2,8.72,910,34.2,10,Static-Carousel,Lifestyle-Warm,78,17,iOS,Net-15,Sunny,21315.03
173.8,4.39,3356,6.8,10,Short-Video-Reel,High-Intent-Niche,56,3,iOS,Net-15,Sunny,16870.54
295.1,3.22,434,50.9,25,Short-Video-Reel,Lifestyle-Warm,143,11,iOS,Net-30,Rainy,15717.02
265.5,8.83,2000,46.5,0,Static-Carousel,Broad-Entertainment,59,10,iOS,Upfront,Sunny,16703.34
50.6,7.6,4118,12,0,Short-Video-Reel,High-Intent-Niche,50,2,Android,Net-15,Sunny,17021.37
276,2.94,4076,45.3,0,Static-Carousel,High-Intent-Niche,89,17,Android,Net-15,Sunny,18263.74
215.1,1.55,4400,42.6,15,YouTube-Deep-Dive,High-Intent-Niche,127,23,iOS,Upfront,Rainy,21284.35
400.6,1,3682,22.6,20,YouTube-Deep-Dive,Lifestyle-Warm,145,23,iOS,Upfront,Cloudy,19216.1
158.7,9.3,2987,44.9,25,Short-Video-Reel,Broad-Entertainment,88,14,iOS,Net-15,Cloudy,21097.47
318.8,2.45,2801,33.7,20,Static-Carousel,Lifestyle-Warm,113,12,iOS,Upfront,Rainy,15924.87
225.8,9.13,228,30.2,25,YouTube-Deep-Dive,Broad-Entertainment,76,23,Android,Net-30,Rainy,17828.47
119.3,9.19,309,40.8,15,Short-Video-Reel,High-Intent-Niche,21,19,Android,Net-30,Cloudy,15758.26
180.9,3.89,1686,49.3,10,Static-Carousel,Broad-Entertainment,27,21,Android,Net-15,Sunny,11334.89
270.6,4.46,3447,24.3,15,YouTube-Deep-Dive,Broad-Entertainment,32,2,Android,Net-15,Sunny,18278.99
369,6.47,2773,54.1,10,Short-Video-Reel,Broad-Entertainment,119,11,iOS,Net-30,Rainy,21376.06
419.2,6,113,47,15,Static-Carousel,Broad-Entertainment,59,7,iOS,Net-30,Sunny,16598.37
191.6,7.82,3592,20,15,Static-Carousel,High-Intent-Niche,105,11,Android,Upfront,Rainy,20273.15
28.4,3.96,629,35.3,10,Short-Video-Reel,Broad-Entertainment,151,15,Android,Net-30,Rainy,7879.27
236.8,8.24,584,10.8,20,YouTube-Deep-Dive,Lifestyle-Warm,95,23,Android,Net-15,Cloudy,18466.79
214.6,4.39,1905,13.8,0,YouTube-Deep-Dive,Broad-Entertainment,157,21,Android,Upfront,Sunny,12644.31
343.4,3.92,1586,54.7,5,Static-Carousel,Lifestyle-Warm,60,7,Android,Net-15,Cloudy,15585.52
120.7,2.22,3113,23.1,5,Short-Video-Reel,Lifestyle-Warm,40,19,iOS,Upfront,Cloudy,11446.96
279.6,6.71,3265,24.9,25,Short-Video-Reel,Lifestyle-Warm,154,10,Android,Upfront,Rainy,22472.69
443.7,1.73,4121,9.8,10,Short-Video-Reel,Lifestyle-Warm,108,6,Android,Upfront,Sunny,18066.28
194.7,5.72,1197,30.4,0,Static-Carousel,Lifestyle-Warm,127,18,iOS,Upfront,Cloudy,11089.73
400.8,3.63,1837,8.9,20,Static-Carousel,Lifestyle-Warm,36,24,Android,Upfront,Cloudy,14416.86
208.9,0.92,2558,39,5,YouTube-Deep-Dive,Lifestyle-Warm,54,6,iOS,Net-30,Rainy,14057.4
95.5,4.52,2794,25,0,Static-Carousel,High-Intent-Niche,32,22,iOS,Upfront,Sunny,12151.44
16.9,7.91,4455,9.5,5,Static-Carousel,Lifestyle-Warm,147,15,iOS,Upfront,Rainy,13675.95
100.3,7.69,4232,30.4,10,Short-Video-Reel,Lifestyle-Warm,15,9,iOS,Net-30,Sunny,19046.85
89.9,3.22,3652,37.8,15,YouTube-Deep-Dive,Broad-Entertainment,82,6,Android,Net-30,Rainy,16679.52
17.4,1.02,3509,35.7,25,Short-Video-Reel,Lifestyle-Warm,105,24,iOS,Net-15,Rainy,14497.56
108.2,8.85,641,13.1,15,YouTube-Deep-Dive,Lifestyle-Warm,57,10,iOS,Upfront,Cloudy,14356.66
190,7.69,3734,41.5,10,Static-Carousel,High-Intent-Niche,95,15,Android,Net-30,Sunny,21525.58
295.4,6.85,1117,45.4,15,Static-Carousel,Lifestyle-Warm,97,19,iOS,Upfront,Cloudy,16690.59
352.3,4.35,1022,38.7,15,Short-Video-Reel,Broad-Entertainment,127,11,iOS,Net-15,Rainy,15163
255.4,4.98,4474,42,0,YouTube-Deep-Dive,High-Intent-Niche,50,17,Android,Upfront,Sunny,23751.99
240,4.83,4354,33.3,10,Short-Video-Reel,High-Intent-Niche,117,11,Android,Net-30,Rainy,22677.27
110.1,2.57,299,13.8,5,Static-Carousel,Lifestyle-Warm,51,3,iOS,Net-15,Rainy,5330.38
114.7,2.85,2400,45.3,20,YouTube-Deep-Dive,Lifestyle-Warm,74,4,Android,Upfront,Cloudy,15840.96
142.6,2.34,323,20.5,0,Short-Video-Reel,Broad-Entertainment,21,3,Android,Upfront,Sunny,5152.04
274.1,3.81,855,26.7,5,Short-Video-Reel,High-Intent-Niche,75,12,Android,Net-30,Sunny,14381.32
300.5,4.86,2695,18.6,15,Short-Video-Reel,Lifestyle-Warm,82,6,Android,Upfront,Rainy,17163.8
120.5,4.94,2899,18,25,Short-Video-Reel,Lifestyle-Warm,20,18,iOS,Upfront,Rainy,16369.28
81.7,1.82,1537,43.8,20,YouTube-Deep-Dive,Lifestyle-Warm,100,10,iOS,Upfront,Sunny,13846.18
34.5,4.43,405,52.4,0,Static-Carousel,High-Intent-Niche,48,7,Android,Net-15,Sunny,9363.67
424.1,1.7,293,51,10,Short-Video-Reel,Lifestyle-Warm,23,16,Android,Net-30,Sunny,13526.47
144.8,1.23,2221,26.4,15,Short-Video-Reel,Lifestyle-Warm,70,5,Android,Upfront,Rainy,11988.28
345.8,2.11,3004,37.4,0,YouTube-Deep-Dive,Broad-Entertainment,17,7,Android,Net-30,Rainy,16059.03
258.8,7.41,767,12.1,5,Static-Carousel,Lifestyle-Warm,40,19,iOS,Net-15,Sunny,12875.38
125.3,2.35,2769,26.2,10,YouTube-Deep-Dive,Broad-Entertainment,46,13,iOS,Net-30,Sunny,13515.77
377.5,2.66,172,41.7,15,Short-Video-Reel,Broad-Entertainment,46,16,Android,Upfront,Cloudy,12629.24
103.8,6.77,3759,51.9,15,YouTube-Deep-Dive,Lifestyle-Warm,63,24,Android,Upfront,Rainy,21312.81
52.8,3.36,1921,34.9,15,Short-Video-Reel,Lifestyle-Warm,105,4,iOS,Net-15,Rainy,11719.57
235.8,1.04,3319,12.5,15,Static-Carousel,Lifestyle-Warm,77,16,iOS,Net-15,Rainy,12300.07
350.7,5.19,199,43.9,0,Static-Carousel,Broad-Entertainment,50,22,iOS,Net-30,Sunny,11755.9
55.1,3.71,3392,35.9,0,YouTube-Deep-Dive,Lifestyle-Warm,73,14,iOS,Net-15,Rainy,14924.27
246.9,6.26,1208,50.4,15,Short-Video-Reel,Lifestyle-Warm,35,5,Android,Net-15,Sunny,17763.96
136.2,6.92,2993,34.5,0,Short-Video-Reel,High-Intent-Niche,103,8,iOS,Net-30,Cloudy,18007.94
390,3,1902,17.4,0,YouTube-Deep-Dive,Lifestyle-Warm,141,2,iOS,Upfront,Sunny,16367
33.7,8.33,3436,36.2,5,YouTube-Deep-Dive,High-Intent-Niche,142,11,iOS,Net-30,Rainy,18837.25
90.3,3.21,3341,8.6,5,Short-Video-Reel,High-Intent-Niche,110,24,Android,Upfront,Sunny,14624.3
152.7,1.28,525,9.6,25,Short-Video-Reel,Broad-Entertainment,44,15,Android,Net-15,Cloudy,8055.44
240.1,7.06,2958,13.7,25,YouTube-Deep-Dive,High-Intent-Niche,147,19,iOS,Net-15,Rainy,23507.84
264.2,8.33,1565,12,0,Short-Video-Reel,Lifestyle-Warm,101,21,iOS,Net-30,Rainy,16406.23
309.1,7.75,3654,27.5,25,Static-Carousel,Lifestyle-Warm,158,20,iOS,Net-30,Rainy,23229.3
34.8,1.67,248,40.3,5,Static-Carousel,Lifestyle-Warm,152,8,Android,Net-30,Sunny,5717.72
203.4,8.27,3719,6.9,15,YouTube-Deep-Dive,Lifestyle-Warm,115,8,iOS,Upfront,Sunny,22927.47
418.3,4.31,3612,9.6,25,Short-Video-Reel,Lifestyle-Warm,58,5,Android,Net-30,Sunny,22160.34
222,0.93,467,47.1,15,Short-Video-Reel,High-Intent-Niche,94,23,Android,Net-15,Sunny,12386.51
59.9,2.14,1952,45.2,10,Static-Carousel,Lifestyle-Warm,71,7,Android,Net-15,Rainy,10492.4
306.3,2.14,209,32.6,10,YouTube-Deep-Dive,Lifestyle-Warm,146,4,iOS,Net-15,Cloudy,13104.34
204.8,3.28,2771,28.5,20,Static-Carousel,Broad-Entertainment,138,18,Android,Net-15,Cloudy,12844.3
365.1,6.73,4279,23.4,15,YouTube-Deep-Dive,Broad-Entertainment,103,18,Android,Net-15,Rainy,25274.53
71.4,8.97,3962,25.8,20,Static-Carousel,Lifestyle-Warm,38,10,iOS,Net-15,Cloudy,17466.56
425.6,3.09,738,39.4,25,Short-Video-Reel,High-Intent-Niche,57,20,iOS,Upfront,Cloudy,18549.16
270.2,4.62,448,50.8,5,YouTube-Deep-Dive,High-Intent-Niche,104,24,iOS,Net-15,Sunny,18095.54
408.9,4.37,2394,36.7,25,YouTube-Deep-Dive,High-Intent-Niche,31,7,iOS,Net-30,Cloudy,24905.53
151.9,1.01,3590,28.8,15,Static-Carousel,High-Intent-Niche,121,9,iOS,Net-15,Sunny,13709.08
181.3,3.48,1766,33.8,10,Short-Video-Reel,High-Intent-Niche,118,24,iOS,Upfront,Cloudy,14671.88
259.7,3.61,3567,47.2,15,Static-Carousel,Lifestyle-Warm,49,9,Android,Net-15,Rainy,17525.07
242.6,5.56,4206,27.4,5,YouTube-Deep-Dive,Lifestyle-Warm,20,1,Android,Net-15,Cloudy,21339.99
265.5,7.83,203,11.2,20,Static-Carousel,High-Intent-Niche,110,3,Android,Net-30,Rainy,15875.82
109.7,7.09,1811,30.9,25,YouTube-Deep-Dive,High-Intent-Niche,54,11,iOS,Net-30,Sunny,19422.06
366,8.02,1654,24.5,5,Short-Video-Reel,Lifestyle-Warm,12,19,iOS,Upfront,Sunny,20746.63
80.1,0.86,2050,51.3,15,Short-Video-Reel,Broad-Entertainment,16,4,iOS,Upfront,Rainy,10122.88
399.2,6.53,2840,42.3,20,Static-Carousel,Lifestyle-Warm,94,15,Android,Net-30,Cloudy,23462.66
193.9,8.81,3656,54.4,15,Short-Video-Reel,Broad-Entertainment,151,10,Android,Net-30,Sunny,22234.73
405.7,3.53,1391,29.7,5,Short-Video-Reel,High-Intent-Niche,149,1,Android,Net-30,Sunny,16500.68
304.4,5.32,3574,44,20,Static-Carousel,Broad-Entertainment,30,1,iOS,Upfront,Cloudy,18054.62
393.1,1.29,3190,51.6,10,Short-Video-Reel,Lifestyle-Warm,76,5,Android,Upfront,Sunny,18214.31
219.1,7.82,1156,36.4,10,Short-Video-Reel,Broad-Entertainment,129,4,iOS,Net-30,Sunny,16352.2
343.4,5.15,1348,23,20,Short-Video-Reel,Lifestyle-Warm,154,19,iOS,Net-30,Cloudy,17503.17
152.4,3.24,196,35.6,10,YouTube-Deep-Dive,Broad-Entertainment,142,15,iOS,Net-30,Cloudy,10179.68
102,8.06,2948,10.9,20,Short-Video-Reel,Lifestyle-Warm,22,10,iOS,Net-30,Sunny,17034.23
425,6.88,635,21.5,5,Short-Video-Reel,Lifestyle-Warm,70,8,Android,Upfront,Cloudy,19097.38
68,7.11,3876,9.3,0,Short-Video-Reel,Lifestyle-Warm,145,24,iOS,Net-15,Sunny,14428.56
158.9,5.28,2819,7.6,10,YouTube-Deep-Dive,Lifestyle-Warm,159,2,iOS,Net-30,Sunny,16463.15
365.8,7.65,3165,39.4,20,Static-Carousel,Lifestyle-Warm,149,20,Android,Net-30,Cloudy,24032.73
292.7,8.24,2914,35.6,0,YouTube-Deep-Dive,Broad-Entertainment,20,23,iOS,Net-30,Rainy,20680.17
141.2,3.32,4168,6.4,20,Short-Video-Reel,Lifestyle-Warm,70,5,iOS,Upfront,Rainy,16762.37
415.7,7,730,46.2,5,Short-Video-Reel,Broad-Entertainment,18,12,Android,Net-30,Cloudy,18577.25
312.2,1.13,1355,34.3,10,YouTube-Deep-Dive,Broad-Entertainment,130,13,iOS,Upfront,Cloudy,11397.89
419.6,8.05,2333,9,15,Short-Video-Reel,Broad-Entertainment,57,24,Android,Net-30,Rainy,22096.91
426.5,8.25,4043,13.6,15,YouTube-Deep-Dive,Lifestyle-Warm,81,4,iOS,Net-30,Cloudy,29241.8
182.9,3,3532,39.4,0,Short-Video-Reel,High-Intent-Niche,77,22,Android,Upfront,Cloudy,17029.49
422.5,7.65,3916,17.5,20,Static-Carousel,Lifestyle-Warm,76,15,Android,Net-30,Rainy,24239.62
349.6,3.73,4077,12.8,10,Short-Video-Reel,Broad-Entertainment,95,15,iOS,Net-15,Sunny,17415.63
142.6,8.62,4239,27.2,20,YouTube-Deep-Dive,High-Intent-Niche,29,9,iOS,Upfront,Rainy,24503.02
276.8,5.38,3439,18.7,5,Short-Video-Reel,High-Intent-Niche,14,5,iOS,Net-15,Rainy,20087.64
300.9,5.93,3507,32.9,0,Short-Video-Reel,Lifestyle-Warm,39,17,Android,Net-30,Rainy,19780.37
411.2,5.71,1541,10.1,5,YouTube-Deep-Dive,High-Intent-Niche,108,15,iOS,Upfront,Sunny,22552.95
307.2,1.16,610,14.5,15,YouTube-Deep-Dive,Lifestyle-Warm,158,14,Android,Net-30,Cloudy,10966.04
195.3,0.97,496,25.5,10,Static-Carousel,Broad-Entertainment,37,10,Android,Net-30,Cloudy,5413.83
359.7,6.12,1697,47.9,5,Static-Carousel,Lifestyle-Warm,71,20,iOS,Net-30,Rainy,17941.6
215.4,6.12,2532,39.1,0,Static-Carousel,Broad-Entertainment,56,22,Android,Upfront,Cloudy,13218.6
325.5,1.02,3588,20.8,15,Short-Video-Reel,Lifestyle-Warm,95,11,Android,Net-15,Sunny,15572.32
78.5,1.54,4488,45.8,15,Static-Carousel,High-Intent-Niche,113,17,Android,Net-30,Sunny,16783.17
141.1,2.13,4041,7.3,10,Short-Video-Reel,Lifestyle-Warm,149,1,Android,Upfront,Cloudy,14138.04
108.9,1.87,1354,38,10,Short-Video-Reel,Broad-Entertainment,103,4,Android,Net-30,Sunny,8606.5
369.3,4.82,1031,47.3,5,Short-Video-Reel,High-Intent-Niche,125,4,iOS,Net-15,Rainy,17721.94
409.8,5.95,2185,24,5,YouTube-Deep-Dive,Broad-Entertainment,84,15,iOS,Upfront,Sunny,19294.22
49.9,2.13,659,6.6,5,YouTube-Deep-Dive,High-Intent-Niche,79,6,Android,Upfront,Sunny,9447.44
169.3,7.98,2456,45.9,0,Static-Carousel,High-Intent-Niche,154,12,Android,Upfront,Sunny,17417.3
380.9,6.28,765,14.4,25,YouTube-Deep-Dive,Broad-Entertainment,98,15,Android,Net-30,Sunny,18810.26
360.7,0.84,2412,42.3,5,Short-Video-Reel,Broad-Entertainment,88,15,iOS,Net-30,Sunny,13009.05
127.8,8.09,3569,25.2,0,Static-Carousel,Lifestyle-Warm,58,24,Android,Upfront,Sunny,16016.4
307.9,8.81,1336,47.4,0,YouTube-Deep-Dive,Broad-Entertainment,81,7,Android,Upfront,Cloudy,20154.72
247.2,5.35,1085,11.3,5,YouTube-Deep-Dive,Lifestyle-Warm,112,18,iOS,Net-30,Sunny,14902.6
402.4,1.64,3330,32.9,20,Short-Video-Reel,Lifestyle-Warm,96,19,iOS,Net-15,Cloudy,18115.78
400.6,6.07,1038,17.8,0,Short-Video-Reel,Lifestyle-Warm,102,3,iOS,Upfront,Cloudy,16416.38
95.8,1.68,3698,50.3,5,Short-Video-Reel,High-Intent-Niche,17,9,iOS,Upfront,Sunny,16026.3
368.1,6.45,1405,37.8,10,Short-Video-Reel,Lifestyle-Warm,158,16,iOS,Net-30,Rainy,19754.03
160.3,6.19,3480,16.8,10,Short-Video-Reel,High-Intent-Niche,12,14,iOS,Upfront,Rainy,18798.94
58.7,5.28,4220,26.6,5,Static-Carousel,High-Intent-Niche,100,11,iOS,Net-30,Cloudy,16225.59
339.8,3.54,2994,42.7,15,Short-Video-Reel,High-Intent-Niche,114,6,Android,Upfront,Rainy,20833.98
79.8,7.69,611,51.6,0,Short-Video-Reel,High-Intent-Niche,127,17,Android,Net-15,Cloudy,13855.28
122.3,6.43,3528,45.6,15,Static-Carousel,High-Intent-Niche,98,10,iOS,Net-15,Cloudy,18354.43
144,7.22,2990,35.9,25,Short-Video-Reel,Lifestyle-Warm,148,18,Android,Net-30,Rainy,19855.33
445.8,2.91,153,53.4,10,Short-Video-Reel,Lifestyle-Warm,54,8,iOS,Net-15,Cloudy,15748.2
440.7,6.05,3171,15.2,0,Static-Carousel,Broad-Entertainment,77,6,Android,Net-30,Cloudy,18777.77
423.6,2.97,2963,26.8,25,Short-Video-Reel,Lifestyle-Warm,78,13,iOS,Net-30,Cloudy,19590.22
67.9,1.96,3179,47.6,0,Static-Carousel,High-Intent-Niche,104,23,Android,Net-30,Rainy,12873.2
375.8,1.89,2237,18.1,25,Short-Video-Reel,Broad-Entertainment,98,23,Android,Net-30,Sunny,14121.3
343.8,4.19,3540,26.2,25,Short-Video-Reel,High-Intent-Niche,34,24,iOS,Upfront,Sunny,23243.22
189.2,9.07,1046,23.2,25,Static-Carousel,Broad-Entertainment,107,8,Android,Upfront,Rainy,13967.97
86.9,1.81,1600,15.7,5,YouTube-Deep-Dive,High-Intent-Niche,125,6,iOS,Upfront,Cloudy,12018.27
252.4,2.41,2367,40.2,5,Static-Carousel,Broad-Entertainment,14,6,iOS,Upfront,Sunny,11054.16
52.6,2.04,2383,14.5,10,Short-Video-Reel,Broad-Entertainment,52,9,iOS,Upfront,Sunny,8464.86
220.9,5.93,3843,29.8,0,YouTube-Deep-Dive,High-Intent-Niche,81,2,iOS,Net-15,Cloudy,21622.21
408.7,3.49,1249,40.7,15,Short-Video-Reel,Broad-Entertainment,102,13,Android,Net-15,Cloudy,15271.66
437.4,3.6,3049,12.7,15,YouTube-Deep-Dive,Lifestyle-Warm,152,7,iOS,Net-30,Sunny,21755.97
194.6,8.12,424,33.6,5,YouTube-Deep-Dive,High-Intent-Niche,52,22,iOS,Net-15,Rainy,18066.07
240.2,2.69,3061,10.1,15,Short-Video-Reel,High-Intent-Niche,21,24,iOS,Upfront,Rainy,16674.76
348.1,2.49,145,47.4,10,Short-Video-Reel,Lifestyle-Warm,122,23,iOS,Net-15,Cloudy,12644.02
38.5,1.74,2705,18.8,10,Static-Carousel,Lifestyle-Warm,132,1,Android,Net-30,Cloudy,9584.47
156.3,1.64,1881,11.5,15,YouTube-Deep-Dive,Lifestyle-Warm,121,7,iOS,Net-15,Cloudy,11705.26
200.4,5.83,3308,17.6,0,Short-Video-Reel,Lifestyle-Warm,50,2,iOS,Net-15,Cloudy,16668.13
366.2,7.85,3325,15.3,5,Short-Video-Reel,Lifestyle-Warm,34,4,Android,Net-30,Cloudy,22329.1
279,7.34,2131,17.8,10,Short-Video-Reel,High-Intent-Niche,103,13,Android,Net-15,Rainy,20413.36
340.1,8.24,1583,52.4,15,Short-Video-Reel,High-Intent-Niche,34,1,Android,Upfront,Rainy,25031.79
137,4.67,4286,32.4,5,Short-Video-Reel,Broad-Entertainment,73,12,iOS,Net-15,Rainy,15084.11
440.6,5.76,563,51,0,Short-Video-Reel,Lifestyle-Warm,26,16,iOS,Net-15,Cloudy,18344.4
362.7,2.15,1536,50.4,0,Static-Carousel,Broad-Entertainment,37,22,Android,Net-30,Cloudy,10955.6
287.5,7.62,1137,40.4,25,YouTube-Deep-Dive,High-Intent-Niche,155,24,Android,Net-30,Cloudy,23433.74
373.5,1.09,2157,48,15,YouTube-Deep-Dive,High-Intent-Niche,34,24,iOS,Net-15,Sunny,18593.66
91.1,3.96,3483,13.8,0,Short-Video-Reel,Lifestyle-Warm,153,9,iOS,Net-15,Cloudy,12514.85
381,3.04,532,32.9,5,YouTube-Deep-Dive,High-Intent-Niche,69,24,iOS,Net-30,Sunny,17406.88
134.2,7.91,386,33.5,25,YouTube-Deep-Dive,Lifestyle-Warm,74,19,iOS,Net-30,Cloudy,16816.69
304.1,1.62,3580,26.6,5,Short-Video-Reel,High-Intent-Niche,108,8,Android,Net-30,Rainy,17323.06
434.6,5.71,4118,9.1,15,Short-Video-Reel,Lifestyle-Warm,98,13,iOS,Net-15,Rainy,23890.95
290.9,9.02,381,30.3,5,Short-Video-Reel,Broad-Entertainment,117,14,iOS,Upfront,Sunny,16244.45
78.8,8.8,4187,11.6,10,Short-Video-Reel,Broad-Entertainment,69,12,Android,Net-30,Cloudy,16507.05
359.3,9.24,3914,22.1,0,Short-Video-Reel,Lifestyle-Warm,129,2,iOS,Net-15,Rainy,25119.69
255,7.44,3348,41.6,5,YouTube-Deep-Dive,Lifestyle-Warm,58,10,Android,Net-15,Cloudy,22848.71
208.4,4.68,3902,22.1,25,Short-Video-Reel,Broad-Entertainment,99,14,Android,Net-30,Sunny,18001.64
129.9,7.95,3569,40.6,15,Short-Video-Reel,Broad-Entertainment,148,8,Android,Net-30,Rainy,18279.21
296.9,3.91,1416,7.6,5,Static-Carousel,High-Intent-Niche,115,10,iOS,Upfront,Cloudy,12759.96
392.3,7.22,2526,46.6,15,Short-Video-Reel,Broad-Entertainment,139,21,Android,Net-30,Cloudy,22788.05
95.7,7.1,3866,19.6,5,YouTube-Deep-Dive,Lifestyle-Warm,20,19,iOS,Upfront,Rainy,18638.31
221.8,4.97,2916,36.3,25,Short-Video-Reel,Lifestyle-Warm,129,6,Android,Net-30,Rainy,19040.88
437.8,3.23,1413,40.1,0,YouTube-Deep-Dive,Broad-Entertainment,40,22,Android,Net-30,Sunny,15489.2
182.5,9.48,3766,18.2,20,Short-Video-Reel,Broad-Entertainment,117,3,iOS,Net-30,Sunny,20819
298.7,3,1653,6.5,20,Short-Video-Reel,Broad-Entertainment,42,2,Android,Net-30,Cloudy,12138.15
423.2,4,4033,27.8,20,Short-Video-Reel,Broad-Entertainment,28,19,iOS,Upfront,Sunny,20881.81
440.7,2.08,1166,35.6,25,Short-Video-Reel,Broad-Entertainment,138,8,Android,Upfront,Sunny,14860.64
374.2,9.44,4475,45.4,10,Short-Video-Reel,Broad-Entertainment,123,3,iOS,Upfront,Rainy,27493.99
185.8,1.68,530,49.2,5,Static-Carousel,Lifestyle-Warm,83,2,Android,Net-15,Sunny,8818.29
321.9,8.68,3973,22.4,5,Short-Video-Reel,Broad-Entertainment,40,14,iOS,Net-15,Cloudy,21963.74
369.6,6.4,734,43.6,0,Short-Video-Reel,Lifestyle-Warm,76,20,Android,Net-15,Cloudy,17856.85
431.4,3.05,271,34.2,15,Short-Video-Reel,Lifestyle-Warm,158,21,iOS,Net-15,Rainy,15235.44
21.6,6.84,3720,52.1,20,YouTube-Deep-Dive,Lifestyle-Warm,45,20,iOS,Upfront,Rainy,20047.18
174.5,7.6,3615,22.8,20,Short-Video-Reel,Broad-Entertainment,53,16,iOS,Net-15,Sunny,18571.02
281.1,7.14,652,53.6,25,Short-Video-Reel,Lifestyle-Warm,136,22,Android,Upfront,Rainy,18900.12
422.2,1.85,4086,32.3,15,Short-Video-Reel,Broad-Entertainment,54,8,Android,Net-30,Cloudy,18592.42
415.3,0.95,4274,50.2,5,YouTube-Deep-Dive,Lifestyle-Warm,135,14,Android,Net-15,Sunny,20575.14
444.8,8.97,1709,19.6,5,Static-Carousel,Lifestyle-Warm,52,11,Android,Net-15,Rainy,22131.62
24.4,3.68,3654,16.6,15,YouTube-Deep-Dive,Broad-Entertainment,159,1,iOS,Net-30,Cloudy,13541.85
121.7,8.62,3700,52.8,5,YouTube-Deep-Dive,Lifestyle-Warm,55,3,iOS,Net-15,Rainy,21904.18
380.4,3.19,582,23.9,0,Short-Video-Reel,Broad-Entertainment,135,13,Android,Net-30,Rainy,11477.68
232.9,6.15,965,15.1,15,YouTube-Deep-Dive,High-Intent-Niche,70,21,iOS,Net-30,Cloudy,18569.31
50.3,2.78,1828,32.6,5,Short-Video-Reel,Lifestyle-Warm,46,4,iOS,Net-30,Rainy,11157.7
162.8,7.1,2514,16.1,0,Static-Carousel,Broad-Entertainment,23,3,Android,Net-30,Sunny,12380.89
27.7,3.41,2620,8.8,10,Short-Video-Reel,Broad-Entertainment,46,13,iOS,Upfront,Cloudy,9588.77
70.1,9.19,2247,23.3,20,YouTube-Deep-Dive,Broad-Entertainment,149,14,iOS,Net-15,Rainy,16998.78
294.7,3.67,214,26.5,10,Static-Carousel,High-Intent-Niche,36,8,iOS,Net-30,Rainy,12009.56
402.4,8.38,3797,22.6,10,Short-Video-Reel,Broad-Entertainment,155,16,iOS,Net-30,Rainy,24985.76
158.1,4.36,1372,14.6,10,YouTube-Deep-Dive,Broad-Entertainment,159,15,Android,Upfront,Rainy,12021.78
154.1,6.89,3658,33.1,20,Static-Carousel,Lifestyle-Warm,159,6,iOS,Upfront,Rainy,18813.85
335.9,1.58,1115,8.4,15,Short-Video-Reel,Broad-Entertainment,63,6,iOS,Net-30,Rainy,11020.39
426.9,4.07,3333,12.1,25,Short-Video-Reel,High-Intent-Niche,73,7,Android,Net-15,Cloudy,22764.87
146.9,8.27,2536,20.6,20,Short-Video-Reel,Lifestyle-Warm,24,3,Android,Net-15,Cloudy,18188.78
355.3,6.61,4287,36.6,15,Static-Carousel,Lifestyle-Warm,46,18,Android,Upfront,Cloudy,22626.53
117.3,5.48,3967,20.5,10,Short-Video-Reel,Broad-Entertainment,100,4,iOS,Upfront,Cloudy,15801.38
269.6,4.32,4022,46.3,20,YouTube-Deep-Dive,Broad-Entertainment,59,14,iOS,Net-30,Cloudy,21206.84
409.5,6.94,246,8.6,20,YouTube-Deep-Dive,Lifestyle-Warm,137,9,Android,Upfront,Cloudy,20192.34
72.9,4.22,1667,26.5,20,Short-Video-Reel,Broad-Entertainment,46,14,Android,Upfront,Rainy,10794.29
162.4,3.35,587,21.2,15,Static-Carousel,Lifestyle-Warm,25,14,Android,Net-30,Sunny,9036.27
206.8,1.43,1613,41.4,20,Static-Carousel,Lifestyle-Warm,36,13,iOS,Net-15,Rainy,11466.16
247,3.85,1678,15.2,0,Static-Carousel,Broad-Entertainment,87,18,Android,Net-30,Cloudy,9193.7
46.2,2.34,305,19.8,20,YouTube-Deep-Dive,Broad-Entertainment,53,15,Android,Upfront,Sunny,8829.18
115,1.31,2867,17,10,Short-Video-Reel,Lifestyle-Warm,61,8,Android,Upfront,Sunny,11065.35
84.6,7.52,2608,24.9,15,Static-Carousel,Broad-Entertainment,17,21,Android,Upfront,Rainy,12796.04
293.9,4.53,1660,49.2,25,Short-Video-Reel,Lifestyle-Warm,119,14,iOS,Net-15,Sunny,18211.25
308.9,3.77,2395,20.1,0,YouTube-Deep-Dive,Lifestyle-Warm,141,22,Android,Net-30,Rainy,16178.25
394.8,2.97,1311,50.7,20,Short-Video-Reel,Lifestyle-Warm,105,6,Android,Upfront,Sunny,17606.15
245.3,0.97,1216,18.6,0,Short-Video-Reel,High-Intent-Niche,41,6,iOS,Net-30,Cloudy,10946.36
90.4,6.2,2320,8.8,20,Static-Carousel,Lifestyle-Warm,112,6,Android,Upfront,Cloudy,13546.33
449.5,2.22,1347,37,5,YouTube-Deep-Dive,Lifestyle-Warm,148,8,Android,Net-30,Cloudy,17079.06
105.7,7.07,1294,14.4,0,YouTube-Deep-Dive,High-Intent-Niche,28,5,Android,Net-15,Rainy,13792.94
119.6,3.86,1951,51.3,15,Short-Video-Reel,Lifestyle-Warm,104,3,Android,Upfront,Rainy,14835.14
319.8,1.04,2926,33.1,10,Short-Video-Reel,Broad-Entertainment,133,8,Android,Net-15,Rainy,12767.09
89.8,5.86,3303,31,15,Short-Video-Reel,Lifestyle-Warm,120,21,Android,Net-30,Cloudy,17108.56
89.5,2.28,1863,43.8,20,Short-Video-Reel,High-Intent-Niche,64,5,iOS,Net-15,Rainy,14723.81
44.7,6,274,7.5,5,Short-Video-Reel,Lifestyle-Warm,79,6,Android,Upfront,Sunny,7168.82
436.5,4.14,3769,26.4,10,YouTube-Deep-Dive,Lifestyle-Warm,58,6,Android,Upfront,Cloudy,23031.12
24.7,8.68,3973,47.2,10,YouTube-Deep-Dive,Lifestyle-Warm,147,20,iOS,Net-15,Rainy,19689.7
354.1,8.11,853,51.6,5,Short-Video-Reel,Broad-Entertainment,142,16,Android,Net-15,Cloudy,18702.2
364.6,5.14,3160,32.8,10,Short-Video-Reel,High-Intent-Niche,116,19,iOS,Net-15,Cloudy,22239.04
394.7,8.28,1044,11.4,10,YouTube-Deep-Dive,Lifestyle-Warm,142,18,Android,Net-15,Sunny,21933.71
168.6,7.37,137,14.9,20,YouTube-Deep-Dive,Broad-Entertainment,145,24,Android,Net-15,Cloudy,14028.87
138.9,4,211,23.2,20,Short-Video-Reel,Lifestyle-Warm,111,7,Android,Net-30,Cloudy,11282.34
280.6,3.8,542,34.8,10,Static-Carousel,Broad-Entertainment,131,2,iOS,Net-15,Sunny,10427.48
426.4,5.52,2335,42.5,0,Short-Video-Reel,Lifestyle-Warm,43,19,iOS,Upfront,Rainy,20580.75
77.2,7.95,663,31.3,5,YouTube-Deep-Dive,Broad-Entertainment,38,8,Android,Upfront,Sunny,12117.29
349.2,2.7,1010,32.5,15,Static-Carousel,High-Intent-Niche,25,10,Android,Net-15,Sunny,13927.31
304.2,4.59,3280,12.5,20,Static-Carousel,Lifestyle-Warm,63,21,iOS,Upfront,Rainy,17280.56
332.7,7.56,832,53.1,0,Static-Carousel,Broad-Entertainment,55,11,iOS,Net-15,Sunny,15774.74
424.5,4.47,4106,17.4,5,YouTube-Deep-Dive,Broad-Entertainment,50,9,Android,Upfront,Rainy,21023.32
255.9,6.09,3374,44.3,20,Short-Video-Reel,Lifestyle-Warm,143,7,Android,Upfront,Sunny,21175.78
413.4,8.2,2601,35.2,5,Static-Carousel,High-Intent-Niche,27,16,iOS,Net-30,Cloudy,25056.86
99.1,1.45,1437,14.7,20,YouTube-Deep-Dive,Lifestyle-Warm,137,14,iOS,Net-15,Cloudy,10917.45
120.5,8.33,3398,27.2,0,Short-Video-Reel,High-Intent-Niche,146,9,Android,Net-30,Cloudy,18973.12
301.2,8.39,2056,46,20,YouTube-Deep-Dive,Lifestyle-Warm,84,18,Android,Net-30,Sunny,24499.23
308.4,2.78,1485,32.2,5,YouTube-Deep-Dive,Broad-Entertainment,53,4,iOS,Net-15,Sunny,13133.45
92.7,0.93,1156,24.1,0,YouTube-Deep-Dive,Lifestyle-Warm,120,22,Android,Net-30,Rainy,9107.05
401.4,4.53,1829,20.7,25,Short-Video-Reel,High-Intent-Niche,95,24,Android,Net-30,Sunny,21337.71
137.7,3.32,1693,9.8,15,Short-Video-Reel,High-Intent-Niche,138,19,Android,Upfront,Cloudy,13738.92
353.3,9.08,384,15.2,5,Short-Video-Reel,Lifestyle-Warm,109,6,iOS,Net-30,Rainy,19548.92
396,6.99,962,30,5,YouTube-Deep-Dive,Lifestyle-Warm,70,10,Android,Net-15,Sunny,21411.45
88.5,8.95,1715,54.3,25,Short-Video-Reel,Lifestyle-Warm,148,22,Android,Net-15,Rainy,18450.27
162.3,5.89,3960,51.8,5,YouTube-Deep-Dive,High-Intent-Niche,74,21,Android,Upfront,Rainy,22784.26
361.9,6.8,1746,33.4,5,Short-Video-Reel,Broad-Entertainment,17,19,Android,Upfront,Sunny,17926.17
380,7.61,1293,25.8,20,YouTube-Deep-Dive,High-Intent-Niche,50,12,iOS,Net-30,Sunny,24954.32
74.6,7.89,3825,51.8,5,Short-Video-Reel,High-Intent-Niche,24,23,iOS,Net-15,Sunny,19980.71
18.9,3.82,759,45.6,5,Short-Video-Reel,Broad-Entertainment,76,21,Android,Net-15,Sunny,7334.41
427.6,3.31,209,19.7,25,YouTube-Deep-Dive,Lifestyle-Warm,78,9,Android,Net-15,Sunny,16745.48
241.5,7.48,2889,14.9,10,Static-Carousel,Lifestyle-Warm,142,16,iOS,Upfront,Sunny,17070.36
344.5,5.75,3736,43.9,0,YouTube-Deep-Dive,Lifestyle-Warm,125,6,Android,Net-30,Cloudy,23138.27
326.4,2.81,991,21.6,25,Short-Video-Reel,High-Intent-Niche,142,3,iOS,Net-30,Cloudy,16336.68
430.5,2.65,2096,33.4,25,YouTube-Deep-Dive,Broad-Entertainment,133,19,Android,Net-15,Cloudy,17879.45
21.9,8.63,1416,24.3,0,Static-Carousel,Lifestyle-Warm,90,15,Android,Net-15,Sunny,9294.09
238.3,0.9,3479,14.4,0,Static-Carousel,Broad-Entertainment,104,11,Android,Net-15,Cloudy,8985.04
416.9,0.87,972,53.2,20,Static-Carousel,Lifestyle-Warm,138,5,iOS,Net-30,Cloudy,12617.7
107.7,2.16,3532,31.8,10,YouTube-Deep-Dive,Broad-Entertainment,70,10,iOS,Net-15,Sunny,13999.61
78.2,4.34,2573,44.3,5,Short-Video-Reel,High-Intent-Niche,24,19,iOS,Net-15,Sunny,15444.4
225,1.95,2269,39.8,0,Short-Video-Reel,Broad-Entertainment,31,6,Android,Net-15,Rainy,11383.48
157.1,2.61,3899,37.5,15,Static-Carousel,Lifestyle-Warm,29,24,Android,Net-15,Rainy,15157.41
443.5,3.53,1525,12.5,15,YouTube-Deep-Dive,Lifestyle-Warm,40,6,Android,Net-15,Cloudy,18757.71
294.1,8.8,3295,46.4,0,Short-Video-Reel,Broad-Entertainment,50,22,Android,Upfront,Sunny,22143.12
181.7,1.38,1381,21,0,Short-Video-Reel,Lifestyle-Warm,136,10,iOS,Net-30,Cloudy,8739.06
106.8,3.72,3614,48,5,Short-Video-Reel,Lifestyle-Warm,152,19,iOS,Net-30,Sunny,15724.57
224.1,4.16,1130,11.1,0,Short-Video-Reel,Broad-Entertainment,57,3,Android,Net-30,Sunny,9298.91
307.7,6,3616,8.2,10,Short-Video-Reel,Lifestyle-Warm,157,20,Android,Upfront,Sunny,20395
47.9,6.83,2218,7.3,0,Short-Video-Reel,High-Intent-Niche,91,22,Android,Net-15,Sunny,12718
267.7,7.37,186,52.3,20,Static-Carousel,Lifestyle-Warm,100,3,Android,Upfront,Sunny,15989
43.8,1.82,4321,12,10,YouTube-Deep-Dive,High-Intent-Niche,150,16,iOS,Net-15,Rainy,16925
82.3,3.5,4334,39,25,Short-Video-Reel,Lifestyle-Warm,101,5,iOS,Net-30,Rainy,17492.98
15.3,8.19,3129,25.6,10,Short-Video-Reel,Lifestyle-Warm,98,2,iOS,Upfront,Rainy,15299.55
260,1.33,2403,21.8,5,YouTube-Deep-Dive,High-Intent-Niche,38,21,Android,Net-15,Sunny,15465.24
301.7,2.16,2200,54.8,25,Short-Video-Reel,Broad-Entertainment,15,3,Android,Upfront,Rainy,15923.02
127.4,5.87,3221,20.4,10,YouTube-Deep-Dive,Broad-Entertainment,35,6,iOS,Upfront,Sunny,16523.09
266.6,1.69,1749,37.6,15,YouTube-Deep-Dive,Broad-Entertainment,84,8,iOS,Upfront,Rainy,14145.76
145.8,7.99,998,31.1,10,Short-Video-Reel,Broad-Entertainment,68,2,iOS,Net-30,Rainy,12537.37
254.9,3.49,2292,24.6,15,Short-Video-Reel,Broad-Entertainment,75,9,Android,Upfront,Cloudy,13954.55
317.8,3.86,103,54.2,25,Static-Carousel,Broad-Entertainment,78,6,iOS,Net-30,Cloudy,12355.01
291,7.45,1954,38.4,0,Short-Video-Reel,High-Intent-Niche,119,2,Android,Net-30,Sunny,20871.76
396.5,7.88,2437,8.2,25,YouTube-Deep-Dive,Broad-Entertainment,92,10,Android,Net-30,Sunny,23791.63
164.3,2.33,275,50.6,20,Short-Video-Reel,High-Intent-Niche,152,20,Android,Upfront,Rainy,13387.29
64.5,1.42,1195,52.6,20,Static-Carousel,High-Intent-Niche,29,21,Android,Upfront,Rainy,11629.18
392.4,6.25,925,41.5,15,YouTube-Deep-Dive,Broad-Entertainment,138,6,iOS,Upfront,Sunny,19837.32
25.7,3.01,2649,24,5,YouTube-Deep-Dive,Lifestyle-Warm,127,9,iOS,Net-30,Sunny,12731.17
430.7,7.64,189,34.6,15,YouTube-Deep-Dive,Lifestyle-Warm,106,1,Android,Net-15,Cloudy,22952.02
118,5.61,4002,36.3,20,Short-Video-Reel,Lifestyle-Warm,85,14,Android,Net-30,Rainy,20226.83
22.1,8.28,1539,37.2,0,Short-Video-Reel,High-Intent-Niche,31,20,iOS,Net-30,Rainy,14179.45
31.3,3.6,1499,22.6,0,Short-Video-Reel,Lifestyle-Warm,153,22,iOS,Net-15,Rainy,8445.01
279,8.05,701,51.8,5,Static-Carousel,High-Intent-Niche,99,2,iOS,Net-30,Cloudy,18999.06
352,8.74,1916,29.5,25,Short-Video-Reel,Lifestyle-Warm,79,18,iOS,Upfront,Rainy,23866.08
370.1,2.92,911,38.5,25,Static-Carousel,Lifestyle-Warm,27,7,Android,Upfront,Sunny,14844.42
205.1,1.72,1396,38.1,5,Static-Carousel,High-Intent-Niche,72,4,Android,Net-15,Sunny,10875.47
342.5,7.47,2220,12.8,5,Static-Carousel,High-Intent-Niche,87,19,Android,Net-15,Rainy,19482.05
313.9,5.94,1995,37.1,15,YouTube-Deep-Dive,Lifestyle-Warm,158,14,Android,Net-15,Sunny,20737.7
164.3,0.99,1348,40.3,10,Short-Video-Reel,Broad-Entertainment,158,16,iOS,Net-30,Cloudy,9477.41
237.5,2.14,894,37.6,25,Short-Video-Reel,High-Intent-Niche,120,3,Android,Net-15,Rainy,15237.29
355.6,7.5,4329,21.3,20,Static-Carousel,Broad-Entertainment,69,10,iOS,Upfront,Rainy,22349.99
443.3,1,4458,8.8,5,YouTube-Deep-Dive,High-Intent-Niche,116,2,Android,Upfront,Rainy,19966.67
49.4,6.46,2716,19.9,10,Static-Carousel,Broad-Entertainment,92,24,iOS,Net-30,Sunny,9957.72
309,2.76,1739,34.8,5,Short-Video-Reel,Broad-Entertainment,74,9,Android,Upfront,Rainy,12010.9
361.1,1.37,2918,17.7,0,YouTube-Deep-Dive,Broad-Entertainment,93,5,iOS,Net-30,Cloudy,14520.03
38.2,1.23,4224,48.3,10,Static-Carousel,Broad-Entertainment,22,14,Android,Net-15,Cloudy,12269.18
192.5,6.14,1475,42.8,25,YouTube-Deep-Dive,Lifestyle-Warm,58,20,iOS,Net-30,Cloudy,18962.18
346.7,7.2,2127,10.2,20,YouTube-Deep-Dive,High-Intent-Niche,127,14,iOS,Net-15,Cloudy,24792.21
293.8,2.01,4080,54.8,5,Short-Video-Reel,Lifestyle-Warm,54,7,Android,Net-15,Cloudy,18830.16
233,6.13,2943,8.1,25,Static-Carousel,High-Intent-Niche,150,3,Android,Net-30,Cloudy,19057.98
445.1,7.55,2457,22.5,0,Short-Video-Reel,Broad-Entertainment,26,8,iOS,Net-30,Sunny,21569.92
376,1.46,2999,54.1,15,Short-Video-Reel,Lifestyle-Warm,112,20,iOS,Net-15,Sunny,18211.26
228.9,8.08,246,33.2,15,YouTube-Deep-Dive,Lifestyle-Warm,28,3,Android,Net-15,Rainy,18747.57
235.2,8.66,2599,13.2,0,Short-Video-Reel,High-Intent-Niche,31,3,Android,Upfront,Sunny,19881.76
142.8,8.52,1524,47.1,0,Static-Carousel,High-Intent-Niche,36,6,Android,Upfront,Cloudy,16742.59
362.7,7.09,2495,20.1,25,Static-Carousel,Lifestyle-Warm,139,2,iOS,Upfront,Sunny,20989.01
338,8.88,1507,17.5,5,YouTube-Deep-Dive,Broad-Entertainment,29,11,Android,Net-15,Sunny,20088.76
434.4,4.75,2089,19.3,25,Short-Video-Reel,High-Intent-Niche,71,12,Android,Net-30,Cloudy,22160.54
446.9,4.82,4142,47.4,0,Short-Video-Reel,High-Intent-Niche,121,14,iOS,Upfront,Cloudy,24656.09
322.1,6.09,3592,37.4,25,Short-Video-Reel,Lifestyle-Warm,132,21,iOS,Upfront,Rainy,23816.32
153.6,4.53,3471,48,25,Static-Carousel,Lifestyle-Warm,146,4,Android,Upfront,Rainy,17774.62
295.2,9.09,284,18.7,0,Short-Video-Reel,Broad-Entertainment,37,3,Android,Upfront,Cloudy,15276.78
156.9,1.39,2839,35.2,5,Short-Video-Reel,High-Intent-Niche,144,17,Android,Net-15,Cloudy,15128.8
312.6,4.76,2560,43,10,Short-Video-Reel,Broad-Entertainment,42,9,iOS,Net-15,Rainy,17440.72
246.6,4.94,2999,52.5,10,Short-Video-Reel,High-Intent-Niche,92,20,iOS,Net-30,Cloudy,21018.92
310.6,6.91,3544,14,10,Short-Video-Reel,High-Intent-Niche,113,1,iOS,Net-15,Sunny,23470.64
406.6,1.51,3460,36.3,5,YouTube-Deep-Dive,Lifestyle-Warm,66,12,iOS,Upfront,Rainy,18816.62
198.7,5.55,3608,53.4,5,Short-Video-Reel,Broad-Entertainment,138,5,iOS,Net-15,Sunny,17517.57
411.1,4.71,2354,22.9,0,YouTube-Deep-Dive,Lifestyle-Warm,31,2,iOS,Net-30,Rainy,19919.31
183,6.59,4418,42.5,25,Short-Video-Reel,High-Intent-Niche,91,18,iOS,Net-30,Rainy,24730.92
214,1.14,1642,7.3,25,Short-Video-Reel,High-Intent-Niche,65,23,iOS,Upfront,Rainy,13755.14
152,3.09,2742,42.7,5,Static-Carousel,High-Intent-Niche,124,18,Android,Net-30,Rainy,14747.49
133.5,8.83,4433,26.3,25,YouTube-Deep-Dive,Lifestyle-Warm,84,11,Android,Upfront,Cloudy,23916.81
417.4,3.33,1310,36.1,25,Short-Video-Reel,Lifestyle-Warm,52,24,Android,Net-15,Rainy,18651.18
280.1,7.58,4193,6.5,5,Static-Carousel,Broad-Entertainment,135,9,Android,Net-15,Cloudy,17489.27
33.8,3.6,483,32.9,20,YouTube-Deep-Dive,Lifestyle-Warm,39,19,Android,Net-15,Cloudy,10506.96
419.7,5.89,1799,10.5,25,Static-Carousel,Lifestyle-Warm,33,3,iOS,Net-30,Rainy,18382.85
173.7,7.04,2378,23.4,10,Static-Carousel,Broad-Entertainment,140,20,iOS,Net-30,Cloudy,12775.66
189.1,8.68,3788,28.3,15,YouTube-Deep-Dive,Lifestyle-Warm,51,23,Android,Net-15,Rainy,23594.91
130,4.33,3416,46.5,15,Short-Video-Reel,Lifestyle-Warm,12,14,iOS,Net-15,Rainy,17805.73
40.7,4.83,3760,20.5,20,YouTube-Deep-Dive,Lifestyle-Warm,19,11,iOS,Upfront,Cloudy,17012.36
104.8,2.38,3636,47.7,10,Short-Video-Reel,Broad-Entertainment,153,7,Android,Net-15,Sunny,13994.71
126.3,9.5,1125,41.1,0,Static-Carousel,High-Intent-Niche,132,15,Android,Net-15,Cloudy,14994.53
157.3,1.49,2625,48.8,0,Static-Carousel,Broad-Entertainment,105,13,iOS,Upfront,Rainy,9443.42
37.6,1.69,1130,32.5,15,Short-Video-Reel,High-Intent-Niche,77,24,iOS,Net-30,Cloudy,10696.91
153.4,3.08,1347,32.2,15,Static-Carousel,Lifestyle-Warm,114,6,Android,Net-30,Cloudy,11031.49
170.6,7.16,4177,30.9,25,YouTube-Deep-Dive,Broad-Entertainment,131,13,Android,Net-15,Rainy,22620.49
110.1,5.21,258,8.8,20,Short-Video-Reel,High-Intent-Niche,84,18,iOS,Net-30,Rainy,11958.86
134.2,3.31,816,39.7,20,Short-Video-Reel,Lifestyle-Warm,58,22,iOS,Net-30,Sunny,12985.67
427.5,2.74,2393,11.4,0,YouTube-Deep-Dive,High-Intent-Niche,35,14,Android,Net-30,Sunny,17804.76
48.9,4.74,2083,48,20,Short-Video-Reel,Broad-Entertainment,47,7,Android,Net-15,Rainy,12348.73
145.2,7.85,2570,24.3,20,Short-Video-Reel,High-Intent-Niche,72,22,Android,Net-15,Cloudy,19631.73
150.5,9.24,3894,19.6,0,YouTube-Deep-Dive,Broad-Entertainment,24,22,Android,Upfront,Cloudy,19044.99
387.9,7.25,523,12.2,0,Short-Video-Reel,Broad-Entertainment,41,24,iOS,Net-15,Rainy,15144.64
221.6,4.31,2829,41.7,20,Static-Carousel,Lifestyle-Warm,50,21,iOS,Net-30,Cloudy,16420.74
36.2,3.59,469,16.4,15,Short-Video-Reel,Lifestyle-Warm,101,14,iOS,Net-15,Cloudy,7827.99
314.1,2.06,4427,23.8,0,Short-Video-Reel,Broad-Entertainment,55,16,iOS,Net-30,Rainy,15572.99
15.4,1.8,2059,43.6,15,YouTube-Deep-Dive,Lifestyle-Warm,136,17,Android,Net-30,Cloudy,12965.37
83.5,2.71,1226,33.3,20,YouTube-Deep-Dive,Broad-Entertainment,78,24,iOS,Net-30,Cloudy,11193.28
308.3,9.13,3512,54.1,25,Short-Video-Reel,Lifestyle-Warm,150,12,iOS,Upfront,Cloudy,27446.1
331.9,3.74,4031,10.9,20,Short-Video-Reel,High-Intent-Niche,140,5,Android,Net-30,Rainy,21959.52
396.3,7.67,3764,44.1,10,YouTube-Deep-Dive,Lifestyle-Warm,38,2,Android,Net-30,Rainy,28634.79
445.3,8.59,4192,53.2,25,Short-Video-Reel,Broad-Entertainment,21,13,iOS,Net-15,Sunny,30485.23
410.9,3.36,3794,15.9,25,YouTube-Deep-Dive,High-Intent-Niche,127,19,iOS,Net-15,Rainy,25272.86
83.1,9.35,2960,19.7,20,Short-Video-Reel,Lifestyle-Warm,58,18,Android,Net-15,Sunny,17391.82
306.8,1.83,238,11.7,15,Static-Carousel,High-Intent-Niche,60,18,iOS,Net-30,Rainy,9719.07
91.5,6.91,3162,6.7,0,Static-Carousel,Lifestyle-Warm,35,24,iOS,Net-15,Cloudy,11472.82
442.8,4.47,2754,9,15,YouTube-Deep-Dive,Lifestyle-Warm,69,19,Android,Net-15,Rainy,20519.7
339.6,1.52,3718,40.3,15,Short-Video-Reel,Lifestyle-Warm,49,1,Android,Net-30,Sunny,17825.69
438.4,9.43,611,38,25,YouTube-Deep-Dive,High-Intent-Niche,88,16,iOS,Upfront,Cloudy,29124.21
294.1,3.2,1807,9.1,5,YouTube-Deep-Dive,Lifestyle-Warm,64,20,Android,Upfront,Cloudy,14664.33
89.7,3.09,419,37.7,25,Short-Video-Reel,Lifestyle-Warm,23,2,iOS,Net-30,Cloudy,11047.23
281.2,3.31,1224,25.5,0,YouTube-Deep-Dive,Lifestyle-Warm,135,9,Android,Upfront,Rainy,13361.82
267.8,4.41,1846,45.5,5,YouTube-Deep-Dive,Lifestyle-Warm,33,23,Android,Net-15,Cloudy,17236.1
202.4,5.52,2748,7.3,0,Static-Carousel,Lifestyle-Warm,20,5,Android,Net-30,Rainy,12258.33
33,5.7,3609,23.7,15,Short-Video-Reel,Lifestyle-Warm,84,4,iOS,Net-30,Rainy,15640.09
145.4,2.63,3713,41.1,5,Short-Video-Reel,Lifestyle-Warm,150,17,Android,Upfront,Cloudy,15286.76
22.9,6.46,433,24.3,20,Static-Carousel,Lifestyle-Warm,123,24,iOS,Net-30,Cloudy,8680
133.6,1.27,2888,47.2,15,Static-Carousel,Lifestyle-Warm,93,10,iOS,Net-15,Cloudy,12223.3
372.6,3.57,1275,17.1,0,Short-Video-Reel,Broad-Entertainment,142,22,iOS,Net-15,Rainy,11984.7
40,6.02,2280,11.8,0,Short-Video-Reel,Lifestyle-Warm,159,24,Android,Upfront,Cloudy,11234.43
144.6,3.23,4052,11,10,YouTube-Deep-Dive,Lifestyle-Warm,65,15,iOS,Net-15,Cloudy,17102.49
313.4,2.02,2743,11.2,15,Short-Video-Reel,High-Intent-Niche,108,14,iOS,Upfront,Cloudy,16881.43
57.1,6.05,4215,48,20,Static-Carousel,Broad-Entertainment,146,15,iOS,Upfront,Rainy,16080.3
91.6,4.67,764,11.3,25,YouTube-Deep-Dive,High-Intent-Niche,48,18,Android,Upfront,Rainy,15070.73
296.7,5.77,1606,52.1,5,Short-Video-Reel,High-Intent-Niche,74,15,Android,Net-30,Cloudy,20476.8
25.2,5.29,2001,13.5,25,YouTube-Deep-Dive,Lifestyle-Warm,33,3,Android,Upfront,Rainy,14396.72
26,1.71,1403,41,5,Short-Video-Reel,Lifestyle-Warm,152,23,iOS,Net-15,Rainy,8255.82
116.6,2.18,4495,20,25,Static-Carousel,Lifestyle-Warm,82,8,iOS,Net-15,Cloudy,15956.62
391.5,7.54,280,48.3,25,YouTube-Deep-Dive,Broad-Entertainment,102,23,iOS,Upfront,Rainy,22208.86
234.8,5.9,1164,36.4,15,Static-Carousel,Lifestyle-Warm,87,14,Android,Upfront,Sunny,14716.16
370.2,5.22,2373,50.7,0,Static-Carousel,Broad-Entertainment,24,8,Android,Net-15,Rainy,16020.63
428.4,5.7,3102,54.6,20,Short-Video-Reel,Broad-Entertainment,36,20,iOS,Net-30,Cloudy,23828.2
383.3,7.56,2225,26,15,YouTube-Deep-Dive,Broad-Entertainment,14,3,Android,Net-15,Sunny,23114.49
203,1.23,1725,14.4,10,Static-Carousel,Lifestyle-Warm,90,5,iOS,Upfront,Rainy,8224.05
276.4,5.9,3433,45.2,25,Static-Carousel,Broad-Entertainment,49,1,iOS,Upfront,Rainy,19326.21
136.2,6.24,3032,32.3,0,Short-Video-Reel,Lifestyle-Warm,15,24,Android,Net-15,Cloudy,15962.19
120.9,4.47,2542,42.8,10,Short-Video-Reel,Lifestyle-Warm,68,7,Android,Net-30,Rainy,15760.04
367.5,9.22,1790,15.5,10,Short-Video-Reel,Broad-Entertainment,51,10,iOS,Net-15,Cloudy,20485.52
212.6,1.85,1498,35.7,15,Short-Video-Reel,Lifestyle-Warm,142,16,iOS,Upfront,Rainy,12906.89
155.5,3.36,3885,12.8,20,YouTube-Deep-Dive,Lifestyle-Warm,131,24,iOS,Upfront,Cloudy,18476.67
443.1,2.82,555,43.2,0,Static-Carousel,High-Intent-Niche,17,7,Android,Net-30,Cloudy,14316.69
48.5,8.72,1566,30.1,5,Static-Carousel,Lifestyle-Warm,149,16,iOS,Net-15,Cloudy,10792.29
306.9,5.26,581,37.9,5,Static-Carousel,Lifestyle-Warm,81,2,iOS,Net-30,Cloudy,14023.74
166.3,4.98,2071,46.9,10,YouTube-Deep-Dive,Broad-Entertainment,83,18,iOS,Net-15,Cloudy,16183.09
134.7,8.75,4008,14.7,20,Short-Video-Reel,Broad-Entertainment,49,14,iOS,Net-15,Rainy,18545.23
230.3,7.82,686,23.1,25,Short-Video-Reel,High-Intent-Niche,16,2,iOS,Net-30,Cloudy,19500.8
292,2.48,380,16.3,25,YouTube-Deep-Dive,Broad-Entertainment,124,5,iOS,Upfront,Cloudy,12000.28
69.7,4.55,2689,52.5,5,Short-Video-Reel,Lifestyle-Warm,141,5,Android,Upfront,Rainy,15004.29
36.1,6.25,472,34.6,15,YouTube-Deep-Dive,Lifestyle-Warm,29,23,Android,Upfront,Cloudy,12511.35
208.6,2.28,3631,36.5,20,Short-Video-Reel,Lifestyle-Warm,158,22,Android,Net-30,Sunny,17178.46
233.7,2.89,3873,41.9,25,Short-Video-Reel,Lifestyle-Warm,118,21,Android,Net-15,Sunny,19983.79
197.9,5.16,3322,36.2,20,YouTube-Deep-Dive,High-Intent-Niche,152,22,Android,Net-30,Rainy,22037.95
354.1,4.74,4497,24.8,25,Short-Video-Reel,High-Intent-Niche,51,18,iOS,Upfront,Rainy,25672.21
413,8.43,1808,53.8,5,Static-Carousel,Lifestyle-Warm,34,3,iOS,Net-30,Sunny,22193.29
185.6,9.34,300,16.1,0,YouTube-Deep-Dive,High-Intent-Niche,149,15,iOS,Net-30,Rainy,17751
224,5.5,1239,29.6,15,Short-Video-Reel,Broad-Entertainment,93,7,Android,Net-30,Sunny,14066.07
192.2,2.78,2084,32.9,25,Static-Carousel,High-Intent-Niche,68,19,iOS,Net-15,Cloudy,14620.78
306,1.93,2168,50.1,15,Short-Video-Reel,Lifestyle-Warm,141,11,Android,Upfront,Cloudy,15375.73
192.5,8.32,4130,30.5,15,Short-Video-Reel,Lifestyle-Warm,154,10,Android,Net-15,Rainy,21745.35
370.9,5.83,4360,17.6,20,YouTube-Deep-Dive,Lifestyle-Warm,127,20,iOS,Net-15,Sunny,25069.77
287.6,7.51,1658,12.4,15,YouTube-Deep-Dive,High-Intent-Niche,12,11,Android,Net-15,Sunny,21664.18
172.9,5.04,1250,41,15,Short-Video-Reel,High-Intent-Niche,71,2,Android,Net-15,Sunny,16969.59
95.2,3.47,4460,53.6,15,YouTube-Deep-Dive,Broad-Entertainment,153,16,Android,Net-30,Sunny,18864.68
409.8,4.54,1436,29.4,20,Static-Carousel,Broad-Entertainment,13,13,iOS,Upfront,Sunny,15216.66
317.8,1.65,3014,40.3,0,Static-Carousel,High-Intent-Niche,113,5,Android,Upfront,Cloudy,14675.38
397.9,4.84,4367,47,0,Short-Video-Reel,High-Intent-Niche,151,20,iOS,Net-15,Cloudy,25285.41
288.1,3.44,2877,13.9,0,Static-Carousel,Broad-Entertainment,125,5,iOS,Net-30,Sunny,11247.95
358.2,8.16,1583,20.2,5,Short-Video-Reel,Lifestyle-Warm,159,9,Android,Net-30,Sunny,19228.48
74.8,3.16,1785,46.4,5,YouTube-Deep-Dive,Broad-Entertainment,143,2,iOS,Net-15,Sunny,12113.01
199.4,8.07,119,14.9,25,Short-Video-Reel,Broad-Entertainment,88,11,iOS,Upfront,Cloudy,13765.23
102.1,1.85,480,32.5,5,YouTube-Deep-Dive,Lifestyle-Warm,20,13,Android,Net-15,Rainy,9702.1
394.3,2.3,2609,41.7,15,YouTube-Deep-Dive,Lifestyle-Warm,147,20,iOS,Net-30,Rainy,20165.2
76,7.03,3060,24.2,20,Short-Video-Reel,Lifestyle-Warm,33,1,iOS,Upfront,Cloudy,17310.97
53.9,8.96,1978,48.1,5,Short-Video-Reel,Broad-Entertainment,113,11,iOS,Net-15,Rainy,13276.17
142.1,7,3809,21.7,20,Short-Video-Reel,Lifestyle-Warm,13,12,iOS,Net-15,Cloudy,19394.45
38,1.62,1161,43.1,10,Short-Video-Reel,Broad-Entertainment,105,14,Android,Net-30,Sunny,7156.89
403.2,1.58,1415,33.5,15,Static-Carousel,Broad-Entertainment,44,18,iOS,Net-15,Rainy,11020.49
412.2,2.48,1040,36.9,20,Short-Video-Reel,Lifestyle-Warm,132,17,iOS,Net-15,Rainy,15494.28
415.3,1.4,2001,24,15,Static-Carousel,Broad-Entertainment,45,17,Android,Net-15,Sunny,11281.39
395.1,7.5,4237,16.1,20,Short-Video-Reel,Broad-Entertainment,142,15,Android,Upfront,Cloudy,24784.66
437.6,7.12,547,40.1,15,Static-Carousel,High-Intent-Niche,67,11,Android,Upfront,Rainy,21781.45
435.1,1.98,828,45.8,0,Short-Video-Reel,Lifestyle-Warm,27,2,Android,Net-30,Sunny,13152.39
61.6,0.88,2193,9.1,15,YouTube-Deep-Dive,Broad-Entertainment,24,16,iOS,Upfront,Cloudy,10643.2
347.5,2.45,2198,22.9,0,YouTube-Deep-Dive,High-Intent-Niche,18,7,iOS,Upfront,Sunny,17395.76
228.7,7.67,3501,38.6,20,Static-Carousel,Broad-Entertainment,51,7,iOS,Upfront,Cloudy,18660.86
43.4,5.32,2088,25.9,5,Short-Video-Reel,High-Intent-Niche,98,15,iOS,Net-30,Cloudy,13152.23
380.3,1.88,125,28.2,25,YouTube-Deep-Dive,High-Intent-Niche,83,15,Android,Net-30,Cloudy,15986.85
308.6,3.24,1509,39.3,25,YouTube-Deep-Dive,Broad-Entertainment,154,4,Android,Upfront,Sunny,17211.51
242.5,5.94,329,16.9,20,Short-Video-Reel,High-Intent-Niche,53,1,Android,Upfront,Sunny,16231.56
64.1,2.52,2031,41.3,15,Short-Video-Reel,Broad-Entertainment,69,7,Android,Net-30,Rainy,10788.18
137.7,6.72,3956,31,20,Short-Video-Reel,Lifestyle-Warm,100,18,Android,Upfront,Rainy,18779.6
393.3,9.14,3947,32,25,Short-Video-Reel,Broad-Entertainment,16,3,Android,Net-30,Rainy,28219.07
220.5,1.18,3283,30.3,0,Short-Video-Reel,Broad-Entertainment,89,14,Android,Upfront,Sunny,11569.31
73.3,2.13,3071,8.4,5,YouTube-Deep-Dive,High-Intent-Niche,25,23,Android,Net-15,Rainy,14467.66
69.2,5.77,553,15,10,Short-Video-Reel,Lifestyle-Warm,25,6,iOS,Net-15,Sunny,9864.83
207.1,4.09,3938,19.8,0,Static-Carousel,High-Intent-Niche,34,14,iOS,Upfront,Cloudy,16051.53
341.7,6.06,4263,46.7,15,Static-Carousel,Lifestyle-Warm,18,20,iOS,Net-15,Rainy,22595.67
26.8,4.4,1382,45.9,25,Short-Video-Reel,Broad-Entertainment,44,20,iOS,Net-15,Cloudy,11177.23
410,6.81,244,9.7,10,Short-Video-Reel,Lifestyle-Warm,105,3,iOS,Net-15,Sunny,17109.61
148.8,6.87,696,49.4,0,Short-Video-Reel,Broad-Entertainment,140,23,Android,Net-15,Cloudy,11887.08
398.2,8.69,4115,42.9,25,Short-Video-Reel,High-Intent-Niche,23,6,iOS,Net-15,Rainy,32527.89
312.5,1.86,3753,38.5,10,Short-Video-Reel,Broad-Entertainment,105,15,Android,Net-30,Sunny,16014.76
313.3,9.16,3044,54.8,15,YouTube-Deep-Dive,High-Intent-Niche,103,1,Android,Net-30,Sunny,28751.8
119.1,6.96,4062,17.3,15,Short-Video-Reel,Lifestyle-Warm,55,11,Android,Net-30,Cloudy,18545.75
441.5,8.31,727,47.3,20,Static-Carousel,Lifestyle-Warm,105,17,Android,Net-30,Cloudy,22376.94
72.9,1.3,2942,12.7,25,YouTube-Deep-Dive,High-Intent-Niche,30,8,iOS,Net-30,Rainy,15507.15
256.8,8.8,4145,41.6,0,YouTube-Deep-Dive,Lifestyle-Warm,73,15,iOS,Net-15,Rainy,24926.66
182.4,7.16,3607,32.5,0,Static-Carousel,Broad-Entertainment,140,5,iOS,Net-15,Cloudy,15297.77
41.3,8.89,2828,10.5,5,Static-Carousel,Broad-Entertainment,65,21,Android,Net-15,Rainy,10220.9
130,9.07,2289,45.9,20,Short-Video-Reel,Broad-Entertainment,140,23,iOS,Upfront,Rainy,17824
341.2,2.24,2207,19.9,10,Short-Video-Reel,Lifestyle-Warm,126,5,iOS,Upfront,Rainy,15098.51
409.8,2.7,4319,35.8,25,Short-Video-Reel,Lifestyle-Warm,19,2,iOS,Upfront,Rainy,22259.38
430.1,2.93,4387,47.2,20,YouTube-Deep-Dive,High-Intent-Niche,115,19,Android,Net-30,Rainy,27252.98
179.4,1.43,225,43.1,5,Short-Video-Reel,Broad-Entertainment,20,20,iOS,Net-30,Rainy,7429.97
108,9.44,4098,22.1,25,Static-Carousel,High-Intent-Niche,109,2,Android,Upfront,Sunny,21659.84
236.3,6.65,562,52.2,25,YouTube-Deep-Dive,Broad-Entertainment,87,4,Android,Upfront,Cloudy,17902.46
55.6,6.64,1967,19.9,15,Static-Carousel,High-Intent-Niche,76,16,iOS,Net-15,Sunny,13423.17
68.7,1.76,3533,40.4,0,Short-Video-Reel,Lifestyle-Warm,75,11,Android,Upfront,Cloudy,12643.73
262.7,6.93,2261,48.4,10,Static-Carousel,Lifestyle-Warm,152,18,iOS,Net-15,Sunny,18084.42
156.1,2.74,3849,21.1,15,Short-Video-Reel,Lifestyle-Warm,50,6,iOS,Upfront,Sunny,15857.92
234.3,2.03,2905,18.3,10,Short-Video-Reel,Broad-Entertainment,82,24,iOS,Upfront,Cloudy,11862.94
44.4,4.55,3410,16.5,15,YouTube-Deep-Dive,Broad-Entertainment,25,17,iOS,Net-15,Rainy,14192.44
377.5,8.78,2740,53.8,5,Static-Carousel,Lifestyle-Warm,34,8,Android,Net-15,Sunny,23434.79
206,1.33,1574,34.1,25,Short-Video-Reel,High-Intent-Niche,59,13,iOS,Net-15,Cloudy,14656.24
360.7,4.51,1005,26.6,10,Short-Video-Reel,High-Intent-Niche,84,2,Android,Net-15,Sunny,17424.43
257.8,6.09,3217,9,0,YouTube-Deep-Dive,Broad-Entertainment,62,18,iOS,Net-30,Cloudy,17599.99
334.8,3.35,2788,36.8,0,Short-Video-Reel,Broad-Entertainment,130,21,iOS,Net-30,Sunny,14893.18
443.8,8.32,3947,12.3,0,YouTube-Deep-Dive,High-Intent-Niche,54,14,Android,Net-30,Cloudy,29151.09
416.2,3.23,2641,11.8,15,Short-Video-Reel,Lifestyle-Warm,131,24,Android,Net-15,Sunny,17517.85
303.8,0.98,2215,50.6,5,Short-Video-Reel,Broad-Entertainment,50,6,Android,Upfront,Cloudy,12441.6
447.4,1.31,1688,8.8,15,Short-Video-Reel,Lifestyle-Warm,154,3,iOS,Upfront,Sunny,13550.18
52.7,9.12,328,36.4,0,Static-Carousel,Lifestyle-Warm,143,21,iOS,Upfront,Sunny,9315.31
96.2,0.95,952,27.5,20,Short-Video-Reel,Broad-Entertainment,132,19,Android,Net-15,Cloudy,7920.76
384,9.17,1181,30.3,0,Static-Carousel,Broad-Entertainment,57,24,iOS,Net-15,Cloudy,18511.87
381,8.97,3369,41.5,20,Short-Video-Reel,Broad-Entertainment,116,6,Android,Net-30,Sunny,25495.3
224.9,2.41,637,22.9,20,YouTube-Deep-Dive,High-Intent-Niche,15,22,iOS,Net-15,Cloudy,15258.94
65.6,4.8,3111,21.7,10,Static-Carousel,High-Intent-Niche,53,10,Android,Net-15,Cloudy,14115.91
50,9.41,3217,10.5,25,Static-Carousel,Lifestyle-Warm,135,12,iOS,Upfront,Rainy,15155.29
169.4,5.56,3118,10.3,5,Static-Carousel,High-Intent-Niche,138,3,iOS,Net-15,Rainy,15400.02
38.4,2.55,4199,49.7,0,Static-Carousel,High-Intent-Niche,149,14,Android,Net-30,Sunny,14208.95
423,4.35,1673,49.6,25,Short-Video-Reel,Broad-Entertainment,116,21,Android,Net-15,Sunny,19111.05
291.9,7.18,3504,25.1,5,Short-Video-Reel,Lifestyle-Warm,105,5,Android,Net-30,Sunny,21529.68
397.1,7,2451,12.8,15,Static-Carousel,Broad-Entertainment,97,22,iOS,Upfront,Sunny,18204.78
217.5,4.87,1492,33.4,5,Static-Carousel,Broad-Entertainment,123,12,iOS,Net-15,Rainy,10176.1
308.1,8.3,1265,34,25,YouTube-Deep-Dive,Broad-Entertainment,32,14,iOS,Net-15,Rainy,20997.9
102.2,8.58,3417,40.8,10,Static-Carousel,Broad-Entertainment,90,4,Android,Net-15,Rainy,15933.78
433.4,7.58,4406,52.1,0,Static-Carousel,Lifestyle-Warm,72,5,Android,Net-15,Cloudy,26834.46
32.5,2.03,3783,26.6,5,Short-Video-Reel,Broad-Entertainment,156,21,iOS,Net-30,Rainy,12022.02
424.6,5.05,3794,13.1,25,Short-Video-Reel,High-Intent-Niche,41,1,Android,Net-15,Rainy,25078.4
294.3,2.55,3567,8.2,25,Short-Video-Reel,High-Intent-Niche,33,6,Android,Net-15,Cloudy,19203.01
154.5,8.51,3970,35.5,0,Static-Carousel,Broad-Entertainment,119,8,iOS,Net-30,Sunny,16478.57
41.7,8.88,3915,38.1,5,Static-Carousel,Lifestyle-Warm,116,12,iOS,Net-15,Rainy,15427.29
382.8,7.87,2243,23.2,20,Static-Carousel,High-Intent-Niche,24,4,iOS,Net-30,Rainy,22553.54
237.9,6.91,167,7.8,20,Short-Video-Reel,Broad-Entertainment,62,14,Android,Net-15,Sunny,12721.37
311.7,9.31,2980,34.4,25,Short-Video-Reel,Broad-Entertainment,104,13,iOS,Net-30,Sunny,23887.4
192.5,7.93,1985,50.4,0,Short-Video-Reel,High-Intent-Niche,140,17,Android,Upfront,Sunny,19377.95
82.7,2.43,2054,49.2,15,Short-Video-Reel,Lifestyle-Warm,137,19,Android,Net-30,Cloudy,13506.19
238.5,7.75,1989,48.5,15,Short-Video-Reel,Broad-Entertainment,76,10,Android,Net-30,Cloudy,17861.27
342.7,2.57,542,42.2,5,Short-Video-Reel,Broad-Entertainment,139,17,Android,Net-15,Cloudy,10981.71
245.7,7.57,2734,32.6,5,Static-Carousel,High-Intent-Niche,110,19,Android,Net-15,Rainy,18889.04
166.2,4.08,645,45.5,10,Short-Video-Reel,High-Intent-Niche,56,4,iOS,Upfront,Sunny,14570.07
298.5,5.41,4216,10,5,YouTube-Deep-Dive,Broad-Entertainment,42,19,iOS,Net-15,Cloudy,19715.74
309.9,9.36,3268,7.6,15,Short-Video-Reel,High-Intent-Niche,96,5,iOS,Net-15,Sunny,26218.04
39.4,1.41,1894,53.3,10,Short-Video-Reel,High-Intent-Niche,144,20,iOS,Net-30,Rainy,12848.63
310,2.43,974,32.9,0,YouTube-Deep-Dive,High-Intent-Niche,48,22,Android,Net-15,Rainy,14838.89
74.8,4.52,928,20.1,10,Short-Video-Reel,Lifestyle-Warm,59,23,iOS,Upfront,Sunny,10086.93
44,4.25,2480,21.9,10,Short-Video-Reel,High-Intent-Niche,64,24,Android,Net-15,Sunny,13558.93
239.4,3.03,899,31.3,25,Short-Video-Reel,Lifestyle-Warm,68,19,iOS,Net-15,Sunny,13477.16
58.9,2.08,3375,15.6,5,Short-Video-Reel,Lifestyle-Warm,86,21,Android,Upfront,Cloudy,11725.51
74.8,5.51,2162,42.8,5,Short-Video-Reel,Broad-Entertainment,52,11,Android,Net-15,Sunny,12106.9
238.6,3.15,853,9,20,YouTube-Deep-Dive,Lifestyle-Warm,48,11,iOS,Upfront,Sunny,13283.68
316.1,7.51,4139,29.7,15,Short-Video-Reel,High-Intent-Niche,77,16,iOS,Net-30,Sunny,26556.81
265.8,9.48,3727,52.7,0,Static-Carousel,High-Intent-Niche,42,24,Android,Upfront,Sunny,24651.26
41.3,4.11,375,41.1,0,Short-Video-Reel,Broad-Entertainment,33,1,iOS,Upfront,Sunny,6761.16
394.9,1.61,1259,18.1,5,Static-Carousel,Broad-Entertainment,64,7,Android,Net-15,Rainy,9210.11
432.3,4.65,2468,8.1,25,Static-Carousel,Broad-Entertainment,22,2,iOS,Net-30,Rainy,17849.76
108.2,2.41,4453,9.7,0,YouTube-Deep-Dive,High-Intent-Niche,14,21,Android,Net-30,Cloudy,17066.02
90.6,9.23,1435,44.6,20,Static-Carousel,Lifestyle-Warm,50,19,iOS,Net-30,Rainy,15620.78
217.6,7.77,2943,36.9,0,Short-Video-Reel,Broad-Entertainment,14,8,Android,Net-30,Cloudy,16817.89
106.3,1.68,2862,36.2,20,YouTube-Deep-Dive,Broad-Entertainment,43,22,Android,Net-30,Rainy,13257.66
150.1,1.75,3359,29,25,Static-Carousel,Lifestyle-Warm,94,10,iOS,Net-15,Sunny,14302.4
210,5.3,2124,53.2,15,Static-Carousel,High-Intent-Niche,59,4,iOS,Upfront,Sunny,18194.87
356.6,5.24,2885,53.1,25,Short-Video-Reel,High-Intent-Niche,153,18,Android,Net-15,Rainy,24460.24
346.9,0.88,2063,25.7,15,YouTube-Deep-Dive,Lifestyle-Warm,14,14,Android,Upfront,Rainy,15589.87
277,7.42,2357,34.6,5,Short-Video-Reel,Lifestyle-Warm,85,8,iOS,Upfront,Cloudy,19702.9
406.7,4.84,1287,12.9,0,Short-Video-Reel,Lifestyle-Warm,140,5,iOS,Net-15,Sunny,14715.28
221.3,2.78,1493,39.7,20,Static-Carousel,Lifestyle-Warm,130,4,iOS,Upfront,Rainy,12846.33
371.2,8.78,3095,11.4,25,YouTube-Deep-Dive,High-Intent-Niche,59,23,iOS,Net-30,Cloudy,28932.06
53.7,6.98,3950,7.3,20,Short-Video-Reel,Broad-Entertainment,98,6,iOS,Upfront,Rainy,14738.8
415.4,2.33,3778,15.8,10,Short-Video-Reel,Broad-Entertainment,105,7,iOS,Upfront,Rainy,17239.56
68.1,9.48,1514,29.3,20,Static-Carousel,Broad-Entertainment,66,16,Android,Net-15,Cloudy,11993.08
47.1,1.56,508,34.2,0,Short-Video-Reel,Lifestyle-Warm,115,8,Android,Net-30,Sunny,7738.25
442.3,1.6,2163,28.5,5,YouTube-Deep-Dive,Broad-Entertainment,114,18,iOS,Net-30,Cloudy,15067.1
427.6,8.22,1665,34.6,0,Short-Video-Reel,Lifestyle-Warm,123,12,Android,Upfront,Sunny,22392.45
229,5.48,2368,15.6,25,Static-Carousel,High-Intent-Niche,145,3,iOS,Net-15,Sunny,17993.45
129.7,9.33,613,6.1,10,YouTube-Deep-Dive,Lifestyle-Warm,77,20,Android,Net-15,Rainy,15055.5
293.5,8.57,2526,27.7,25,Static-Carousel,High-Intent-Niche,24,14,Android,Upfront,Cloudy,23910.98
49.5,1.09,3509,6.4,0,Short-Video-Reel,Broad-Entertainment,52,18,iOS,Upfront,Sunny,8626.87
101,3.27,3317,37.6,20,Static-Carousel,Lifestyle-Warm,103,7,iOS,Upfront,Cloudy,14361.1
219.5,4.78,1016,49.2,0,YouTube-Deep-Dive,Lifestyle-Warm,54,9,iOS,Net-15,Cloudy,14829.34
153.4,0.82,985,21.8,25,Short-Video-Reel,Broad-Entertainment,23,1,Android,Net-15,Rainy,8256.72
432.5,9.32,988,45,10,YouTube-Deep-Dive,Lifestyle-Warm,84,13,Android,Net-30,Cloudy,26482.71
310.8,4.82,2956,19.5,25,YouTube-Deep-Dive,Broad-Entertainment,99,21,Android,Upfront,Rainy,20052.72
43.5,7.39,1615,9.4,10,YouTube-Deep-Dive,Lifestyle-Warm,107,19,iOS,Net-15,Sunny,12592.53
448.7,9.02,682,15,5,Short-Video-Reel,Lifestyle-Warm,150,18,Android,Net-30,Rainy,21522.23
382.7,3.78,444,12.9,5,Short-Video-Reel,Broad-Entertainment,118,3,Android,Net-30,Rainy,11000.85
344,9.25,2795,51.2,20,YouTube-Deep-Dive,High-Intent-Niche,78,12,Android,Net-15,Rainy,30265.73
128.7,5.08,2529,48.4,20,YouTube-Deep-Dive,High-Intent-Niche,16,1,Android,Net-15,Sunny,20660.12
392,7.42,403,33.7,20,Short-Video-Reel,Broad-Entertainment,83,18,iOS,Net-30,Sunny,19394.16
73.4,7.26,2023,35.2,5,YouTube-Deep-Dive,Broad-Entertainment,61,20,iOS,Net-15,Sunny,13535.93
257.4,0.92,257,22.9,5,Short-Video-Reel,Broad-Entertainment,141,22,iOS,Upfront,Rainy,6631.87
294.7,2.13,2927,16.3,15,Static-Carousel,Lifestyle-Warm,58,1,iOS,Upfront,Sunny,13189.73
105.6,6.48,4010,36.1,20,Short-Video-Reel,Lifestyle-Warm,137,8,Android,Net-30,Cloudy,18850.58
248.9,3.62,1371,17.5,10,Short-Video-Reel,High-Intent-Niche,102,14,Android,Net-15,Sunny,14607.78
144,4.9,2491,13.1,25,Short-Video-Reel,Lifestyle-Warm,22,6,Android,Net-30,Cloudy,15205.12
85.9,9.24,4343,18.2,5,Static-Carousel,High-Intent-Niche,68,6,Android,Net-30,Rainy,18809.52
27.6,9.21,1269,31.2,20,Short-Video-Reel,High-Intent-Niche,120,19,Android,Net-15,Rainy,15233.29
347.7,1.91,2348,36.9,5,YouTube-Deep-Dive,Broad-Entertainment,45,8,Android,Net-30,Cloudy,14236.68
46,8.98,2770,52.8,15,YouTube-Deep-Dive,Lifestyle-Warm,102,20,Android,Upfront,Cloudy,18895.39
76.6,6.35,4383,45.6,15,Short-Video-Reel,Lifestyle-Warm,101,17,iOS,Upfront,Sunny,19762.08
246.9,6.82,4024,42.9,15,Short-Video-Reel,Broad-Entertainment,49,4,Android,Net-15,Cloudy,21308.48
242.8,2.03,3962,27.1,0,Short-Video-Reel,High-Intent-Niche,123,11,Android,Net-30,Sunny,17101.99
205.2,1.07,1563,48.9,0,YouTube-Deep-Dive,Lifestyle-Warm,44,3,Android,Upfront,Sunny,12527.05
219.6,1.19,1783,26.7,15,Short-Video-Reel,High-Intent-Niche,121,17,iOS,Net-15,Rainy,13483.77
428.6,1.74,3232,22.7,15,Short-Video-Reel,Lifestyle-Warm,68,18,iOS,Upfront,Sunny,18284.36
292.2,7.1,3883,40.4,20,YouTube-Deep-Dive,Broad-Entertainment,76,22,Android,Net-30,Rainy,25047.68
430.3,3.09,1740,8.2,0,Short-Video-Reel,Broad-Entertainment,43,24,iOS,Net-30,Sunny,12351.24
193.2,7.87,1277,53.4,0,Short-Video-Reel,Lifestyle-Warm,19,16,Android,Net-15,Sunny,16578.57
273.3,6.7,1088,38.7,10,Short-Video-Reel,Lifestyle-Warm,73,11,iOS,Net-15,Sunny,17353.01
146.8,7.3,2661,11.7,0,Static-Carousel,Broad-Entertainment,101,6,Android,Upfront,Cloudy,11662.7
370.6,8.37,1562,39.5,0,Static-Carousel,High-Intent-Niche,61,17,Android,Net-15,Rainy,20741.6
229.4,6.69,3949,25.4,5,Static-Carousel,Broad-Entertainment,67,7,Android,Net-30,Sunny,16548.54
243.7,2.34,1601,16.2,5,Short-Video-Reel,Lifestyle-Warm,23,13,Android,Net-15,Cloudy,11241.26
105.8,4.27,1716,52.4,15,Short-Video-Reel,Lifestyle-Warm,121,4,iOS,Upfront,Rainy,14090.83
165.8,4.03,1140,20.4,0,Short-Video-Reel,Lifestyle-Warm,124,15,iOS,Net-30,Cloudy,10368.55
208.7,3.79,1409,13.7,0,Static-Carousel,Lifestyle-Warm,76,14,Android,Net-15,Sunny,10034.53
256.3,1.24,735,27.6,20,Static-Carousel,Lifestyle-Warm,125,9,Android,Upfront,Sunny,9845.55
112.9,7.42,4099,42.9,25,Short-Video-Reel,High-Intent-Niche,40,24,Android,Net-30,Cloudy,23724.18
175.5,2.82,1052,42.7,5,Short-Video-Reel,Broad-Entertainment,159,17,iOS,Upfront,Rainy,10161.53
296.6,2.99,1209,9.2,10,Short-Video-Reel,Broad-Entertainment,52,8,iOS,Upfront,Cloudy,10858.9
202.2,6.25,4230,49,5,Short-Video-Reel,Broad-Entertainment,127,1,Android,Net-30,Cloudy,18994.1
155.7,5.84,850,10.5,10,Static-Carousel,Lifestyle-Warm,105,17,Android,Net-15,Cloudy,10122.55
436.5,6.11,4078,34.1,20,Short-Video-Reel,Broad-Entertainment,60,2,Android,Upfront,Sunny,25146.72
179.6,3.49,2333,46.5,10,YouTube-Deep-Dive,Lifestyle-Warm,54,14,Android,Upfront,Sunny,16780.79
106,3.57,3428,12.9,25,Short-Video-Reel,Lifestyle-Warm,75,5,iOS,Upfront,Rainy,15898.41
326.4,4.47,1844,35.1,15,YouTube-Deep-Dive,Broad-Entertainment,77,22,Android,Upfront,Rainy,18225.93
187.4,9.3,2598,50.3,15,Static-Carousel,High-Intent-Niche,146,21,Android,Upfront,Cloudy,21160.73
312.6,4.53,1447,47,25,Short-Video-Reel,High-Intent-Niche,102,9,Android,Upfront,Sunny,20815.44
238.9,4.5,915,24.6,20,YouTube-Deep-Dive,Broad-Entertainment,150,12,iOS,Net-15,Cloudy,14111.89
54.5,4.66,3617,41.5,15,Static-Carousel,Broad-Entertainment,61,18,Android,Net-15,Cloudy,12982.57
221.4,1.32,1287,22.8,0,Static-Carousel,High-Intent-Niche,124,23,Android,Net-30,Cloudy,9777.7
361.6,2.85,4070,34.8,25,YouTube-Deep-Dive,Lifestyle-Warm,74,5,Android,Net-30,Rainy,22922.18
380.8,4.14,3716,51,5,Short-Video-Reel,Lifestyle-Warm,27,16,Android,Net-30,Rainy,20790.21
209,9.23,4412,45.2,5,Short-Video-Reel,High-Intent-Niche,23,7,Android,Net-30,Cloudy,25865.38
313.7,9.2,1904,41.8,0,Short-Video-Reel,Lifestyle-Warm,22,6,Android,Upfront,Cloudy,21594.54
260.2,9.37,580,25.7,15,Static-Carousel,Lifestyle-Warm,99,13,iOS,Upfront,Rainy,16209.18
106.4,2.86,3420,20.5,20,Short-Video-Reel,High-Intent-Niche,72,16,Android,Net-15,Rainy,17310.13
407.5,8.81,3518,36.8,5,YouTube-Deep-Dive,Broad-Entertainment,44,21,Android,Net-30,Cloudy,26375.81
429.2,3.43,3626,51.4,5,YouTube-Deep-Dive,Lifestyle-Warm,43,22,Android,Net-30,Sunny,22780.47
201.4,6.56,923,42.3,15,Short-Video-Reel,Lifestyle-Warm,155,20,iOS,Net-30,Rainy,16432.96
279.1,4.73,3990,20.1,25,Static-Carousel,High-Intent-Niche,145,8,Android,Net-15,Sunny,20864.28
285,2.9,1827,28.7,10,Short-Video-Reel,High-Intent-Niche,13,1,Android,Upfront,Cloudy,16702.83
242.5,9.15,1892,12.7,25,Short-Video-Reel,Broad-Entertainment,97,20,Android,Net-30,Cloudy,18645.44
208.7,7.31,3879,21,0,YouTube-Deep-Dive,High-Intent-Niche,16,18,Android,Net-15,Rainy,22398.3
27.1,4.41,1993,19.8,5,Short-Video-Reel,Lifestyle-Warm,78,15,iOS,Net-30,Rainy,9494.99
248.9,9.44,3386,15.8,0,Short-Video-Reel,High-Intent-Niche,103,4,Android,Net-30,Cloudy,22817.09
410.2,3.91,154,35.2,25,Static-Carousel,Broad-Entertainment,72,5,iOS,Net-30,Sunny,12069.8
126,6.15,2294,19.9,0,YouTube-Deep-Dive,Broad-Entertainment,109,6,Android,Net-30,Sunny,13341.52
159.4,4.81,2304,35.6,20,Short-Video-Reel,Lifestyle-Warm,79,21,Android,Upfront,Sunny,16973.85
297.4,7.5,863,7.8,5,Short-Video-Reel,Lifestyle-Warm,133,16,iOS,Net-15,Rainy,15722.24
384.8,7.25,1620,36.1,20,Short-Video-Reel,High-Intent-Niche,70,19,iOS,Upfront,Cloudy,24097.06
259.6,4.81,3111,28.1,5,YouTube-Deep-Dive,High-Intent-Niche,70,7,iOS,Net-30,Cloudy,20334.47
268.8,2.61,1786,29,5,Short-Video-Reel,High-Intent-Niche,138,14,Android,Net-30,Sunny,14786.97
355.8,3.29,2632,12.1,10,YouTube-Deep-Dive,Broad-Entertainment,145,4,Android,Net-15,Sunny,15753.78
390.1,8.6,899,23.7,0,YouTube-Deep-Dive,Lifestyle-Warm,56,10,Android,Net-30,Sunny,21812.33
321,1.36,1831,24,10,YouTube-Deep-Dive,High-Intent-Niche,61,12,iOS,Net-15,Rainy,16225.57
383.4,4.57,1516,23.1,15,Short-Video-Reel,Broad-Entertainment,26,12,iOS,Upfront,Sunny,15724.37
219.1,3.55,3572,44.5,5,Short-Video-Reel,Lifestyle-Warm,38,9,Android,Net-30,Sunny,17159.6
355.9,6.17,4161,26.9,0,Short-Video-Reel,High-Intent-Niche,85,14,Android,Net-30,Sunny,23854.68
22.7,3.12,2980,10.2,0,Short-Video-Reel,Lifestyle-Warm,35,1,Android,Net-15,Cloudy,10260.52
118.2,8.34,4395,15.5,0,Short-Video-Reel,Lifestyle-Warm,126,23,Android,Net-15,Cloudy,17501.36
104.7,3.58,3186,19,5,Static-Carousel,Broad-Entertainment,92,19,iOS,Net-30,Sunny,9960.47
107.3,3.33,3856,10.1,10,Short-Video-Reel,Lifestyle-Warm,59,9,Android,Net-15,Cloudy,14371.43
402.6,4.1,3444,51.7,20,Short-Video-Reel,Broad-Entertainment,41,18,Android,Upfront,Rainy,21812.76
35.9,7.82,2867,54.4,15,YouTube-Deep-Dive,Lifestyle-Warm,76,19,Android,Net-15,Sunny,19050.75
368.8,5.96,832,22,5,Short-Video-Reel,Lifestyle-Warm,124,3,Android,Upfront,Rainy,17022.43
400.9,3.08,3307,30.6,0,Short-Video-Reel,Broad-Entertainment,97,2,iOS,Net-30,Cloudy,15961.98
99.1,4.82,2148,51.7,20,Static-Carousel,High-Intent-Niche,69,20,Android,Net-15,Sunny,15533.2
394.8,5.9,4186,7.3,10,Short-Video-Reel,Lifestyle-Warm,151,3,Android,Upfront,Rainy,23118.11
413.4,2.1,3259,28.1,10,YouTube-Deep-Dive,Broad-Entertainment,128,19,Android,Upfront,Sunny,17050.6
424.6,8.92,518,26.3,0,YouTube-Deep-Dive,Broad-Entertainment,75,14,Android,Net-30,Rainy,21711.63
61.2,8.02,2080,23.7,20,Short-Video-Reel,Broad-Entertainment,146,17,Android,Net-15,Rainy,13291.43
151.1,1.27,3134,23.3,0,Static-Carousel,Lifestyle-Warm,17,6,iOS,Upfront,Sunny,10471.68
20.6,1.11,2518,7.9,25,Short-Video-Reel,Lifestyle-Warm,110,24,Android,Net-15,Cloudy,11080.03
31.1,7.95,111,40.7,10,Short-Video-Reel,High-Intent-Niche,44,18,iOS,Net-30,Cloudy,12501.68
173.4,5.65,2105,14.9,5,Short-Video-Reel,Lifestyle-Warm,73,21,Android,Net-30,Cloudy,14260.72
65.1,7.89,1037,50.9,10,Short-Video-Reel,Broad-Entertainment,128,5,iOS,Net-15,Sunny,13102.08
118.7,2.32,3312,30.1,10,Short-Video-Reel,High-Intent-Niche,60,13,iOS,Upfront,Sunny,16382.97
390.3,1.13,1542,46.8,0,Short-Video-Reel,Broad-Entertainment,64,23,iOS,Net-30,Rainy,11643.42
215.1,4.59,2464,31.9,5,Short-Video-Reel,Broad-Entertainment,146,12,iOS,Upfront,Sunny,13796.48
267.8,1.74,2582,14,10,Short-Video-Reel,Broad-Entertainment,124,17,Android,Upfront,Rainy,11822.36
363.6,7.85,1395,25.7,25,Short-Video-Reel,Broad-Entertainment,19,1,Android,Net-30,Rainy,19844.67
121.4,5.4,609,46,15,Static-Carousel,High-Intent-Niche,124,3,Android,Net-15,Cloudy,12679.06
427.6,1.45,635,46.4,5,Static-Carousel,Broad-Entertainment,124,18,iOS,Net-30,Rainy,9801.84
183.1,8.44,4372,48.3,25,Short-Video-Reel,High-Intent-Niche,81,21,iOS,Net-30,Rainy,25921.63
192,1.31,3140,9.6,5,YouTube-Deep-Dive,Lifestyle-Warm,63,19,Android,Net-30,Cloudy,13685.69
95.9,8.27,3337,52.2,25,Short-Video-Reel,Lifestyle-Warm,87,14,Android,Upfront,Rainy,20739.74
74.2,2.2,1456,51.5,20,Static-Carousel,Broad-Entertainment,153,13,iOS,Net-15,Sunny,9002.04
269.4,2.3,1149,35.4,0,YouTube-Deep-Dive,High-Intent-Niche,13,15,Android,Net-30,Sunny,14892.98
245.4,6.69,1602,12,10,YouTube-Deep-Dive,Lifestyle-Warm,149,14,Android,Upfront,Sunny,17113.79
94.5,6.58,2066,31.7,0,Short-Video-Reel,Broad-Entertainment,61,17,iOS,Net-30,Sunny,11849.5
81.4,7.05,324,51.5,0,Short-Video-Reel,Lifestyle-Warm,88,15,iOS,Upfront,Cloudy,11348.75
170,0.94,160,47.8,0,Short-Video-Reel,Broad-Entertainment,53,4,Android,Net-30,Sunny,6552.86
336.4,3.28,853,13,0,Static-Carousel,Broad-Entertainment,27,7,iOS,Net-15,Sunny,7654.47
304,5.94,585,13.3,0,Static-Carousel,Lifestyle-Warm,66,7,Android,Net-30,Sunny,11760.34
327.3,7.41,3218,25.7,25,YouTube-Deep-Dive,Lifestyle-Warm,53,22,iOS,Upfront,Cloudy,25857.47
173.8,6.51,3520,44.8,15,Short-Video-Reel,Broad-Entertainment,84,6,iOS,Net-30,Rainy,18883.83
62.6,0.82,296,27.9,15,Short-Video-Reel,Broad-Entertainment,120,12,Android,Net-30,Cloudy,5194.35
159.2,7.88,1888,8.4,5,YouTube-Deep-Dive,High-Intent-Niche,53,3,iOS,Net-15,Cloudy,18105.4
204.3,5.2,1761,28,10,Short-Video-Reel,Lifestyle-Warm,86,9,iOS,Net-15,Rainy,15249.67
276.6,6.01,993,15.1,20,Short-Video-Reel,Broad-Entertainment,153,17,iOS,Net-15,Sunny,15376.12
204.3,7.54,1724,20.3,15,Short-Video-Reel,Broad-Entertainment,54,11,iOS,Net-15,Rainy,15439.59
47.2,4.83,3272,18.7,20,Short-Video-Reel,Lifestyle-Warm,29,4,Android,Net-15,Sunny,15127.97
330.9,5.51,3711,45.8,5,YouTube-Deep-Dive,High-Intent-Niche,14,7,iOS,Upfront,Rainy,25585.65
382.4,4.07,2797,36.8,0,YouTube-Deep-Dive,Broad-Entertainment,106,10,iOS,Upfront,Sunny,18375.73
20.7,7.02,137,31.8,25,Short-Video-Reel,High-Intent-Niche,41,9,Android,Net-15,Cloudy,12856.71
15.2,8.39,2661,29,0,Short-Video-Reel,High-Intent-Niche,119,10,iOS,Net-30,Rainy,15078.37
84.1,4.74,4345,31.4,25,Short-Video-Reel,Lifestyle-Warm,46,20,iOS,Net-15,Sunny,18513.57
442.6,4.46,3551,34.9,15,Short-Video-Reel,Lifestyle-Warm,65,20,iOS,Upfront,Rainy,22991.26
85.1,1.17,732,8,5,Static-Carousel,High-Intent-Niche,86,5,Android,Net-15,Sunny,6347.7
238.3,0.98,2505,50.3,0,Short-Video-Reel,Lifestyle-Warm,108,18,Android,Net-15,Cloudy,13624.56
433.6,7.11,1760,32.3,20,Short-Video-Reel,Broad-Entertainment,20,18,iOS,Net-30,Sunny,21919.92
395.6,4.33,3538,51.1,0,YouTube-Deep-Dive,Lifestyle-Warm,12,24,Android,Net-15,Rainy,22295.64
359.8,8.06,2072,33,20,YouTube-Deep-Dive,Broad-Entertainment,99,3,iOS,Upfront,Sunny,22732.91
53.9,2.31,2167,26.2,20,YouTube-Deep-Dive,Broad-Entertainment,105,23,iOS,Upfront,Rainy,11839.68
442.7,6.99,3703,6.5,20,YouTube-Deep-Dive,Lifestyle-Warm,27,18,iOS,Upfront,Sunny,27074.33
260.6,8.96,3540,24.3,20,Static-Carousel,Lifestyle-Warm,94,7,Android,Net-15,Cloudy,21734.31
82.4,6.09,4033,23.3,10,Short-Video-Reel,Broad-Entertainment,88,14,iOS,Net-30,Sunny,15445.09
208,2.29,1071,11.9,25,Static-Carousel,High-Intent-Niche,17,6,iOS,Net-30,Cloudy,11632.72
110.6,5.1,2243,52.2,25,Short-Video-Reel,Lifestyle-Warm,111,20,iOS,Net-15,Rainy,16813.61
116,1.82,4250,47.7,10,Short-Video-Reel,Lifestyle-Warm,57,9,Android,Net-15,Rainy,16298.06
388.8,8.2,3139,34.2,5,YouTube-Deep-Dive,Broad-Entertainment,82,13,Android,Net-15,Sunny,25413.75
56.1,2.84,1376,32.3,5,Short-Video-Reel,Broad-Entertainment,57,12,iOS,Net-15,Cloudy,7642.21
60.8,9.03,3341,37.3,5,YouTube-Deep-Dive,Broad-Entertainment,84,17,Android,Upfront,Cloudy,16411.64
436.9,6.68,1090,39.5,10,YouTube-Deep-Dive,Broad-Entertainment,43,4,Android,Net-30,Cloudy,21601.65
440,7.44,355,44.6,10,Short-Video-Reel,Broad-Entertainment,116,6,Android,Upfront,Sunny,19316.84
386.7,2.23,221,11.8,0,Static-Carousel,Lifestyle-Warm,87,11,iOS,Upfront,Sunny,8576.85
398.5,5.34,1539,20.8,5,YouTube-Deep-Dive,Lifestyle-Warm,28,20,iOS,Net-30,Rainy,18890.15
231,5.28,1149,12.5,5,YouTube-Deep-Dive,Lifestyle-Warm,139,22,iOS,Upfront,Rainy,15300.97
259.1,1.68,596,49.4,15,Short-Video-Reel,Broad-Entertainment,38,12,Android,Net-15,Rainy,10540.27
283.4,8.16,1890,10.7,5,YouTube-Deep-Dive,High-Intent-Niche,100,23,Android,Upfront,Rainy,21898.66
228.6,2.39,432,47.8,5,Static-Carousel,Lifestyle-Warm,152,3,iOS,Upfront,Sunny,9232.38
252.6,1.11,1564,39.7,10,Static-Carousel,High-Intent-Niche,47,23,iOS,Upfront,Rainy,12705.95
347.1,3.73,2079,18.1,5,Short-Video-Reel,Broad-Entertainment,61,12,iOS,Upfront,Sunny,13690.6
415.2,6.26,231,31.9,25,YouTube-Deep-Dive,High-Intent-Niche,154,17,Android,Upfront,Rainy,23330.62
403.3,6.92,3408,54.9,25,Short-Video-Reel,Broad-Entertainment,146,3,iOS,Upfront,Sunny,26316.26
29.7,3.92,4229,26.5,20,Short-Video-Reel,Lifestyle-Warm,21,13,Android,Upfront,Rainy,16068.54
189.9,4.02,2607,45.2,20,Short-Video-Reel,Lifestyle-Warm,117,9,iOS,Upfront,Sunny,17017.43
61.7,9,3286,37,0,Short-Video-Reel,Lifestyle-Warm,90,24,iOS,Net-15,Cloudy,16973.97
437.9,3.28,1837,14.7,10,Static-Carousel,Broad-Entertainment,48,2,iOS,Upfront,Cloudy,13188.86
226.3,3.27,3771,48.6,15,YouTube-Deep-Dive,Broad-Entertainment,114,21,Android,Net-30,Sunny,19171.72
290.9,4.39,1593,16.3,5,YouTube-Deep-Dive,Broad-Entertainment,13,3,Android,Net-30,Sunny,13950.86
94.7,8.21,3143,53.1,0,YouTube-Deep-Dive,High-Intent-Niche,140,14,Android,Net-30,Rainy,20798.73
215.2,1.95,2939,21.9,20,Static-Carousel,High-Intent-Niche,28,17,Android,Upfront,Cloudy,15070.68
432.8,7.88,4037,17.6,25,Short-Video-Reel,Broad-Entertainment,63,8,iOS,Net-15,Rainy,26551.52
215.7,8.54,1830,9,25,Static-Carousel,Lifestyle-Warm,46,11,iOS,Net-30,Rainy,16747.93
174.8,2.35,856,15.3,5,Short-Video-Reel,High-Intent-Niche,126,19,iOS,Net-30,Cloudy,10292.06
184.6,6.54,2660,37,5,Static-Carousel,Lifestyle-Warm,13,23,iOS,Net-15,Cloudy,15721.12
65,7.82,3117,51.8,20,Short-Video-Reel,Broad-Entertainment,124,6,iOS,Net-15,Cloudy,16293.02
187.8,7.01,2561,16.6,0,Short-Video-Reel,Broad-Entertainment,153,6,Android,Net-15,Rainy,13991.15
398.4,5.08,3043,29.5,10,Short-Video-Reel,Lifestyle-Warm,78,10,iOS,Net-15,Sunny,20842.43
92.4,4.44,476,27.2,20,Short-Video-Reel,Broad-Entertainment,103,5,iOS,Net-30,Cloudy,9568.48
338.2,3.42,3499,35.9,25,Short-Video-Reel,Broad-Entertainment,19,8,iOS,Net-30,Cloudy,18803.86
41.9,4.55,610,13,20,Short-Video-Reel,Broad-Entertainment,40,13,Android,Upfront,Cloudy,7689.19
52.3,0.96,1677,37.1,5,Short-Video-Reel,Lifestyle-Warm,75,11,Android,Upfront,Sunny,9370.9
288.6,5.59,1893,8.4,5,Short-Video-Reel,Lifestyle-Warm,120,14,iOS,Upfront,Cloudy,16197.35
421,8.29,3230,53.8,0,Static-Carousel,High-Intent-Niche,21,17,Android,Net-15,Rainy,26440.65
259.2,7.04,2645,54.2,20,Short-Video-Reel,Lifestyle-Warm,140,8,iOS,Net-30,Cloudy,22681.69
187.1,4.09,1930,41,5,Static-Carousel,Lifestyle-Warm,60,15,Android,Upfront,Rainy,12152.48
205.3,6.42,1973,8.5,5,Short-Video-Reel,Broad-Entertainment,53,17,iOS,Net-15,Rainy,12833.71
248.6,1.82,3210,49.9,0,Short-Video-Reel,High-Intent-Niche,62,12,Android,Upfront,Rainy,17671.33
202.9,4.25,1817,13.5,5,YouTube-Deep-Dive,Lifestyle-Warm,113,19,iOS,Net-30,Rainy,14011.03
70.6,7.13,2730,36,20,YouTube-Deep-Dive,High-Intent-Niche,148,11,Android,Net-15,Rainy,20453.21
420.9,9.08,2932,7.7,20,Static-Carousel,Lifestyle-Warm,74,12,iOS,Net-30,Sunny,24675.63
222.9,7.55,3612,43.8,5,YouTube-Deep-Dive,Lifestyle-Warm,63,7,Android,Net-15,Sunny,22313.6
49.7,5.34,3730,19.4,20,Short-Video-Reel,High-Intent-Niche,117,18,iOS,Net-30,Rainy,18310.4
364.8,9.2,1613,46.2,0,Static-Carousel,Lifestyle-Warm,46,21,Android,Net-15,Cloudy,21311.37
325.6,5.81,2007,25.7,20,Static-Carousel,Lifestyle-Warm,27,10,iOS,Upfront,Cloudy,18275.81
46.7,3.85,249,11.8,10,Short-Video-Reel,Lifestyle-Warm,80,18,iOS,Upfront,Cloudy,7658.04
39,2.73,239,48.9,0,YouTube-Deep-Dive,Broad-Entertainment,153,3,Android,Net-30,Rainy,7810.92
313.3,1.63,848,45.1,25,Short-Video-Reel,Broad-Entertainment,110,9,Android,Net-30,Sunny,12569.89
341.9,8.92,280,30.3,0,Static-Carousel,Lifestyle-Warm,138,9,Android,Net-15,Cloudy,16145.52
395.1,3.73,868,26.9,5,Short-Video-Reel,Broad-Entertainment,65,15,Android,Net-15,Rainy,13097.17
211.9,2.71,707,51.2,10,Static-Carousel,Broad-Entertainment,144,2,iOS,Upfront,Sunny,8958.5
161.2,1.33,503,13.6,15,Static-Carousel,High-Intent-Niche,158,11,iOS,Net-30,Cloudy,8726.34
324.8,4.68,1301,35.7,0,Short-Video-Reel,Lifestyle-Warm,72,11,iOS,Net-15,Cloudy,15171.77
322.9,1.65,3433,11.2,20,YouTube-Deep-Dive,Broad-Entertainment,20,10,iOS,Net-15,Cloudy,16697.96
57.7,8.66,3208,28.6,20,Short-Video-Reel,Lifestyle-Warm,75,22,iOS,Net-15,Rainy,17800.36
141.1,7.8,3640,35.7,5,YouTube-Deep-Dive,Lifestyle-Warm,156,7,iOS,Net-30,Rainy,19737.3
223.9,2.47,1858,24.1,10,Short-Video-Reel,Lifestyle-Warm,43,2,iOS,Net-15,Sunny,12453.35
87.6,1.54,4262,30.6,5,Static-Carousel,High-Intent-Niche,121,22,iOS,Net-30,Rainy,14304.12
30.4,6.91,1486,11.4,5,YouTube-Deep-Dive,High-Intent-Niche,159,7,iOS,Net-15,Cloudy,14050.58
445.5,3.7,1014,14.7,25,Short-Video-Reel,Broad-Entertainment,69,15,iOS,Upfront,Sunny,15224.4
201.6,9.29,2477,18.1,10,Short-Video-Reel,High-Intent-Niche,121,9,Android,Upfront,Sunny,20592.79
176.2,2.37,1904,35.4,0,YouTube-Deep-Dive,High-Intent-Niche,144,10,Android,Net-15,Rainy,15315.04
44.3,2.33,3487,33.8,10,Short-Video-Reel,Broad-Entertainment,66,1,iOS,Net-15,Cloudy,11974.8
101.5,3.44,3870,54.5,25,YouTube-Deep-Dive,Broad-Entertainment,32,7,Android,Upfront,Rainy,18458.09
368.1,6.76,4045,32.9,25,Short-Video-Reel,Broad-Entertainment,100,19,Android,Net-30,Sunny,24428.22
254.8,6.47,2144,39.8,20,Short-Video-Reel,Broad-Entertainment,56,18,Android,Net-30,Rainy,18164.96
389,3.48,3244,15.7,15,Short-Video-Reel,Lifestyle-Warm,155,23,iOS,Net-15,Cloudy,18914.14
376.2,5.82,4011,24.7,0,Short-Video-Reel,Broad-Entertainment,114,12,iOS,Net-30,Rainy,20294.93
360.9,6.9,1227,31.2,10,Static-Carousel,Lifestyle-Warm,14,21,Android,Net-30,Cloudy,17478
340.6,7.61,1936,28.1,25,Short-Video-Reel,Broad-Entertainment,42,22,iOS,Net-30,Cloudy,21191.62
102,2.48,1193,41.1,15,Short-Video-Reel,Broad-Entertainment,57,5,Android,Net-30,Sunny,9513.27
316.5,6.7,2110,15.6,10,Short-Video-Reel,Lifestyle-Warm,54,18,iOS,Upfront,Rainy,17905.52
75.9,0.91,1310,30.7,20,YouTube-Deep-Dive,Lifestyle-Warm,133,7,iOS,Upfront,Sunny,11298.47
181.7,3.95,2524,47.8,10,Static-Carousel,High-Intent-Niche,95,19,Android,Net-15,Sunny,16151.94
367.8,1.29,4480,26.4,15,Short-Video-Reel,Lifestyle-Warm,73,2,Android,Net-15,Sunny,18184.47
412.1,7.45,4208,34.7,20,Short-Video-Reel,Broad-Entertainment,83,21,Android,Net-15,Cloudy,26531.52
389.9,4.41,175,41,10,Short-Video-Reel,Lifestyle-Warm,14,7,Android,Net-15,Sunny,15614.62
109.1,5.2,3103,21.1,10,Short-Video-Reel,Lifestyle-Warm,152,16,Android,Upfront,Cloudy,14862.53
244.5,3.33,900,27.7,15,Short-Video-Reel,Broad-Entertainment,26,4,iOS,Upfront,Cloudy,11216.93
138.7,2.24,351,20.4,15,Short-Video-Reel,High-Intent-Niche,26,8,Android,Upfront,Cloudy,11003.31
61.6,7.69,1922,36.4,5,Static-Carousel,Broad-Entertainment,127,5,iOS,Upfront,Cloudy,10258.12
264.4,6,1599,46.7,10,YouTube-Deep-Dive,Lifestyle-Warm,72,2,iOS,Net-30,Cloudy,19055.6
238,5.53,2165,24.6,20,Static-Carousel,Lifestyle-Warm,79,1,Android,Net-15,Rainy,15921.2
340.7,7.82,3693,34.1,10,YouTube-Deep-Dive,Broad-Entertainment,56,15,Android,Upfront,Sunny,24076.38
71.4,3.64,2287,31.2,5,YouTube-Deep-Dive,Broad-Entertainment,106,16,iOS,Net-30,Sunny,11801.55
180.4,2.58,3021,46.9,10,YouTube-Deep-Dive,High-Intent-Niche,87,21,iOS,Upfront,Sunny,19711.9
75.1,7.31,2950,18.3,15,Short-Video-Reel,High-Intent-Niche,65,15,iOS,Net-15,Rainy,17318.22
144.6,7.94,883,38.4,5,Static-Carousel,Lifestyle-Warm,64,21,Android,Upfront,Sunny,13012.21
328.2,4.8,968,54.1,15,Static-Carousel,High-Intent-Niche,122,14,iOS,Net-30,Sunny,18166.82
308.3,5.05,1006,30.2,25,Short-Video-Reel,Broad-Entertainment,31,17,Android,Upfront,Sunny,15163.87
30.6,8.71,3535,41.7,20,Short-Video-Reel,Lifestyle-Warm,153,10,Android,Net-30,Cloudy,18147.95
151.5,7.98,251,29.7,5,Short-Video-Reel,Broad-Entertainment,148,8,Android,Net-30,Rainy,11493.22
217.8,1.91,2387,25.9,10,Short-Video-Reel,Lifestyle-Warm,136,2,Android,Net-15,Cloudy,12841.68
254.9,6.07,868,43.4,20,YouTube-Deep-Dive,Broad-Entertainment,21,24,iOS,Net-15,Sunny,17471.7
423.3,5.61,3462,39.2,0,YouTube-Deep-Dive,High-Intent-Niche,47,7,iOS,Upfront,Cloudy,26022.6
172.4,6.51,1951,26.9,20,Short-Video-Reel,Lifestyle-Warm,67,5,Android,Net-15,Sunny,16733.59
279.9,5.28,2959,27.8,25,Short-Video-Reel,High-Intent-Niche,126,20,iOS,Net-15,Rainy,22449.31
243.9,1.58,3397,6.7,20,Short-Video-Reel,Lifestyle-Warm,131,22,Android,Net-30,Cloudy,14876.8
313.5,7.09,2391,35.3,10,Short-Video-Reel,Broad-Entertainment,82,5,Android,Net-15,Rainy,19236.76
49.4,2.22,641,23,20,Short-Video-Reel,High-Intent-Niche,31,23,iOS,Net-15,Sunny,9942.9
279.4,5.79,808,11.7,5,Static-Carousel,Lifestyle-Warm,57,20,iOS,Upfront,Rainy,12275.88
447.1,6.29,3328,52.2,10,Static-Carousel,Lifestyle-Warm,58,10,iOS,Net-15,Sunny,23185.81
427.1,5.91,171,30.4,0,YouTube-Deep-Dive,Lifestyle-Warm,133,5,Android,Net-15,Sunny,18580.76
269.2,7.99,3334,10,25,Static-Carousel,Broad-Entertainment,59,9,Android,Net-15,Cloudy,18917.08
37.4,2.25,520,20.7,0,Static-Carousel,High-Intent-Niche,108,13,iOS,Net-15,Sunny,6229.41
295.6,8.43,2606,20.6,25,Short-Video-Reel,Lifestyle-Warm,93,7,Android,Net-15,Sunny,22508.12
146.9,6.87,542,27.1,10,Static-Carousel,Lifestyle-Warm,89,7,iOS,Net-15,Cloudy,10504.21
447.2,8.1,3493,15.2,10,Short-Video-Reel,Broad-Entertainment,118,13,Android,Net-30,Cloudy,24878.57
240.7,5.85,1430,24,20,Static-Carousel,Broad-Entertainment,56,24,Android,Upfront,Sunny,13302.82
226.2,0.95,3689,13.5,25,YouTube-Deep-Dive,Broad-Entertainment,54,6,iOS,Upfront,Sunny,15590.46
415.9,1.86,885,18.9,20,Static-Carousel,High-Intent-Niche,101,23,Android,Net-30,Rainy,13868.84
191.4,7.96,1297,30,25,Short-Video-Reel,Lifestyle-Warm,113,18,Android,Net-30,Cloudy,17835.49
422.7,2.75,3139,40.2,10,YouTube-Deep-Dive,Lifestyle-Warm,33,17,iOS,Upfront,Rainy,20454.45
199.2,3.15,3428,15.6,25,Static-Carousel,Broad-Entertainment,84,3,Android,Net-30,Cloudy,13599.87
85.6,5.56,1445,53.6,10,YouTube-Deep-Dive,Broad-Entertainment,19,22,iOS,Net-15,Cloudy,13246.64
109.4,3.24,651,11.3,15,YouTube-Deep-Dive,Broad-Entertainment,22,5,Android,Net-30,Cloudy,9541.83
417.9,6.16,1454,10.3,5,Short-Video-Reel,Lifestyle-Warm,110,14,iOS,Upfront,Sunny,18351.82
284.3,4.83,2364,42.6,15,Short-Video-Reel,Broad-Entertainment,142,17,iOS,Upfront,Sunny,16226.79
158.8,4.56,394,36.7,0,Short-Video-Reel,Lifestyle-Warm,73,1,Android,Net-15,Sunny,10195.99
110.4,8.45,2110,9.3,20,YouTube-Deep-Dive,Lifestyle-Warm,75,13,iOS,Net-30,Rainy,17171.79
31,7.54,546,22,25,Short-Video-Reel,Broad-Entertainment,135,6,Android,Net-30,Rainy,9633
253.3,2.79,798,11.4,25,Static-Carousel,Lifestyle-Warm,135,10,iOS,Upfront,Rainy,10605.22